EMP_ID,CURRENT_EMP_YN,AGE,TENURE_DAYS,IS_LEAVER,AGE_AT_HIRING,TENURE_TO_AGE_RATIO,PRIOR_CAREER_DAYS,NUM_PRIOR_COMPANIES,PRIOR_CAREER_RELEVANCE_RATIO,AVG_TENURE_PER_COMPANY,IS_STEM_MAJOR,NUM_DEP_CHANGES,AVG_DEP_TENURE_DAYS,DAYS_SINCE_LAST_DEP_CHANGE,NUM_PROMOTIONS,AVG_PROMOTION_SPEED_DAYS,DAYS_SINCE_LAST_PROMOTION,PROMOTION_RATE,NUM_PROJECTS,AVG_PROJECT_DURATION,LATEST_TOTAL_PAY,AVG_YOY_GROWTH,AVG_VARIABLE_PAY_RATIO,LATEST_EVAL_SCORE,AVG_EVAL_SCORE,EVAL_SCORE_STDDEV,EVAL_SCORE_TREND,EVAL_SCORE_1Y,EVAL_SCORE_2Y,AVG_OVERTIME_MINUTES,AVG_NIGHT_WORK_MINUTES,OVERTIME_1Y,OVERTIME_2Y,TOTAL_LEAVE_DAYS,SICK_LEAVE_RATIO,AVG_LEAVE_TERM,TOTAL_ABSENCE_DAYS,NUM_ABSENCES,GENDER_M,NATIONALITY_Other,HIGHEST_DEGREE_박사,HIGHEST_DEGREE_석사,HIGHEST_DEGREE_전문학사,HIGHEST_DEGREE_학사,FINAL_MAJOR_CATEGORY_Unknown,FINAL_MAJOR_CATEGORY_기타,FINAL_MAJOR_CATEGORY_기타공학계열,FINAL_MAJOR_CATEGORY_디자인계열,FINAL_MAJOR_CATEGORY_사회과학계열,FINAL_MAJOR_CATEGORY_상경계열,FINAL_MAJOR_CATEGORY_어문계열,FINAL_MAJOR_CATEGORY_인문계열,FINAL_MAJOR_CATEGORY_자연과학계열,FINAL_SCHOOL_LEVEL_1.0,FINAL_SCHOOL_LEVEL_2.0,FINAL_SCHOOL_LEVEL_3.0,FINAL_SCHOOL_LEVEL_4.0,LATEST_TITLE_INFO_Member,LATEST_OFFICE_NAME_Engineering Office,LATEST_OFFICE_NAME_Finance Office,LATEST_OFFICE_NAME_Global Sales Office,LATEST_OFFICE_NAME_Marketing Office,LATEST_OFFICE_NAME_Production Office,LATEST_OFFICE_NAME_QA Office,LATEST_OFFICE_NAME_R&D Office,LATEST_OFFICE_NAME_Strategy Office,LATEST_OFFICE_NAME_Unknown,LATEST_POSITION_NAME_Director,LATEST_POSITION_NAME_Manager,LATEST_POSITION_NAME_Staff
E00001,N,44,2063,1,32.46543463381246,0.12836786758758012,817.0,3.0,0.3333333333333333,272.3333333333333,0.0,1,2062.0,4278,1.0,1053.0,3268.0,0.1770479883664566,0.0,0.0,0.0,0.0,0.0,0.0,0.0,0.0,0.0,0.0,0.0,0.0,0.0,0.0,0.0,0.0,0.0,0.0,0.0,0.0,True,False,False,True,False,False,False,False,False,False,True,False,False,False,False,True,False,False,False,True,False,False,False,False,False,False,False,True,False,False,True,False
E00002,Y,28,2016,0,23.06365503080082,0.1971252566735113,0.0,0.0,0.0,0.0,0.0,3,671.3333333333334,1077,0.0,0.0,0.0,0.0,0.0,0.0,83820703.0,11.201666666666666,22.51,78.16,59.48555555555556,17.949385164338576,4.835584022944825,78.16,68.81333333333333,12.6285140562249,0.0,10.280898876404494,13.88365650969529,107.5,0.023255813953488372,0.9033613445378151,0.0,0.0,True,True,False,False,True,False,False,False,False,False,False,True,False,False,False,False,False,False,True,True,False,False,False,False,False,False,False,False,True,False,False,True
E00003,Y,44,1409,0,40.75564681724846,0.08767344906975297,1870.0,2.0,0.0,935.0,0.0,2,704.0,712,1.0,346.0,346.0,0.2592264017033357,0.0,0.0,74784314.0,3.835,26.6475,42.5,76.25714285714285,17.325901337098085,-5.855465579803856,42.5,70.96666666666667,20.764957264957264,0.0,29.772972972972973,30.816216216216215,65.0,0.05384615384615385,0.8783783783783784,0.0,0.0,True,False,False,True,False,False,False,False,True,False,False,False,False,False,False,False,True,False,False,True,False,False,False,False,False,False,False,True,False,False,True,False
E00004,Y,31,282,0,30.94318959616701,0.02490561038616944,409.0,1.0,1.0,409.0,1.0,1,282.0,282,0.0,0.0,0.0,0.0,0.0,0.0,39238880.0,0.0,18.15,71.8,71.8,0.0,0.0,71.8,71.8,13.86231884057971,0.0,13.86231884057971,13.86231884057971,14.0,0.0,0.9333333333333333,0.0,0.0,True,False,False,False,False,True,False,False,False,False,False,False,False,False,False,False,True,False,False,True,False,True,False,False,False,False,False,False,False,False,False,True
E00005,N,40,1150,1,29.927446954141,0.07871321013004791,0.0,0.0,0.0,0.0,0.0,2,447.0,3452,0.0,0.0,0.0,0.0,0.0,0.0,0.0,0.0,0.0,0.0,0.0,0.0,0.0,0.0,0.0,0.0,0.0,0.0,0.0,0.0,0.0,0.0,0.0,0.0,True,False,False,True,False,False,False,False,False,False,False,False,True,False,False,False,False,True,False,False,False,False,False,False,False,False,False,False,True,False,False,True
E00006,N,39,3289,1,25.467488021902806,0.23089208304814055,182.0,1.0,1.0,182.0,0.0,3,821.5,3909,1.0,1957.0,3634.0,0.11105199148677411,0.0,0.0,26073596.0,-6.595,6.94,52.3,52.3,0.0,0.0,0.0,0.0,70.93004115226337,1.2592592592592593,0.0,0.0,34.5,0.043478260869565216,0.8625,0.0,0.0,True,True,False,False,True,False,False,False,False,False,True,False,False,False,False,False,False,False,True,True,False,False,False,False,False,False,False,False,True,False,False,True
E00007,N,32,1434,1,22.9596167008898,0.12268993839835729,1789.0,3.0,0.0,596.3333333333334,0.0,2,716.0,2995,1.0,377.0,2357.0,0.2547071129707113,0.0,0.0,35175813.0,0.0,0.0,0.0,0.0,0.0,0.0,0.0,0.0,-44.63333333333333,0.0,0.0,0.0,18.0,0.1111111111111111,0.9473684210526315,0.0,0.0,True,False,False,False,False,True,False,False,False,False,False,False,False,True,False,False,False,True,False,True,False,False,False,False,False,False,False,False,True,False,True,False
E00008,Y,44,2400,0,38.0041067761807,0.14933731566175099,2951.0,3.0,0.0,983.6666666666666,0.0,1,1831.5,1553,2.0,630.0,346.0,0.304375,0.0,0.0,117435930.0,8.301666666666668,24.53,85.58,73.26777777777778,24.34691858212132,2.2916825599391593,85.58,68.26333333333334,33.266363636363636,0.8545454545454545,34.66477272727273,34.23160762942779,99.5,0.06532663316582915,0.8728070175438597,0.0,0.0,False,True,False,False,False,True,False,False,False,False,False,False,False,True,False,False,True,False,False,False,False,False,False,False,False,False,False,False,True,True,False,False
E00009,N,38,2439,1,24.960985626283367,0.1757267913109262,0.0,0.0,0.0,0.0,0.0,3,812.0,3726,1.0,856.0,3268.0,0.1497539975399754,0.0,0.0,0.0,0.0,0.0,0.0,0.0,0.0,0.0,0.0,0.0,0.0,0.0,0.0,0.0,0.0,0.0,0.0,0.0,0.0,False,False,False,False,False,True,False,True,False,False,False,False,False,False,False,False,False,True,False,True,False,False,False,False,False,False,False,False,True,False,True,False
E00010,Y,32,932,0,30.069815195071868,0.07973990417522245,1762.0,3.0,0.3333333333333333,587.3333333333334,0.0,1,932.0,932,0.0,0.0,0.0,0.0,0.0,0.0,74610362.0,3.7833333333333337,19.74,54.44,46.326,5.912984018243241,2.0040293417400146,54.44,45.96333333333333,32.84342379958246,0.0,34.618556701030926,33.9238845144357,48.5,0.020618556701030927,0.9150943396226415,0.0,0.0,False,False,False,False,False,True,False,False,False,False,False,False,True,False,False,False,True,False,False,True,False,False,False,False,False,False,False,False,True,False,False,True
E00011,N,26,493,1,24.48186173853525,0.05191386300215869,856.0,2.0,0.0,428.0,0.0,1,493.0,727,0.0,0.0,0.0,0.0,2.0,194.0,19617225.0,-13.605,18.76,82.5,75.2875,5.250138887051785,3.69624371055393,82.5,75.26666666666667,-27.965811965811966,0.0,-44.094339622641506,-27.965811965811966,46.0,0.09782608695652174,0.9019607843137255,169.0,1.0,False,True,False,True,False,False,False,False,False,False,False,False,False,True,False,False,True,False,False,True,False,False,False,False,False,False,False,False,True,False,False,True
E00012,Y,25,4092,0,14.584531143052704,0.44813141683778235,462.0,2.0,0.5,231.0,0.0,2,2045.5,3634,2.0,1451.0,1077.0,0.17851906158357772,0.0,0.0,128156710.0,6.2316666666666665,25.378333333333334,45.04,74.60888888888888,18.4449128789244,-1.406217338255788,45.04,68.28,29.139138240574507,0.0,28.36842105263158,29.407608695652176,105.0,0.01904761904761905,0.9130434782608695,0.0,0.0,True,False,False,False,False,False,True,False,False,False,False,False,False,False,False,False,False,False,False,True,False,False,False,False,False,False,False,False,True,False,True,False
E00013,Y,30,3072,0,21.880903490759753,0.28035592060232717,758.0,2.0,0.5,379.0,0.0,3,1023.3333333333334,1899,1.0,712.0,712.0,0.118896484375,0.0,0.0,82459117.0,7.3500000000000005,23.804999999999996,28.38,63.47666666666666,23.02256610371659,1.6354224488983284,28.38,65.05333333333333,10.434115523465705,0.0,13.668571428571429,12.18732782369146,99.0,0.010101010101010102,0.8761061946902655,0.0,0.0,False,False,False,False,False,True,False,False,False,True,False,False,False,False,False,True,False,False,False,True,False,False,False,False,False,False,False,False,True,False,True,False
E00014,N,45,1122,1,32.23271731690623,0.06826374629249372,0.0,0.0,0.0,0.0,0.0,1,1122.0,4675,0.0,0.0,0.0,0.0,0.0,0.0,0.0,0.0,0.0,0.0,0.0,0.0,0.0,0.0,0.0,0.0,0.0,0.0,0.0,0.0,0.0,0.0,0.0,0.0,True,False,False,False,False,True,False,False,False,False,False,False,False,False,True,False,False,True,False,False,False,False,False,False,False,False,False,False,True,False,True,False
E00015,N,30,171,1,27.668720054757017,0.015605749486652977,0.0,0.0,0.0,0.0,0.0,1,171.0,903,0.0,0.0,0.0,0.0,0.0,0.0,19854839.0,0.0,0.0,53.4,50.25,4.454772721475248,12.56557377048937,0.0,0.0,-47.15068493150685,0.0,0.0,0.0,21.5,0.3023255813953488,0.8958333333333334,0.0,0.0,True,False,False,False,False,True,False,True,False,False,False,False,False,False,False,False,False,True,False,True,False,False,False,False,False,False,False,False,True,False,False,True
E00016,N,37,875,1,33.50855578370979,0.0647464713173132,0.0,0.0,0.0,0.0,1.0,2,436.5,896,1.0,31.0,530.0,0.4174285714285714,0.0,0.0,24946728.0,-3.8233333333333337,13.65,53.38,52.92333333333334,7.66751502552598,-1.8251389210047053,0.0,55.74,8.933025404157044,0.0,0.0,8.070796460176991,58.0,0.0,0.8923076923076924,0.0,0.0,False,False,False,True,False,False,False,False,False,False,False,False,False,False,False,False,False,True,False,True,False,False,False,False,False,False,False,False,True,False,True,False
E00017,N,44,1263,1,40.59411362080767,0.07858876236699645,0.0,0.0,0.0,0.0,0.0,3,451.75,73,0.0,0.0,0.0,0.0,0.0,0.0,40950768.0,-1.2700000000000005,21.9775,39.05,71.50857142857143,16.69555073322574,-11.386849134877417,39.05,61.92666666666667,32.369969040247675,0.5619195046439629,95.97202797202797,55.07250755287009,68.5,0.014598540145985401,0.8896103896103896,0.0,0.0,False,False,False,False,False,True,False,True,False,False,False,False,False,False,False,False,False,True,False,False,False,False,False,False,False,False,False,False,True,False,True,False
E00018,N,34,4226,1,19.537303216974674,0.34029874783589,0.0,0.0,0.0,0.0,0.0,1,2112.0,5214,2.0,1259.5,1807.0,0.17285849503076195,0.0,0.0,79473787.0,-1.25,14.823333333333332,40.0,47.42,8.596092135383381,-7.208221265158745,0.0,0.0,47.22346368715084,1.1471135940409682,0.0,0.0,45.0,0.06666666666666667,0.9,0.0,0.0,True,False,False,False,False,False,True,False,False,False,False,False,False,False,False,False,False,False,False,True,False,False,False,False,False,False,True,False,False,False,True,False
E00019,Y,43,980,0,41.10335386721424,0.06239752956719673,2181.0,1.0,0.0,2181.0,0.0,1,980.0,980,0.0,0.0,0.0,0.0,0.0,0.0,80964865.0,13.653333333333334,20.186666666666667,67.79,51.616,22.038383107660145,25.068527269070927,67.79,67.14,29.11967545638945,1.075050709939148,31.875706214689266,30.02724795640327,62.0,0.06451612903225806,0.9117647058823529,0.0,0.0,False,False,False,False,False,True,False,False,False,False,False,True,False,False,False,False,False,True,False,False,False,False,False,False,False,False,False,False,True,False,True,False
E00020,N,40,2478,1,26.587268993839835,0.16960985626283367,0.0,0.0,0.0,0.0,0.0,2,825.0,3452,0.0,0.0,0.0,0.0,0.0,0.0,0.0,0.0,0.0,0.0,0.0,0.0,0.0,0.0,0.0,0.0,0.0,0.0,0.0,0.0,0.0,0.0,0.0,0.0,True,True,False,True,False,False,False,False,False,False,True,False,False,False,False,False,False,True,False,True,False,False,False,False,False,False,False,False,False,False,False,True
E00021,Y,30,943,0,28.27378507871321,0.08605977640885239,0.0,0.0,0.0,0.0,0.0,2,471.0,438,0.0,0.0,0.0,0.0,0.0,0.0,56208627.0,9.756666666666666,24.423333333333332,93.35,72.896,14.994650045933046,18.801298783693593,93.35,82.36333333333333,21.965665236051503,0.3776824034334764,32.244791666666664,24.860655737704917,58.0,0.0603448275862069,0.8787878787878788,0.0,0.0,True,True,False,False,False,True,False,False,False,False,False,False,False,True,False,True,False,False,False,True,False,False,False,False,False,False,False,False,True,False,False,True
E00022,N,25,190,1,24.88158795345654,0.02080766598220397,0.0,0.0,0.0,0.0,0.0,1,189.0,308,0.0,0.0,0.0,0.0,0.0,0.0,21414039.0,0.0,0.0,58.24,58.24,0.0,0.0,58.24,58.24,3.4285714285714284,0.0,3.4285714285714284,3.4285714285714284,23.0,0.08695652173913043,1.0,0.0,0.0,False,True,False,False,False,True,False,True,False,False,False,False,False,False,False,False,False,True,False,True,False,False,False,False,False,False,False,False,True,False,False,True
E00023,N,41,2297,1,33.648186173853524,0.1533864209278643,0.0,0.0,0.0,0.0,1.0,4,573.5,1442,1.0,90.0,712.0,0.1590117544623422,0.0,0.0,16675856.0,4.646000000000001,21.854,89.36,81.38571428571429,8.909490926614637,3.131649085269504,0.0,89.36,18.017567567567568,0.0,0.0,5.439024390243903,95.0,0.010526315789473684,0.8796296296296297,0.0,0.0,False,False,False,False,False,True,False,False,False,False,False,False,False,False,False,False,False,True,False,True,False,False,False,False,False,False,False,False,True,True,False,False
E00024,N,30,5212,1,15.865845311430528,0.4756559434177504,501.0,2.0,0.5,250.5,0.0,1,2646.5,5087,3.0,1194.0,346.0,0.21023599386032232,1.0,648.0,85599818.0,4.911666666666667,21.655,52.25,66.05111111111111,17.616283266089674,-8.028179554657026,52.25,51.300000000000004,9.706976744186047,0.0,9.39240506329114,11.014836795252226,118.5,0.03375527426160337,0.9330708661417323,81.0,1.0,False,False,False,False,False,False,True,False,False,False,False,False,False,False,False,False,False,False,False,False,False,False,False,False,False,False,False,False,True,False,True,False
E00025,N,27,1810,1,14.715947980835045,0.18353740461885568,768.0,3.0,0.3333333333333333,256.0,0.0,2,904.0,4091,1.0,961.0,3999.0,0.20179558011049725,0.0,0.0,0.0,0.0,0.0,0.0,0.0,0.0,0.0,0.0,0.0,0.0,0.0,0.0,0.0,0.0,0.0,0.0,0.0,0.0,False,True,False,False,False,False,True,False,False,False,False,False,False,False,False,False,False,False,False,True,False,False,False,False,False,False,False,False,True,False,True,False
E00026,Y,34,138,0,34.05612594113621,0.011112453194830294,463.0,1.0,0.0,463.0,0.0,1,138.0,138,0.0,0.0,0.0,0.0,0.0,0.0,23744601.0,0.0,17.2,0.0,0.0,0.0,0.0,0.0,0.0,11.685714285714285,0.0,11.685714285714285,11.685714285714285,16.0,0.0,1.0,0.0,0.0,False,True,False,False,False,True,False,False,False,False,True,False,False,False,False,False,True,False,False,True,False,False,False,False,False,False,False,False,True,False,False,True
E00027,N,40,852,1,31.854893908281998,0.05831622176591376,0.0,0.0,0.0,0.0,0.0,2,425.5,2265,0.0,0.0,0.0,0.0,0.0,0.0,2021864.0,0.0,0.0,0.0,0.0,0.0,0.0,0.0,0.0,-60.0,0.0,0.0,0.0,16.5,0.18181818181818182,0.9166666666666666,0.0,0.0,False,True,False,False,False,True,False,False,False,False,False,False,False,True,False,True,False,False,False,True,False,False,False,False,False,False,False,False,True,False,True,False
E00028,N,39,888,1,29.078713210130047,0.062338756383930924,0.0,0.0,0.0,0.0,0.0,2,443.0,2903,0.0,0.0,0.0,0.0,0.0,0.0,0.0,0.0,0.0,0.0,0.0,0.0,0.0,0.0,0.0,0.0,0.0,0.0,0.0,0.0,0.0,0.0,0.0,0.0,True,False,False,False,False,True,False,False,False,False,False,False,False,False,True,False,True,False,False,True,False,False,False,False,False,True,False,False,False,False,False,True
E00029,Y,42,505,0,41.56331279945243,0.03291939636908836,1393.0,1.0,1.0,1393.0,0.0,1,252.0,438,0.0,0.0,0.0,0.0,0.0,0.0,69390131.0,4.59,22.27,97.6,89.04499999999999,12.098597026101833,34.31401098900196,97.6,89.04499999999999,10.7375,0.0,9.475409836065573,10.7375,38.0,0.02631578947368421,0.8837209302325582,0.0,0.0,True,True,False,False,True,False,False,False,False,False,False,False,False,False,True,False,False,False,True,True,False,False,False,False,False,False,False,False,True,False,True,False
E00030,N,39,2586,1,28.750171115674195,0.18154056757752857,1681.0,3.0,0.6666666666666666,560.3333333333334,0.0,1,2585.0,3984,2.0,569.5,1442.0,0.28248259860788866,0.0,0.0,12154340.0,3.8333333333333335,15.016666666666666,64.0,73.70666666666666,18.85733102359221,2.3795374253024373,0.0,0.0,61.52209944751381,1.511049723756906,0.0,0.0,55.0,0.0,0.9166666666666666,0.0,0.0,False,False,False,False,True,False,False,False,False,False,True,False,False,False,False,False,False,False,True,True,False,False,False,False,False,False,False,False,True,True,False,False
E00031,Y,39,1411,0,35.27720739219713,0.09905403745239474,2211.0,2.0,0.0,1105.5,0.0,2,705.0,712,0.0,0.0,0.0,0.0,1.0,363.5,87048451.0,2.445,22.6,67.6,58.77428571428572,17.44219200401033,-3.823797278404763,67.6,47.416666666666664,11.489568845618916,0.0,6.574468085106383,9.761517615176151,69.5,0.014388489208633094,0.9266666666666666,184.0,2.0,True,True,False,False,False,True,False,False,False,False,False,False,True,False,False,False,False,True,False,True,False,False,False,False,True,False,False,False,False,True,False,False
E00032,N,31,2410,1,17.505817932922657,0.21284581925768917,1424.0,1.0,0.0,1424.0,0.0,3,601.75,4274,1.0,1177.0,3999.0,0.15155601659751036,0.0,0.0,0.0,0.0,0.0,0.0,0.0,0.0,0.0,0.0,0.0,0.0,0.0,0.0,0.0,0.0,0.0,0.0,0.0,0.0,False,False,False,False,False,False,True,False,False,False,False,False,False,False,False,False,False,False,False,True,False,False,False,False,False,False,False,False,True,False,True,False
E00033,N,37,117,1,36.92265571526352,0.008657528164715022,0.0,0.0,0.0,0.0,0.0,1,116.0,134,0.0,0.0,0.0,0.0,0.0,0.0,15350731.0,0.0,0.0,0.0,0.0,0.0,0.0,0.0,0.0,30.86,0.0,30.86,30.86,13.0,0.0,0.8125,0.0,0.0,True,False,False,False,True,False,False,False,False,False,False,True,False,False,False,False,False,False,True,True,False,False,False,False,False,False,False,True,False,False,True,False
E00034,Y,29,2271,0,23.520876112251884,0.21440203922679318,1911.0,2.0,0.0,955.5,0.0,3,756.3333333333334,1169,1.0,346.0,346.0,0.1608322324966975,0.0,0.0,93471528.0,8.475,22.25,94.0,58.885555555555555,20.489262499606415,7.507038022842297,94.0,74.22333333333334,-54.965641952983724,0.0,6.514285714285714,9.073239436619719,113.0,0.017699115044247787,0.9338842975206612,0.0,0.0,True,True,False,False,True,False,False,False,False,False,False,False,False,False,True,False,False,False,True,True,False,False,False,False,False,False,False,False,True,False,True,False
E00035,Y,30,2165,0,24.802190280629706,0.19758156513803332,0.0,0.0,0.0,0.0,0.0,3,721.0,987,2.0,538.0,165.0,0.33741339491916855,0.0,0.0,72510089.0,10.729999999999999,24.603333333333335,94.2,68.80777777777777,14.681420041823081,3.341220052667359,94.2,72.88666666666667,10.749544626593806,0.0,8.17989417989418,11.261096605744125,107.0,0.009345794392523364,0.9553571428571429,0.0,0.0,False,False,False,False,False,True,False,False,False,True,False,False,False,False,False,False,False,True,False,True,True,False,False,False,False,False,False,False,False,False,True,False
E00036,Y,36,4971,0,22.869267624914443,0.378051562856491,0.0,0.0,0.0,0.0,0.0,1,4971.0,4971,2.0,1816.5,1077.0,0.14695232347616174,0.0,0.0,97556258.0,9.273333333333333,26.143333333333334,58.72,78.69222222222223,21.75913703354167,-5.565490012188431,58.72,62.43333333333334,-48.422974176313446,0.0,10.043715846994536,9.60490463215259,127.0,0.015748031496062992,1.0,0.0,0.0,True,False,False,False,False,True,False,False,False,False,False,False,False,True,False,False,False,True,False,True,False,False,False,False,False,False,False,False,True,False,True,False
E00037,N,39,737,1,36.336755646817245,0.0517383597465733,0.0,0.0,0.0,0.0,0.0,1,736.0,1324,0.0,0.0,0.0,0.0,0.0,0.0,16194722.0,-5.913333333333334,13.236666666666666,52.28,51.484,5.522669644293416,-2.735946148694525,0.0,52.28,11.045197740112995,0.0,0.0,12.424242424242424,56.5,0.017699115044247787,0.8828125,0.0,0.0,True,False,False,True,False,False,False,True,False,False,False,False,False,False,False,False,False,True,False,True,False,False,False,False,False,False,False,False,True,False,True,False
E00038,N,30,573,1,24.334017796030118,0.052292950034223136,0.0,0.0,0.0,0.0,0.0,1,573.0,2231,0.0,0.0,0.0,0.0,0.0,0.0,16874194.0,-8.425,7.085,54.82,54.82,0.0,0.0,0.0,0.0,-118.90225563909775,0.424812030075188,0.0,0.0,39.0,0.02564102564102564,1.0,0.0,0.0,False,False,False,False,True,False,False,False,False,False,False,False,False,True,False,False,False,False,True,True,False,False,False,False,False,False,False,False,True,False,False,True
E00039,Y,31,1298,0,28.205338809034906,0.11463646199024088,0.0,0.0,0.0,0.0,0.0,2,648.5,621,1.0,165.0,165.0,0.2813944530046225,0.0,0.0,56237370.0,3.8149999999999995,26.552500000000002,90.4,75.68857142857142,15.275360801599666,-2.7065735260513057,90.4,70.22,17.781701444622794,0.2825040128410915,19.46195652173913,22.781163434903046,71.0,0.028169014084507043,0.8987341772151899,0.0,0.0,True,True,False,False,True,False,False,False,False,False,True,False,False,False,False,False,False,False,True,True,False,False,False,False,False,False,False,False,True,False,True,False
E00040,N,33,1486,1,22.587268993839835,0.1232862505963122,1836.0,3.0,0.0,612.0,0.0,3,494.3333333333333,2722,0.0,0.0,0.0,0.0,0.0,0.0,0.0,0.0,0.0,0.0,0.0,0.0,0.0,0.0,0.0,0.0,0.0,0.0,0.0,0.0,0.0,0.0,130.0,1.0,True,False,False,False,False,True,False,True,False,False,False,False,False,False,False,True,False,False,False,True,False,False,False,False,False,False,False,False,True,False,True,False
E00041,N,42,4157,1,30.04243668720055,0.2709820410025749,0.0,0.0,0.0,0.0,0.0,2,1780.6666666666667,2813,1.0,1673.0,2173.0,0.08786384411835457,0.0,0.0,53792060.0,5.8580000000000005,18.058,58.92,62.2275,6.5785338140696,-0.3312522945479489,0.0,65.72,28.708382526564346,0.3530106257378985,0.0,95.10655737704919,76.0,0.013157894736842105,0.9047619047619048,0.0,0.0,True,True,False,False,False,True,False,False,False,False,False,False,False,False,True,False,False,True,False,True,False,False,False,False,False,False,False,False,True,False,True,False
E00042,N,35,4474,1,22.60369609856263,0.3499755549036863,1028.0,2.0,1.0,514.0,0.0,1,2236.5,4183,1.0,2174.0,2357.0,0.08163835493965133,0.0,0.0,56150041.0,7.349999999999999,20.205,54.35,60.599999999999994,10.39793609328313,-5.534722155918608,54.35,55.70666666666667,23.977777777777778,0.36666666666666664,88.9620253164557,64.64444444444445,113.5,0.05286343612334802,0.8937007874015748,0.0,0.0,True,False,False,False,False,False,True,False,False,False,False,False,False,False,False,False,False,False,False,True,False,False,False,False,False,False,False,False,False,False,True,False
E00043,N,32,385,1,31.082819986310746,0.032939767282683094,764.0,2.0,0.0,382.0,0.0,1,384.0,484,0.0,0.0,0.0,0.0,0.0,0.0,32565281.0,-3.97,9.7,55.88,55.165000000000006,1.0111626970967602,2.867857142856394,55.88,55.165000000000006,-41.222857142857144,0.0,-44.71900826446281,-41.222857142857144,35.5,0.2535211267605634,0.8875,0.0,0.0,True,True,False,False,True,False,False,False,False,False,False,False,False,True,False,False,False,False,True,True,False,False,False,False,False,False,False,False,True,False,False,True
E00044,Y,42,4595,0,30.168377823408623,0.2995339134969525,1090.0,2.0,0.0,545.0,0.0,1,2560.5,3634,3.0,1272.0,896.0,0.23846572361262242,0.0,0.0,152038753.0,11.263333333333334,26.91333333333333,86.07,86.88666666666667,9.027581348290353,4.819824457006665,86.07,94.94333333333333,11.08974358974359,0.0,13.122994652406417,11.348648648648648,109.0,0.01834862385321101,0.872,0.0,0.0,True,True,False,False,False,True,False,False,False,True,False,False,False,False,False,False,False,True,False,False,False,False,False,False,False,False,False,False,True,True,False,False
E00045,N,36,1350,1,30.02053388090349,0.1026694045174538,957.0,3.0,0.0,319.0,0.0,2,674.0,1991,0.0,0.0,0.0,0.0,0.0,0.0,52916182.0,-3.953333333333333,14.39,40.0,48.4225,8.936219838388041,-0.23669367899385924,0.0,0.0,11.385199240986717,0.0,0.0,0.0,57.5,0.05217391304347826,0.9583333333333334,258.0,1.0,False,False,False,False,False,True,False,False,False,False,False,True,False,False,False,False,False,True,False,True,False,False,False,False,False,False,False,False,True,False,False,True
E00046,Y,37,1687,0,33.05681040383299,0.12483119669977986,0.0,0.0,0.0,0.0,1.0,1,1687.0,1687,0.0,0.0,0.0,0.0,0.0,0.0,69191406.0,3.064,23.54,24.42,54.580000000000005,18.159061099076688,-11.202237745739579,24.42,33.82,11.976303317535544,0.0,10.940860215053764,10.683195592286502,87.5,0.0,0.9308510638297872,0.0,0.0,True,False,False,False,False,True,False,False,False,False,False,False,False,False,False,False,True,False,False,True,False,False,False,False,False,False,False,False,True,False,False,True
E00047,N,40,502,1,35.16495550992471,0.03436002737850787,0.0,0.0,0.0,0.0,0.0,1,502.0,2129,0.0,0.0,0.0,0.0,0.0,0.0,20500008.0,-3.905,9.555,42.85,42.85,0.0,0.0,0.0,0.0,-170.20564516129033,0.0,0.0,0.0,43.0,0.0,1.0,0.0,0.0,True,False,False,False,False,True,False,False,False,False,False,False,True,False,False,False,False,True,False,True,False,False,False,False,False,False,False,False,True,False,False,True
E00048,Y,40,1047,0,37.80971937029432,0.07166324435318275,0.0,0.0,0.0,0.0,0.0,2,523.0,346,1.0,165.0,165.0,0.3488538681948424,0.0,0.0,63908982.0,8.44,20.54,97.55,49.238,30.97685539237319,35.98539577590614,97.55,65.72666666666667,10.712380952380952,0.0,10.233695652173912,10.178861788617887,54.5,0.03669724770642202,0.8650793650793651,0.0,0.0,True,False,False,False,False,True,False,True,False,False,False,False,False,False,False,False,False,True,False,True,False,False,True,False,False,False,False,False,False,True,False,False
E00049,Y,40,605,0,39.02532511978097,0.04140999315537303,0.0,0.0,0.0,0.0,0.0,2,302.0,73,0.0,0.0,0.0,0.0,0.0,0.0,49204835.0,-3.98,23.165,29.28,47.199999999999996,29.697595862291617,-52.24469119986256,29.28,47.199999999999996,9.136666666666667,0.0,8.994535519125684,9.136666666666667,44.0,0.0,1.0,0.0,0.0,False,False,False,False,False,True,False,False,False,False,False,False,False,False,True,False,False,True,False,True,False,False,False,False,True,False,False,False,False,False,True,False
E00050,N,30,809,1,28.396988364134156,0.07383070955966234,661.0,1.0,0.0,661.0,1.0,2,403.5,256,0.0,0.0,0.0,0.0,0.0,0.0,36001082.0,6.966666666666668,9.87,51.98,26.835,16.798748961356218,19.207476628506303,51.98,29.419999999999998,-16.676092544987146,0.0,-46.28,-20.737313432835823,49.0,0.14285714285714285,0.875,0.0,0.0,False,True,False,False,True,False,False,False,False,False,False,False,False,False,False,False,False,False,True,True,False,False,False,False,False,False,False,False,True,False,False,True
E00051,Y,43,4389,0,31.603011635865844,0.2794517931330882,0.0,0.0,0.0,0.0,0.0,1,3415.0,4159,2.0,1451.0,712.0,0.1664388243335612,0.0,0.0,108416503.0,9.128333333333334,23.564999999999998,75.1,72.04222222222222,11.265000863046772,5.200546540208096,75.1,77.72666666666667,29.021217712177123,0.0,34.68421052631579,31.997326203208555,117.0,0.07264957264957266,0.9140625,0.0,0.0,False,True,False,False,False,True,False,False,False,False,True,False,False,False,False,False,True,False,False,True,False,False,False,False,False,False,False,False,True,False,True,False
E00052,Y,29,1100,0,26.321697467488022,0.10384951261535556,368.0,2.0,0.0,184.0,0.0,3,366.0,73,1.0,165.0,165.0,0.33204545454545453,0.0,0.0,61757516.0,4.476666666666667,23.256666666666664,86.36,68.77333333333333,11.595445082732558,6.7672656036665835,86.36,73.62,19.917293233082706,0.29135338345864664,12.71111111111111,13.257703081232494,76.0,0.05263157894736842,0.9047619047619048,0.0,0.0,True,False,False,False,False,True,False,True,False,False,False,False,False,False,False,False,False,True,False,True,False,False,False,False,False,False,False,False,True,False,False,True
E00053,Y,42,3594,0,32.342231348391515,0.2342818030703041,0.0,0.0,0.0,0.0,0.0,3,869.2,1169,2.0,1268.5,1442.0,0.20325542570951585,0.0,0.0,120911123.0,10.565,26.228333333333335,100.0,76.69999999999999,16.062996295834726,1.2657279894043658,100.0,81.80666666666666,10.580614203454894,0.0,10.028901734104046,12.374622356495468,106.5,0.018779342723004695,0.8949579831932774,0.0,0.0,False,True,False,False,True,False,False,False,False,False,False,True,False,False,False,False,False,False,True,False,False,False,False,False,False,False,False,False,True,True,False,False
E00054,Y,45,3901,0,34.72689938398357,0.23734124268005172,0.0,0.0,0.0,0.0,0.0,4,1134.25,2265,2.0,1268.5,1442.0,0.1872596770058959,0.0,0.0,119100070.0,10.505,24.64833333333333,46.6,65.18777777777778,16.632568035166564,-10.785239464865857,46.6,46.53,-52.39118705035971,0.0,7.202312138728324,7.9863387978142075,121.0,0.0,1.0,0.0,0.0,True,False,False,False,False,True,False,True,False,False,False,False,False,False,False,False,False,True,False,False,False,False,False,False,False,False,False,False,True,False,True,False
E00055,Y,36,1550,0,31.96167008898015,0.1178796866681877,601.0,1.0,0.0,601.0,0.0,2,774.5,1169,1.0,530.0,530.0,0.2356451612903226,1.0,648.0,70199864.0,6.481999999999999,24.764,16.2,68.55,22.871561880578746,-9.129367830834855,16.2,59.553333333333335,0.7244094488188977,0.0,9.183333333333334,11.196765498652292,98.5,0.04060913705583756,0.9563106796116505,32.0,1.0,True,False,False,False,False,True,False,False,False,False,False,False,False,True,False,False,True,False,False,True,False,False,False,False,False,False,False,False,True,False,True,False
E00056,Y,28,4419,0,16.112251882272417,0.4320915224405984,105.0,1.0,0.0,105.0,0.0,3,1472.3333333333333,3087,2.0,1451.0,1077.0,0.1653088934147997,0.0,0.0,113489034.0,7.435,21.94666666666667,45.04,54.474444444444444,15.174884769835248,-2.6201871389105835,45.04,54.68,-48.15335169880625,0.0,9.053763440860216,10.671159029649596,113.0,0.017699115044247787,1.0,245.0,1.0,True,False,False,False,False,False,True,False,False,False,False,False,False,False,False,False,False,False,False,True,False,False,False,False,False,False,False,False,True,False,True,False
E00057,N,33,1472,1,25.57700205338809,0.12212473814116524,553.0,2.0,0.0,276.5,1.0,3,489.6666666666667,1807,1.0,469.0,1807.0,0.2481317934782609,0.0,0.0,17571790.0,5.506666666666665,13.173333333333332,60.25,53.92333333333334,6.989680488644192,5.1294300883739465,0.0,0.0,41.28605769230769,0.5985576923076923,0.0,0.0,54.5,0.01834862385321101,0.923728813559322,0.0,0.0,True,True,False,True,False,False,False,False,False,False,False,False,False,False,False,False,True,False,False,True,False,False,False,False,False,False,False,False,True,False,False,True
E00058,N,42,2333,1,34.02053388090349,0.1520810925328379,0.0,0.0,0.0,0.0,1.0,1,1668.0,3087,1.0,532.0,1442.0,0.1565580797256751,0.0,0.0,35819734.0,2.1725000000000003,20.395,44.22,73.46799999999999,24.940070569266638,-1.9098810194220968,0.0,0.0,46.53809523809524,1.061904761904762,0.0,0.0,83.5,0.05389221556886228,0.9175824175824175,0.0,0.0,True,False,False,False,True,False,False,False,False,False,False,False,False,False,False,False,False,True,False,True,False,False,False,False,False,False,True,False,False,False,True,False
E00059,N,41,1997,1,31.2580424366872,0.13335336638787332,0.0,0.0,0.0,0.0,0.0,1,1996.0,3911,1.0,77.0,1991.0,0.1828993490235353,0.0,0.0,39800334.0,0.0,0.0,0.0,0.0,0.0,0.0,0.0,0.0,30.96825396825397,0.0,0.0,0.0,14.5,0.0,0.9666666666666667,0.0,0.0,True,False,False,False,False,True,False,False,True,False,False,False,False,False,False,True,False,False,False,True,False,False,False,False,False,False,False,False,True,False,True,False
E00060,N,26,1223,1,21.730321697467488,0.12878428894856,1273.0,1.0,1.0,1273.0,0.0,2,610.5,1261,1.0,378.0,1077.0,0.2986508585445626,1.0,313.5,2291936.0,5.581999999999999,17.028,51.7,54.96857142857143,8.222018058383293,-6.072649401073252,0.0,51.7,-39.88707037643208,0.45171849427168576,0.0,72.0,91.0,0.02197802197802198,0.9578947368421052,139.0,1.0,False,True,False,False,False,False,True,False,False,False,False,False,False,False,False,False,False,False,False,True,False,False,False,False,False,False,False,False,True,False,True,False
E00061,Y,35,634,0,33.86173853524983,0.04959421140119292,1539.0,3.0,0.3333333333333333,513.0,0.0,1,634.0,634,0.0,0.0,0.0,0.0,0.0,0.0,68915088.0,-1.29,22.509999999999998,65.85,49.623333333333335,22.389359824106926,41.79542054062759,65.85,49.623333333333335,12.6625,0.0,12.973262032085561,12.6625,41.5,0.0,0.8829787234042553,76.0,1.0,True,True,False,False,False,True,False,True,False,False,False,False,False,False,False,True,False,False,False,True,False,True,False,False,False,False,False,False,False,False,False,True
E00062,N,37,2367,1,26.376454483230663,0.17514845440923468,1526.0,2.0,0.0,763.0,0.0,1,2367.0,4058,1.0,666.0,2357.0,0.15430925221799746,0.0,0.0,24864498.0,-4.545,6.69,49.1,49.1,0.0,0.0,0.0,0.0,9.215447154471544,0.0,0.0,0.0,29.0,0.0,0.8787878787878788,0.0,0.0,False,False,False,False,False,True,False,False,False,False,False,False,False,False,True,False,True,False,False,True,False,False,False,False,False,False,False,False,True,False,True,False
E00063,Y,29,3444,0,20.40520191649555,0.32514338313389507,0.0,0.0,0.0,0.0,0.0,1,3444.0,3444,1.0,1807.0,1807.0,0.10605400696864112,0.0,0.0,108954181.0,10.04,21.326666666666668,62.54,55.51222222222222,15.843380145803618,-3.7211521618699104,62.54,52.88666666666666,29.390625,0.0,29.418478260869566,29.20108695652174,109.0,0.06422018348623854,0.8934426229508197,0.0,0.0,False,False,False,False,False,False,True,False,False,False,False,False,False,False,False,False,False,False,False,True,False,False,False,False,False,False,False,True,False,False,False,True
E00064,N,30,1739,1,24.279260780287473,0.15870408396075747,587.0,2.0,0.0,293.5,1.0,2,868.5,1991,0.0,0.0,0.0,0.0,2.0,221.5,2449463.0,-0.04400000000000048,18.232,55.08,58.107142857142854,10.382961546504468,-7.696944793636672,0.0,55.08,-13.940860215053764,0.0,0.0,23.4,82.5,0.006060606060606061,0.8870967741935484,205.0,1.0,False,False,False,False,False,True,False,False,False,False,False,False,False,False,False,False,True,False,False,True,False,False,False,False,False,False,False,False,True,False,False,True
E00065,N,25,2216,1,18.036960985626283,0.24268309377138947,0.0,0.0,0.0,0.0,0.0,4,553.0,438,1.0,514.0,896.0,0.16482400722021662,0.0,0.0,52458334.0,2.2540000000000004,20.028,58.4,70.67999999999999,19.570252206565236,3.2039490673569095,0.0,65.275,-0.8900112233445566,0.0,0.0,-44.72670807453416,89.0,0.16292134831460675,0.9175257731958762,0.0,0.0,True,False,False,False,False,False,True,False,False,False,False,False,False,False,False,False,False,False,False,True,False,False,False,False,False,False,False,False,True,False,False,True
E00066,N,29,2372,1,17.650924024640656,0.22393731265783945,1065.0,2.0,0.0,532.5,0.0,2,1185.0,3087,1.0,1313.0,3087.0,0.15398397976391232,0.0,0.0,4012701.0,-19.85,9.18,31.42,31.42,0.0,0.0,0.0,0.0,-37.5,0.03333333333333333,0.0,0.0,33.5,0.11940298507462686,0.9054054054054054,0.0,0.0,False,False,False,False,False,False,True,False,False,False,False,False,False,False,False,False,False,False,False,True,False,False,False,False,False,False,False,False,True,False,False,True
E00067,N,27,895,1,24.320328542094455,0.09075468349937892,2492.0,3.0,0.0,830.6666666666666,0.0,2,446.5,438,1.0,43.0,346.0,0.4081005586592179,1.0,442.0,9228572.0,13.4875,21.0875,98.02,61.33166666666667,36.7193553411095,31.732395445609882,98.02,93.58,-12.157894736842104,0.0,-44.72727272727273,-38.72251308900523,62.5,0.16,0.8680555555555556,0.0,0.0,True,True,False,False,False,True,False,False,False,True,False,False,False,False,False,False,False,True,False,True,False,False,False,False,False,False,False,False,False,False,True,False
E00068,Y,32,4454,0,20.227241615331966,0.38107460643394936,1158.0,2.0,0.5,579.0,0.0,3,1484.0,3268,2.0,995.0,530.0,0.16400987876066456,1.0,560.0,135988157.0,9.764999999999999,26.895,92.54,83.27888888888889,12.238752432789504,7.895694289634318,92.54,94.61333333333334,8.118457300275482,0.0,11.091836734693878,11.173684210526316,115.5,0.04329004329004329,0.924,264.0,1.0,True,True,False,False,False,False,True,False,False,False,False,False,False,False,False,False,False,False,False,True,False,False,False,False,False,True,False,False,False,False,True,False
E00069,N,34,134,1,20.476386036960985,0.010790353102226516,0.0,0.0,0.0,0.0,0.0,1,133.0,5230,0.0,0.0,0.0,0.0,0.0,0.0,0.0,0.0,0.0,0.0,0.0,0.0,0.0,0.0,0.0,0.0,0.0,0.0,0.0,0.0,0.0,0.0,0.0,0.0,False,False,False,False,False,False,True,False,False,False,False,False,False,False,False,False,False,False,False,True,False,False,False,True,False,False,False,False,False,False,False,True
E00070,Y,25,5295,0,11.206023271731691,0.579876796714579,384.0,1.0,0.0,384.0,0.0,5,1058.2,3087,3.0,1393.6666666666667,1442.0,0.20694050991501417,0.0,0.0,155207878.0,7.590000000000001,23.30333333333333,74.95,64.28555555555556,15.04360338408913,-1.125725916126474,74.95,63.98333333333333,30.55841766329347,0.0,28.346153846153847,28.87845303867403,113.5,0.048458149779735685,0.88671875,0.0,0.0,True,False,False,False,False,False,True,False,False,False,False,False,False,False,False,False,False,False,False,True,False,False,False,False,False,False,False,False,True,True,False,False
E00071,N,32,4312,1,18.751540041067763,0.36892539356605064,677.0,3.0,0.0,225.66666666666666,0.0,2,1691.0,4183,1.0,2138.0,2722.0,0.08470547309833025,1.0,480.5,30002087.0,1.9699999999999995,18.296,46.45,58.26,14.324143953479393,-11.290106914395823,0.0,46.45,31.062261753494283,0.7738246505717916,0.0,35.078125,95.5,0.041884816753926704,0.9271844660194175,69.0,1.0,False,False,False,False,False,False,True,False,False,False,False,False,False,False,False,False,False,False,False,True,False,False,False,False,False,False,False,False,True,False,False,True
E00072,N,28,466,1,21.637234770704996,0.045565659528698545,0.0,0.0,0.0,0.0,0.0,1,465.0,2396,0.0,0.0,0.0,0.0,0.0,0.0,27028601.0,0.0,0.0,0.0,0.0,0.0,0.0,0.0,0.0,6.983333333333333,0.0,0.0,0.0,16.0,0.0,0.9411764705882353,0.0,0.0,False,False,False,False,False,True,False,False,False,False,False,False,False,False,True,False,False,True,False,True,False,False,False,False,False,False,False,False,True,False,False,True
E00073,N,25,133,1,15.756331279945243,0.01456536618754278,660.0,1.0,0.0,660.0,0.0,1,132.0,3672,0.0,0.0,0.0,0.0,0.0,0.0,0.0,0.0,0.0,0.0,0.0,0.0,0.0,0.0,0.0,0.0,0.0,0.0,0.0,0.0,0.0,0.0,0.0,0.0,False,True,False,False,False,False,True,False,False,False,False,False,False,False,False,False,False,False,False,True,False,False,False,False,False,False,False,False,True,False,False,True
E00074,Y,41,4019,0,30.206707734428473,0.26837615398741255,2653.0,3.0,0.3333333333333333,884.3333333333334,0.0,5,513.0,804,1.0,1807.0,1807.0,0.09088081612341378,0.0,0.0,168707217.0,10.291666666666666,24.67,42.56,73.08777777777777,16.52593626529052,-6.4814094508111975,42.56,62.82333333333333,28.061751152073732,0.5188940092165899,38.241176470588236,38.42613636363637,104.5,0.07655502392344497,0.885593220338983,0.0,0.0,True,True,False,False,False,True,False,True,False,False,False,False,False,False,False,False,False,True,False,False,False,False,False,False,False,False,True,False,False,False,True,False
E00075,N,37,1590,1,26.913073237508556,0.11765358787946056,654.0,2.0,0.0,327.0,0.0,3,396.5,2995,0.0,0.0,0.0,0.0,0.0,0.0,0.0,0.0,0.0,0.0,0.0,0.0,0.0,0.0,0.0,0.0,0.0,0.0,0.0,0.0,0.0,0.0,0.0,0.0,True,False,False,False,False,True,False,False,False,False,False,False,False,False,True,False,True,False,False,True,False,False,False,False,False,False,False,False,True,False,False,True
E00076,Y,28,2869,0,20.470910335386723,0.2805319252957857,0.0,0.0,0.0,0.0,0.0,3,955.6666666666666,1717,1.0,712.0,712.0,0.1273091669571279,0.0,0.0,94905055.0,9.018333333333333,26.228333333333335,85.34,78.85888888888888,14.717150237430856,5.56613815961719,85.34,90.16000000000001,9.58681522748375,0.0,7.308571428571429,10.930434782608696,115.5,0.03463203463203463,0.9166666666666666,0.0,0.0,True,False,False,False,False,False,True,False,False,False,False,False,False,False,False,False,False,False,False,True,False,False,False,False,False,False,False,False,True,False,False,True
E00077,Y,26,1582,0,21.867214236824093,0.16658769020165323,636.0,2.0,0.5,318.0,0.0,3,526.6666666666666,438,1.0,346.0,346.0,0.23087863463969657,1.0,161.0,76298735.0,10.911999999999999,21.244,76.7,57.44,19.655135279543174,6.5792983074337466,76.7,69.88,2.821383647798742,0.0,31.763157894736842,23.74866310160428,102.0,0.029411764705882353,0.9622641509433962,127.0,1.0,True,False,False,False,False,False,True,False,False,False,False,False,False,False,False,False,False,False,False,True,False,False,False,False,False,False,False,False,True,False,True,False
E00078,N,32,1220,1,20.71457905544148,0.10438056125941136,249.0,2.0,0.0,124.5,0.0,2,609.0,3634,1.0,32.0,3087.0,0.29938524590163934,0.0,0.0,0.0,0.0,0.0,0.0,0.0,0.0,0.0,0.0,0.0,0.0,0.0,0.0,0.0,0.0,0.0,0.0,0.0,0.0,False,False,False,False,False,False,True,False,False,False,False,False,False,False,False,False,False,False,False,True,False,False,False,False,False,False,False,False,True,False,False,True
E00079,N,36,247,1,26.43668720054757,0.01878469845615636,316.0,2.0,0.0,158.0,0.0,1,246.0,3676,0.0,0.0,0.0,0.0,0.0,0.0,0.0,0.0,0.0,0.0,0.0,0.0,0.0,0.0,0.0,0.0,0.0,0.0,0.0,0.0,0.0,0.0,21.0,1.0,True,False,False,False,False,True,False,False,False,False,True,False,False,False,False,False,True,False,False,True,False,False,False,False,False,False,False,False,True,False,False,True
E00080,N,42,493,1,28.777549623545518,0.03213715328705062,87.0,1.0,0.0,87.0,0.0,1,245.5,4729,0.0,0.0,0.0,0.0,0.0,0.0,0.0,0.0,0.0,0.0,0.0,0.0,0.0,0.0,0.0,0.0,0.0,0.0,0.0,0.0,0.0,0.0,0.0,0.0,True,False,False,False,False,True,False,False,False,False,False,False,True,False,False,False,True,False,False,True,False,False,False,False,False,False,False,False,True,False,False,True
E00081,Y,32,4736,0,19.485284052019164,0.405201916495551,0.0,0.0,0.0,0.0,0.0,3,1578.0,3634,2.0,1816.5,1261.0,0.15424408783783783,0.0,0.0,112978905.0,6.080000000000001,23.39333333333333,40.36,58.794444444444444,14.738798383103612,-7.199474542268512,40.36,44.98666666666667,8.206099815157117,0.0,6.657608695652174,8.074175824175825,114.5,0.017467248908296942,0.8875968992248062,0.0,0.0,True,False,False,False,False,False,True,False,False,False,False,False,False,False,False,False,False,False,False,True,False,False,False,False,False,False,False,False,True,False,True,False
E00082,Y,43,713,0,41.672826830937716,0.045397386307562515,2150.0,2.0,0.0,1075.0,0.0,1,713.0,713,0.0,0.0,0.0,0.0,0.0,0.0,65662814.0,-3.635,19.665,20.56,32.3875,9.86230322997625,-15.18039738640875,20.56,28.47,8.243626062322946,0.0,8.723756906077348,8.243626062322946,37.0,0.0,1.0,0.0,0.0,True,False,False,False,False,True,False,True,False,False,False,False,False,False,False,True,False,False,False,True,False,False,False,False,True,False,False,False,False,False,True,False
E00083,Y,34,755,0,32.75564681724846,0.06079639247896284,877.0,3.0,0.3333333333333333,292.3333333333333,0.0,2,377.0,256,0.0,0.0,0.0,0.0,0.0,0.0,67675201.0,25.916666666666668,24.646666666666665,86.45,86.5975,10.710251708837971,10.375961260487832,86.45,90.87,10.621253405994551,0.0,13.106951871657754,10.664835164835164,58.0,0.017241379310344827,0.9206349206349206,0.0,0.0,False,True,False,False,False,True,False,False,False,True,False,False,False,False,False,False,False,True,False,True,False,False,False,False,False,False,False,False,True,False,False,True
E00084,N,30,234,1,27.55920602327173,0.02135523613963039,1135.0,3.0,0.6666666666666666,378.3333333333333,0.0,1,233.0,985,0.0,0.0,0.0,0.0,0.0,0.0,27486317.0,0.0,0.0,56.86,58.519999999999996,2.3475945135393355,-6.621857923495964,0.0,0.0,9.07563025210084,0.0,0.0,0.0,21.0,0.0,1.0,0.0,0.0,True,True,False,True,False,False,False,False,False,False,False,True,False,False,False,True,False,False,False,True,False,False,False,False,False,False,False,False,True,False,False,True
E00085,N,26,576,1,21.911019849418206,0.06065392513031117,1367.0,3.0,0.0,455.6666666666667,0.0,1,575.0,1645,0.0,0.0,0.0,0.0,0.0,0.0,1245968.0,-8.459999999999999,17.076666666666668,52.45,53.166,4.076110891523928,-2.967905271919011,0.0,0.0,22.572916666666668,0.46875,0.0,0.0,36.5,0.0,0.8902439024390244,0.0,0.0,True,False,False,True,False,False,False,False,False,False,False,False,False,False,True,False,False,True,False,True,False,False,False,False,False,False,False,False,True,False,False,True
E00086,N,30,689,1,24.758384668035593,0.06287930641113393,0.0,0.0,0.0,0.0,1.0,2,343.5,1626,0.0,0.0,0.0,0.0,0.0,0.0,43622317.0,-8.525,8.27,50.74,54.7,5.600285706997455,-15.796721311478649,0.0,0.0,29.646017699115045,0.8348082595870207,0.0,0.0,39.0,0.07692307692307693,0.9285714285714286,0.0,0.0,False,False,False,False,False,True,False,False,False,False,False,False,False,False,False,False,True,False,False,True,False,False,False,False,False,False,False,False,True,False,False,True
E00087,Y,43,2703,0,35.66598220396988,0.17210257389809464,2490.0,3.0,0.3333333333333333,830.0,0.0,1,1351.0,73,2.0,903.0,712.0,0.2702552719200888,0.0,0.0,115151697.0,7.5616666666666665,25.986666666666668,85.46,76.27777777777777,11.446225117672832,4.907048000660512,85.46,84.03666666666668,-46.66247755834829,0.0,10.090425531914894,9.647519582245431,121.0,0.008264462809917356,1.0,371.0,2.0,False,False,False,False,False,True,False,False,False,False,False,True,False,False,False,True,False,False,False,False,False,False,False,False,False,False,False,False,True,True,False,False
E00088,Y,25,3171,0,17.27583846680356,0.3472689938398357,0.0,0.0,0.0,0.0,0.0,1,3171.0,3171,1.0,896.0,896.0,0.1151844843897824,0.0,0.0,85827581.0,9.935,26.508333333333336,64.44,79.02555555555556,10.254900183706216,-1.5107273121892502,64.44,72.24666666666667,-50.8923487544484,0.0,10.336898395721924,8.937158469945356,121.0,0.01652892561983471,1.0,0.0,0.0,True,False,False,False,False,False,True,False,False,False,False,False,False,False,False,False,False,False,False,True,True,False,False,False,False,False,False,False,False,False,False,True
E00089,Y,28,1622,0,23.783709787816566,0.15859978488315243,1188.0,1.0,0.0,1188.0,0.0,2,810.5,987,0.0,0.0,0.0,0.0,1.0,386.0,80928454.0,7.640000000000001,21.906,63.3,60.04875,5.709084083408525,-1.9322144632040898,63.3,59.126666666666665,11.587223587223587,0.0,10.901041666666666,10.02917771883289,91.0,0.016483516483516484,0.9285714285714286,279.0,2.0,True,False,False,False,False,True,False,False,False,False,True,False,False,False,False,False,True,False,False,True,False,False,False,False,False,False,False,False,True,False,False,True
E00090,N,35,2377,1,21.23750855578371,0.18593918060037157,229.0,2.0,0.0,114.5,0.0,2,593.25,4782,1.0,405.0,3268.0,0.15366007572570467,0.0,0.0,0.0,0.0,0.0,0.0,0.0,0.0,0.0,0.0,0.0,0.0,0.0,0.0,0.0,0.0,0.0,0.0,0.0,0.0,True,False,False,False,False,False,True,False,False,False,False,False,False,False,False,False,False,False,False,True,False,False,False,False,False,False,False,False,True,False,False,True
E00091,N,44,2082,1,30.012320328542096,0.12955012133656899,1119.0,2.0,0.0,559.5,0.0,3,519.5,4364,0.0,0.0,0.0,0.0,0.0,0.0,0.0,0.0,0.0,0.0,0.0,0.0,0.0,0.0,0.0,0.0,0.0,0.0,0.0,0.0,0.0,0.0,0.0,0.0,True,True,False,False,False,True,False,False,False,False,True,False,False,False,False,False,True,False,False,False,False,False,False,False,False,False,False,False,True,False,False,True
E00092,Y,32,242,0,31.983572895277206,0.020704996577686516,0.0,0.0,0.0,0.0,0.0,1,242.0,242,0.0,0.0,0.0,0.0,0.0,0.0,35137957.0,0.0,14.22,27.6,27.6,0.0,0.0,27.6,27.6,29.363636363636363,0.5909090909090909,29.363636363636363,29.363636363636363,22.0,0.18181818181818182,0.88,0.0,0.0,False,True,False,False,False,True,False,False,False,False,False,False,False,False,True,False,True,False,False,True,False,False,False,False,False,False,False,False,True,True,False,False
E00093,N,36,1229,1,23.89596167008898,0.09346718381625979,281.0,1.0,0.0,281.0,0.0,1,1229.0,4738,0.0,0.0,0.0,0.0,0.0,0.0,0.0,0.0,0.0,0.0,0.0,0.0,0.0,0.0,0.0,0.0,0.0,0.0,0.0,0.0,0.0,0.0,0.0,0.0,True,True,False,False,True,False,False,False,False,False,False,False,True,False,False,False,False,False,True,True,False,False,False,False,False,False,False,False,True,False,False,True
E00094,Y,39,1011,0,36.84599589322382,0.07097351655873216,0.0,0.0,0.0,0.0,0.0,1,1011.0,1011,0.0,0.0,0.0,0.0,0.0,0.0,58792283.0,2.64,27.046666666666667,60.0,77.63199999999999,14.932800139290686,-16.011918046149948,60.0,68.22,9.646365422396856,0.0,10.645714285714286,9.276712328767124,50.0,0.04,0.9090909090909091,0.0,0.0,True,False,False,False,False,True,False,False,False,False,False,True,False,False,False,False,True,False,False,True,False,False,False,False,False,False,False,False,True,True,False,False
E00095,N,32,538,1,18.21492128678987,0.04603011635865845,706.0,2.0,0.5,353.0,0.0,1,537.0,5204,0.0,0.0,0.0,0.0,0.0,0.0,0.0,0.0,0.0,0.0,0.0,0.0,0.0,0.0,0.0,0.0,0.0,0.0,0.0,0.0,0.0,0.0,0.0,0.0,False,False,False,False,False,False,True,False,False,False,False,False,False,False,False,False,False,False,False,True,False,False,False,False,False,False,False,False,True,False,False,True
E00096,N,37,2858,1,26.99520876112252,0.21148047431414987,0.0,0.0,0.0,0.0,0.0,3,951.6666666666666,1807,2.0,651.5,1077.0,0.25559832050384884,0.0,0.0,46552491.0,5.885,23.15,79.88,86.815,11.358284641617326,4.855851661757364,0.0,0.0,-90.19616519174042,0.0,0.0,0.0,84.0,0.03571428571428571,1.0,0.0,0.0,True,True,False,False,True,False,False,False,False,True,False,False,False,False,False,False,False,False,True,True,False,False,False,False,False,False,False,False,True,False,True,False
E00097,Y,33,2408,0,27.318275154004105,0.19978014228527577,600.0,1.0,0.0,600.0,1.0,4,516.0,256,1.0,1261.0,1261.0,0.15168189368770763,1.0,193.0,88450573.0,11.295000000000002,25.14,80.25,75.99888888888889,8.334834198177619,-0.3889245216191645,80.25,76.80333333333333,10.490825688073395,0.0,12.27807486631016,11.871313672922252,118.0,0.0423728813559322,0.9076923076923077,397.0,2.0,False,False,False,False,True,False,False,False,False,False,False,False,False,False,False,False,False,False,True,False,False,False,False,False,False,False,False,False,True,False,True,False
E00098,N,28,2447,1,14.77618069815195,0.2392686027182947,516.0,1.0,0.0,516.0,0.0,1,2446.0,4929,1.0,240.0,2722.0,0.14926440539436045,0.0,0.0,0.0,0.0,0.0,0.0,0.0,0.0,0.0,0.0,0.0,0.0,0.0,0.0,0.0,0.0,0.0,0.0,0.0,0.0,True,False,False,False,False,False,True,False,False,False,False,False,False,False,False,False,False,False,False,True,False,False,False,False,False,False,False,False,True,False,True,False
E00099,N,29,865,1,19.983572895277206,0.08166348037480234,0.0,0.0,0.0,0.0,0.0,2,431.5,3087,0.0,0.0,0.0,0.0,0.0,0.0,0.0,0.0,0.0,0.0,0.0,0.0,0.0,0.0,0.0,0.0,0.0,0.0,0.0,0.0,0.0,0.0,0.0,0.0,True,False,False,False,False,False,True,False,False,False,False,False,False,False,False,False,False,False,False,True,False,False,False,True,False,False,False,False,False,False,False,True
E00100,N,38,3116,1,28.37782340862423,0.2245037645448323,0.0,0.0,0.0,0.0,0.0,1,3115.0,3743,1.0,634.0,1261.0,0.1172175866495507,0.0,0.0,15008827.0,7.058,20.396,45.9,73.24,20.426903828040114,2.94411770376105,0.0,45.9,29.257412398921833,0.33557951482479786,0.0,96.0952380952381,93.5,0.0374331550802139,0.8904761904761904,0.0,0.0,False,True,False,False,False,True,False,False,True,False,False,False,False,False,False,False,True,False,False,True,False,False,False,False,False,False,False,False,True,False,True,False
E00101,N,42,294,1,31.080082135523615,0.019164955509924708,997.0,2.0,0.0,498.5,0.0,1,293.0,4185,0.0,0.0,0.0,0.0,0.0,0.0,0.0,0.0,0.0,0.0,0.0,0.0,0.0,0.0,0.0,0.0,0.0,0.0,0.0,0.0,0.0,0.0,0.0,0.0,False,False,False,False,False,True,False,True,False,False,False,False,False,False,False,False,False,True,False,True,False,False,False,False,False,False,False,False,True,False,True,False
E00102,N,36,1499,1,26.56536618754278,0.11400106471975055,178.0,1.0,0.0,178.0,0.0,3,498.6666666666667,2082,0.0,0.0,0.0,0.0,0.0,0.0,25632805.0,0.0,0.0,0.0,0.0,0.0,0.0,0.0,0.0,-225.58415841584159,0.0,0.0,0.0,24.0,0.375,1.0,354.0,1.0,False,True,False,True,False,False,False,False,False,True,False,False,False,False,False,False,True,False,False,True,False,False,False,False,False,False,False,False,True,False,False,True
E00103,Y,27,307,0,26.64476386036961,0.03113037746850204,0.0,0.0,0.0,0.0,0.0,1,307.0,307,0.0,0.0,0.0,0.0,0.0,0.0,40557098.0,0.0,18.09,75.95,75.95,0.0,0.0,75.95,75.95,9.858895705521473,0.0,9.858895705521473,9.858895705521473,16.0,0.0,1.0,0.0,0.0,False,True,False,False,True,False,False,False,False,False,False,False,True,False,False,False,False,False,True,True,False,False,False,False,False,False,False,False,True,False,False,True
E00104,Y,40,2392,0,33.65366187542779,0.16372347707049967,0.0,0.0,0.0,0.0,0.0,1,2392.0,2392,1.0,1077.0,1077.0,0.15269648829431437,0.0,0.0,70059961.0,8.791666666666666,26.258333333333336,74.32,81.16222222222223,9.618231097475485,1.9645855083773307,74.32,78.76333333333334,-52.573094170403586,0.0,8.043010752688172,8.771117166212534,121.0,0.008264462809917356,1.0,0.0,0.0,True,False,False,False,False,True,False,False,True,False,False,False,False,False,False,False,False,True,False,True,False,False,False,False,True,False,False,False,False,False,True,False
E00105,Y,31,3785,0,21.07049965776865,0.3342827493320969,415.0,2.0,0.0,207.5,0.0,3,1261.0,2813,2.0,1086.0,530.0,0.19299867899603698,0.0,0.0,135360362.0,12.32,24.625,94.68,74.4388888888889,20.396226026182173,8.63340134810109,94.68,95.16333333333334,8.35778175313059,0.0,7.551912568306011,7.599455040871935,105.0,0.014285714285714285,0.8974358974358975,0.0,0.0,False,False,False,False,False,False,True,False,False,False,False,False,False,False,False,False,False,False,False,True,False,False,False,True,False,False,False,False,False,False,True,False
E00106,Y,35,477,0,34.053388090349074,0.03731299501320035,0.0,0.0,0.0,0.0,0.0,1,477.0,477,0.0,0.0,0.0,0.0,0.0,0.0,53470059.0,6.78,16.490000000000002,45.7,48.13,3.4365389565666207,-9.746703296700728,45.7,48.13,6.379912663755459,0.0,4.748633879781421,6.379912663755459,31.0,0.0,0.9117647058823529,0.0,0.0,False,False,False,False,True,False,False,True,False,False,False,False,False,False,False,False,False,True,False,True,False,False,False,True,False,False,False,False,False,False,False,True
E00107,N,30,3737,1,15.570157426420261,0.34104494638375543,0.0,0.0,0.0,0.0,0.0,1,1867.5,5153,2.0,1274.5,1991.0,0.19547765587369548,0.0,0.0,47422227.0,-2.16,7.27,50.14,50.14,0.0,0.0,0.0,0.0,-28.27777777777778,0.0,0.0,0.0,33.5,0.07462686567164178,0.9571428571428572,0.0,0.0,False,True,False,False,False,False,True,False,False,False,False,False,False,False,False,False,False,False,False,True,False,False,False,False,False,False,False,False,True,False,True,False
E00108,Y,40,2161,0,34.79260780287474,0.14791238877481178,3630.0,3.0,0.0,1210.0,0.0,2,1080.0,1442,1.0,1261.0,1261.0,0.1690189726978251,2.0,297.6666666666667,99541902.0,6.641666666666667,22.386666666666667,31.5,59.41111111111112,18.195420058660673,-9.274412671467234,31.5,42.08,-34.07890070921986,0.724290780141844,34.12,33.08136482939633,105.5,0.061611374407582936,0.9419642857142857,265.0,1.0,True,True,False,False,False,True,False,True,False,False,False,False,False,False,False,False,True,False,False,True,False,False,False,False,False,False,False,False,True,False,True,False
E00109,Y,25,540,0,23.575633127994525,0.05913757700205339,1597.0,3.0,0.3333333333333333,532.3333333333334,0.0,1,540.0,540,0.0,0.0,0.0,0.0,0.0,0.0,58927850.0,-3.255,23.31,40.6,55.300000000000004,12.806232857479989,-23.423612626213107,40.6,55.300000000000004,13.365384615384615,0.0,14.461538461538462,13.365384615384615,41.0,0.024390243902439025,1.0,0.0,0.0,False,True,False,False,True,False,False,False,False,True,False,False,False,False,False,False,False,True,False,True,False,False,False,False,False,False,False,False,True,False,False,True
E00110,N,39,134,1,37.82067077344285,0.009406974499376964,2789.0,3.0,0.6666666666666666,929.6666666666666,0.0,1,133.0,633,0.0,0.0,0.0,0.0,0.0,0.0,22474938.0,0.0,4.45,78.88,72.565,8.930758646386092,25.190983606561048,0.0,72.565,3.2096774193548385,0.0,0.0,3.2096774193548385,19.0,0.0,0.9047619047619048,0.0,0.0,False,False,False,False,False,True,False,False,False,False,True,False,False,False,False,False,False,True,False,True,False,False,False,False,False,False,False,False,False,False,True,False
E00111,N,39,948,1,33.18275154004107,0.06655083451798031,529.0,1.0,0.0,529.0,0.0,2,473.0,1534,0.0,0.0,0.0,0.0,0.0,0.0,31902240.0,4.170000000000002,13.973333333333334,46.0,49.6,5.1011371281313345,-0.055916719649149085,0.0,0.0,-121.90212765957448,0.0,0.0,0.0,66.0,0.015151515151515152,1.0,113.0,1.0,False,False,False,False,False,True,False,False,False,False,True,False,False,False,False,False,True,False,False,True,True,False,False,False,False,False,False,False,False,False,True,False
E00112,Y,42,52,0,42.351813826146476,0.003389720022163554,0.0,0.0,0.0,0.0,0.0,1,52.0,52,0.0,0.0,0.0,0.0,0.0,0.0,8528142.0,0.0,18.55,0.0,0.0,0.0,0.0,0.0,0.0,5.7894736842105265,0.0,5.7894736842105265,5.7894736842105265,14.5,0.0,0.8529411764705882,0.0,0.0,False,True,False,False,False,True,False,True,False,False,False,False,False,False,False,False,False,True,False,True,False,False,False,False,False,False,False,False,True,False,True,False
E00113,Y,44,2895,0,37.05681040383299,0.1801381370169871,0.0,0.0,0.0,0.0,1.0,3,964.3333333333334,1169,1.0,1077.0,1077.0,0.1261658031088083,0.0,0.0,79254377.0,8.305,25.438333333333333,44.91,72.49222222222222,19.913363463876323,-5.371370971680259,44.91,63.29666666666666,21.065257352941178,0.0,31.161849710982658,29.372222222222224,111.0,0.06756756756756757,0.8740157480314961,0.0,0.0,True,False,False,False,False,True,False,False,False,False,False,False,False,False,False,False,False,True,False,False,False,False,False,False,False,False,False,True,False,False,True,False
E00114,Y,43,519,0,42.34907597535934,0.033045222291199085,4582.0,3.0,0.6666666666666666,1527.3333333333333,0.0,1,519.0,519,0.0,0.0,0.0,0.0,0.0,0.0,88634061.0,8.295,17.82,62.0,56.86,7.26905771059771,20.61648351647812,62.0,56.86,10.28125,0.0,10.714285714285714,10.28125,40.0,0.0,1.0,0.0,0.0,True,False,False,False,True,False,False,False,False,False,False,False,True,False,False,False,False,True,False,True,False,False,False,False,False,False,False,False,True,False,True,False
E00115,Y,27,605,0,25.987679671457904,0.061348138007960046,1862.0,3.0,0.3333333333333333,620.6666666666666,0.0,1,605.0,605,0.0,0.0,0.0,0.0,0.0,0.0,62137846.0,-4.435,25.865000000000002,70.8,71.79,6.491864139058983,4.968973868836889,70.8,71.79,10.051724137931034,0.0,9.375722543352602,10.051724137931034,41.0,0.04878048780487805,1.0,0.0,0.0,False,False,False,False,False,True,False,True,False,False,False,False,False,False,False,True,False,False,False,True,False,False,False,False,True,False,False,False,False,False,False,True
E00116,Y,29,5229,0,14.836413415468858,0.4936628195142675,0.0,0.0,0.0,0.0,0.0,5,1045.0,2722,2.0,1999.0,1991.0,0.13970166379804935,0.0,0.0,99791561.0,8.013333333333334,23.305000000000003,49.8,61.79888888888888,15.483118584804263,-7.333887635608815,49.8,43.15333333333333,9.72043996333639,0.0,11.164893617021276,10.298342541436464,112.0,0.017857142857142856,0.896,0.0,0.0,False,True,False,False,False,False,True,False,False,False,False,False,False,False,False,False,False,False,False,True,False,False,False,False,False,False,False,False,True,True,False,False
E00117,Y,32,2717,0,25.05133470225873,0.23246064339493497,0.0,0.0,0.0,0.0,0.0,4,678.5,804,1.0,1077.0,1077.0,0.13443135811556864,0.0,0.0,70830460.0,10.338333333333333,23.436666666666667,66.2,66.56222222222222,19.38632428915922,4.822984960833432,66.2,66.0,22.079379562043794,0.0,29.26553672316384,28.726256983240223,118.0,0.059322033898305086,0.9147286821705426,0.0,0.0,True,False,False,False,False,True,False,False,False,False,True,False,False,False,False,False,True,False,False,True,False,False,False,False,False,False,False,False,True,False,False,True
E00118,N,39,2680,1,31.66324435318275,0.18813948998753927,0.0,0.0,0.0,0.0,0.0,2,1339.5,2265,1.0,1221.0,1442.0,0.13628731343283582,0.0,0.0,23475653.0,5.913333333333333,20.618333333333336,59.94,65.47666666666666,20.28609745613976,-7.202944835845545,59.94,56.03,39.76899696048632,0.8247213779128673,83.69117647058823,72.46062992125984,109.5,0.0365296803652968,0.9279661016949152,0.0,0.0,False,True,False,False,False,True,False,False,False,False,False,False,False,False,True,False,False,True,False,True,False,False,False,False,False,False,True,False,False,False,True,False
E00119,Y,28,1892,0,22.924024640657084,0.18500048890192627,209.0,1.0,1.0,209.0,1.0,2,1311.0,1352,0.0,0.0,0.0,0.0,0.0,0.0,68531978.0,13.045,22.366666666666664,57.04,54.89111111111111,11.80317906799313,-1.2864346687427644,57.04,58.36333333333334,8.474074074074075,0.0,4.704142011834319,7.9916201117318435,112.0,0.0,0.9032258064516129,0.0,0.0,False,False,False,True,False,False,False,False,False,False,False,False,False,False,False,False,True,False,False,True,False,False,False,False,False,False,False,False,True,False,False,True
E00120,N,33,4627,1,20.331279945242983,0.38387986642606764,0.0,0.0,0.0,0.0,0.0,2,2313.0,4091,1.0,2073.0,2173.0,0.07893883725956342,0.0,0.0,59673122.0,5.1066666666666665,19.588333333333335,54.4,52.25222222222222,16.826911316235208,-1.2273930777529487,54.4,50.053333333333335,8.645892351274787,0.0,3.208,7.028938906752412,110.5,0.00904977375565611,0.9057377049180327,0.0,0.0,True,True,False,False,False,False,True,False,False,False,False,False,False,False,False,False,False,False,False,True,False,False,False,False,False,False,False,False,True,False,False,True
E00121,Y,31,1827,0,26.989733059548254,0.16135656090614028,35.0,1.0,1.0,35.0,0.0,2,913.0,1169,1.0,165.0,165.0,0.19991789819376027,0.0,0.0,69907948.0,-0.53,29.276,90.4,80.49444444444445,17.612773142744384,-3.6901549517735197,90.4,65.74666666666667,16.40358744394619,0.0,4.847058823529411,8.520348837209303,106.5,0.028169014084507043,0.9181034482758621,102.0,2.0,True,False,False,False,False,True,False,False,True,False,False,False,False,False,False,True,False,False,False,True,False,False,False,False,False,False,False,False,True,False,False,True
E00122,Y,34,217,0,33.607118412046546,0.017473930023754882,0.0,0.0,0.0,0.0,0.0,1,217.0,217,0.0,0.0,0.0,0.0,0.0,0.0,31425285.0,0.0,21.36,78.38,78.38,0.0,0.0,78.38,78.38,11.9375,0.0,11.9375,11.9375,21.0,0.0,1.0,0.0,0.0,True,False,False,False,True,False,False,False,False,False,False,True,False,False,False,False,False,False,True,True,False,False,False,False,False,False,False,False,True,False,False,True
E00123,Y,34,1264,0,30.85284052019165,0.10178362926279341,0.0,0.0,0.0,0.0,0.0,1,1264.0,1264,0.0,0.0,0.0,0.0,0.0,0.0,51524912.0,6.329999999999999,18.295,22.26,35.08571428571428,8.868661787708554,-6.44622917433034,22.26,27.366666666666664,7.192616372391654,0.0,10.088235294117647,7.98300283286119,74.0,0.006756756756756757,0.891566265060241,0.0,0.0,True,False,False,False,True,False,False,True,False,False,False,False,False,False,False,False,False,False,True,True,False,False,False,False,False,False,False,False,True,False,False,True
E00124,N,36,1622,1,26.784394250513348,0.1233553882424519,0.0,0.0,0.0,0.0,0.0,3,539.6666666666666,2173,1.0,52.0,1807.0,0.2251849568434032,0.0,0.0,6071431.0,-9.03,8.43,51.32,51.32,0.0,0.0,0.0,0.0,6.412371134020619,0.0,0.0,0.0,36.0,0.0,0.9230769230769231,0.0,0.0,True,False,False,False,True,False,False,False,False,True,False,False,False,False,False,False,False,False,True,True,False,False,False,False,False,False,False,False,True,False,False,True
E00125,N,41,1976,1,27.49075975359343,0.13195105257007395,0.0,0.0,0.0,0.0,0.0,3,412.2,3543,0.0,0.0,0.0,0.0,0.0,0.0,0.0,0.0,0.0,0.0,0.0,0.0,0.0,0.0,0.0,0.0,0.0,0.0,0.0,0.0,0.0,0.0,0.0,0.0,False,True,False,False,False,True,False,False,False,False,False,False,False,True,False,False,False,True,False,True,False,False,False,False,False,False,False,False,True,False,False,True
E00126,Y,43,1138,0,40.6570841889117,0.07245753943619375,555.0,1.0,1.0,555.0,0.0,2,378.6666666666667,165,0.0,0.0,0.0,0.0,0.0,0.0,57109296.0,6.105,17.3525,49.84,44.629999999999995,13.975674581214317,3.3974586185736584,49.84,50.46666666666667,10.180327868852459,0.0,12.0,10.636871508379889,75.0,0.0,0.9036144578313253,0.0,0.0,True,False,False,False,False,True,False,True,False,False,False,False,False,False,False,True,False,False,False,True,False,False,False,False,False,False,False,False,True,False,True,False
E00127,Y,43,1526,0,39.41683778234086,0.09716186746892062,0.0,0.0,0.0,0.0,0.0,3,380.75,165,1.0,165.0,165.0,0.23935124508519007,0.0,0.0,75190233.0,14.157999999999998,21.61,92.76,59.2825,22.475849737631087,10.919673458137723,92.76,73.74666666666667,29.83266932270916,0.0,28.068571428571428,27.632596685082873,96.0,0.08333333333333333,0.9142857142857143,0.0,0.0,False,False,False,False,True,False,False,False,False,False,False,False,False,False,True,False,False,True,False,True,False,False,False,False,False,False,False,False,True,False,True,False
E00128,Y,39,2826,0,31.68788501026694,0.1983888801137261,0.0,0.0,0.0,0.0,0.0,4,705.75,712,1.0,1077.0,1077.0,0.12924628450106157,0.0,0.0,83944460.0,8.438333333333333,24.34166666666667,79.02,71.13777777777779,15.348803518334726,7.664275063613746,79.02,82.05666666666666,11.387811634349031,0.0,11.203296703296703,11.208791208791208,123.5,0.020242914979757085,0.9080882352941176,0.0,0.0,False,False,False,False,False,True,False,False,False,False,False,False,True,False,False,True,False,False,False,True,False,False,False,True,False,False,False,False,False,False,True,False
E00129,N,33,2122,1,25.776865160848732,0.17605210213013087,0.0,0.0,0.0,0.0,0.0,3,889.3333333333334,1717,1.0,1166.0,1991.0,0.17212535344015079,0.0,0.0,43405559.0,1.3825000000000003,16.2375,53.88,50.671666666666674,5.267653810442243,4.47031087221089,0.0,0.0,-6.3700906344410875,0.0,0.0,0.0,73.5,0.2108843537414966,0.9074074074074074,0.0,0.0,True,False,False,False,False,True,False,False,False,False,False,True,False,False,False,False,False,True,False,True,False,False,False,False,False,False,False,False,True,False,False,True
E00130,Y,38,478,0,37.158110882956876,0.03443928095392485,0.0,0.0,0.0,0.0,0.0,1,478.0,478,0.0,0.0,0.0,0.0,0.0,0.0,48132324.0,7.305,14.71,31.22,30.835,0.54447222151364,1.5442307692303665,31.22,30.835,7.163934426229508,0.0,6.813131313131313,7.163934426229508,41.0,0.0,1.0,0.0,0.0,True,True,False,False,False,True,False,False,False,True,False,False,False,False,False,False,False,True,False,True,True,False,False,False,False,False,False,False,False,False,True,False
E00131,N,27,1636,1,22.376454483230663,0.16589347732400436,0.0,0.0,0.0,0.0,0.0,3,544.3333333333334,804,0.0,0.0,0.0,0.0,0.0,0.0,1266130.0,2.2016666666666667,19.165,55.95,60.68444444444444,8.745198841523141,-3.565827956320154,55.95,51.97666666666667,37.72592592592593,0.8679012345679012,125.0,87.95876288659794,91.0,0.04395604395604396,0.91,0.0,0.0,False,False,False,False,False,False,True,False,False,False,False,False,False,False,False,False,False,False,False,True,False,False,False,False,False,False,False,False,True,False,False,True
E00132,Y,40,453,0,39.644079397672826,0.031006160164271046,2225.0,2.0,0.5,1112.5,0.0,1,453.0,453,0.0,0.0,0.0,0.0,0.0,0.0,69001338.0,13.45,16.905,76.88,55.265,30.568226150694446,86.69752747250467,76.88,55.265,30.402714932126695,0.0,29.701657458563535,30.402714932126695,36.5,0.0,0.8902439024390244,0.0,0.0,False,False,False,True,False,False,False,False,False,True,False,False,False,False,False,True,False,False,False,True,False,False,False,False,False,False,False,False,True,False,True,False
E00133,N,38,1208,1,32.00547570157426,0.08703483554883101,1035.0,3.0,0.3333333333333333,345.0,0.0,1,1207.0,2211,0.0,0.0,0.0,0.0,0.0,0.0,13750349.0,1.8250000000000002,15.5075,54.7,52.858000000000004,3.79604004193844,3.844305578407356,0.0,0.0,48.080267558528426,0.4882943143812709,0.0,0.0,68.0,0.014705882352941176,0.9066666666666666,0.0,0.0,True,False,False,False,False,True,False,False,False,True,False,False,False,False,False,False,False,True,False,True,False,False,False,False,False,False,False,False,True,False,False,True
E00134,N,29,1449,1,24.681724845995895,0.13679813070877292,984.0,3.0,0.0,328.0,0.0,2,724.0,1169,0.0,0.0,0.0,0.0,0.0,0.0,32619143.0,4.228,14.242,14.14,30.7625,19.26408260394013,-11.60302628169374,14.14,15.673333333333334,28.75,0.4248633879781421,87.82,61.22299651567944,94.0,0.031914893617021274,0.9215686274509803,0.0,0.0,True,False,False,False,False,True,False,False,False,False,False,False,False,True,False,True,False,False,False,True,False,False,False,False,False,False,False,False,True,False,False,True
E00135,Y,40,2332,0,33.831622176591374,0.1596167008898015,0.0,0.0,0.0,0.0,0.0,2,1165.5,1717,0.0,0.0,0.0,0.0,0.0,0.0,65327959.0,4.388333333333333,22.69333333333333,70.15,59.205555555555556,17.583083568526252,10.353161777766399,70.15,71.45,10.525974025974026,0.0,7.882352941176471,10.153179190751445,105.5,0.009478672985781991,0.8940677966101694,0.0,0.0,False,False,False,False,False,True,False,True,False,False,False,False,False,False,False,True,False,False,False,True,False,False,False,True,False,False,False,False,False,False,True,False
E00136,N,44,1390,1,39.20602327173169,0.0864911953207641,3367.0,2.0,0.5,1683.5,0.0,3,346.5,621,1.0,295.0,896.0,0.26276978417266184,0.0,0.0,20240028.0,-1.1759999999999995,16.618000000000002,57.25,50.96714285714285,8.464076469183777,4.113693308257028,0.0,57.25,10.648286140089418,0.0,0.0,7.884615384615385,92.5,0.010810810810810811,0.9158415841584159,0.0,0.0,False,False,False,False,False,True,False,False,False,False,False,False,False,True,False,False,False,True,False,False,False,False,False,True,False,False,False,False,False,False,True,False
E00137,Y,44,413,0,43.43052703627652,0.025698463070126316,2293.0,2.0,0.5,1146.5,0.0,1,413.0,413,0.0,0.0,0.0,0.0,1.0,408.0,75824774.0,5.93,17.71,48.37,54.754999999999995,9.029753595752211,-25.610164835158105,48.37,54.754999999999995,3.6302083333333335,0.0,4.534090909090909,3.6302083333333335,41.5,0.024096385542168676,0.9431818181818182,0.0,0.0,True,False,False,False,False,True,False,False,False,False,False,False,False,False,True,True,False,False,False,False,False,False,False,False,False,False,False,False,True,False,True,False
E00138,Y,25,3394,0,16.421629021218344,0.3716906228610541,201.0,1.0,0.0,201.0,0.0,3,1130.6666666666667,2173,2.0,1086.0,712.0,0.2152327637006482,0.0,0.0,111843253.0,10.241666666666665,26.601666666666663,83.74,81.02888888888889,11.8707133783573,5.449444270206075,83.74,91.10000000000001,10.01078167115903,0.0,13.6353591160221,9.826446280991735,103.5,0.05314009661835749,0.9078947368421053,319.0,1.0,False,True,False,False,False,False,True,False,False,False,False,False,False,False,False,False,False,False,False,True,False,True,False,False,False,False,False,False,False,False,True,False
E00139,N,42,414,1,29.489390828199863,0.026987386330302142,0.0,0.0,0.0,0.0,0.0,1,413.0,4629,0.0,0.0,0.0,0.0,0.0,0.0,0.0,0.0,0.0,0.0,0.0,0.0,0.0,0.0,0.0,0.0,0.0,0.0,0.0,0.0,0.0,0.0,0.0,0.0,False,False,False,False,False,True,False,False,False,False,False,False,False,False,True,False,True,False,False,False,True,False,False,False,False,False,False,False,False,False,False,True
E00140,Y,35,3334,0,26.140999315537304,0.2607998435513836,1186.0,3.0,0.3333333333333333,395.3333333333333,0.0,1,3334.0,3334,2.0,1086.0,346.0,0.21910617876424715,1.0,563.0,117902125.0,9.091666666666667,27.993333333333336,88.2,88.08,13.191718045804341,6.10855813446194,88.2,93.96666666666665,9.276615104640582,0.0,7.65979381443299,7.9245283018867925,115.5,0.017316017316017316,0.9094488188976378,595.0,2.0,True,False,False,False,False,True,False,False,False,False,False,False,False,True,False,True,False,False,False,True,False,False,True,False,False,False,False,False,False,False,True,False
E00141,Y,35,1043,0,32.67077344284736,0.08158795345653662,3463.0,3.0,0.0,1154.3333333333333,0.0,1,1043.0,1043,0.0,0.0,0.0,0.0,0.0,0.0,82200326.0,4.97,23.986666666666668,64.66,65.074,7.928125881947132,-4.049319036336836,64.66,62.27,8.395793499043977,0.0,7.47191011235955,6.288043478260869,65.0,0.05384615384615385,0.9285714285714286,0.0,0.0,True,False,False,True,False,False,False,False,False,False,False,False,False,False,True,True,False,False,False,True,False,False,False,False,False,False,False,False,True,False,True,False
E00142,Y,42,402,0,41.47296372347707,0.0262051432482644,4922.0,3.0,0.3333333333333333,1640.6666666666667,0.0,1,402.0,402,0.0,0.0,0.0,0.0,0.0,0.0,96111443.0,25.455,30.115000000000002,98.74,96.19,3.6062445840513884,10.228021978019266,98.74,96.19,26.93193717277487,0.0,27.774725274725274,26.93193717277487,34.0,0.0,0.9444444444444444,0.0,0.0,False,False,False,False,True,False,False,False,True,False,False,False,False,False,False,False,False,False,True,True,False,False,False,False,False,False,False,False,True,True,False,False
E00143,Y,33,1404,0,30.151950718685832,0.11648310621616577,0.0,0.0,0.0,0.0,0.0,1,1404.0,1404,1.0,530.0,530.0,0.2601495726495726,0.0,0.0,74736595.0,9.8575,24.0925,96.82,68.56714285714285,19.895656740677275,10.1520894973342,96.82,83.53666666666666,27.37660485021398,0.8459343794579173,38.42134831460674,32.4478021978022,72.5,0.06896551724137931,0.90625,0.0,0.0,True,True,False,False,True,False,False,True,False,False,False,False,False,False,False,False,False,False,True,True,False,False,False,False,False,False,False,False,True,False,True,False
E00144,Y,40,910,0,37.998631074606436,0.06228610540725531,0.0,0.0,0.0,0.0,0.0,2,454.5,165,0.0,0.0,0.0,0.0,0.0,0.0,46992852.0,0.8866666666666667,25.03333333333333,48.62,63.65599999999999,15.68604730325648,-16.59443462210154,48.62,52.63333333333333,8.83442265795207,0.0,9.67379679144385,10.063492063492063,67.0,0.0,1.0,0.0,0.0,True,False,False,False,False,True,False,True,False,False,False,False,False,False,False,False,False,True,False,True,False,False,False,False,False,False,False,False,True,False,True,False
E00145,N,35,3155,1,20.164271047227928,0.246797692382908,1116.0,2.0,0.0,558.0,0.0,3,1051.0,4364,2.0,865.5,2722.0,0.23153724247226623,0.0,0.0,0.0,0.0,0.0,0.0,0.0,0.0,0.0,0.0,0.0,0.0,0.0,0.0,0.0,0.0,0.0,0.0,0.0,0.0,False,False,False,False,False,False,True,False,False,False,False,False,False,False,False,False,False,False,False,True,False,False,False,False,False,False,False,False,True,False,True,False
E00146,N,37,1617,1,26.95687885010267,0.11965147899439481,1031.0,1.0,1.0,1031.0,0.0,2,807.5,2722,1.0,776.0,3087.0,0.2258812615955473,0.0,0.0,0.0,0.0,0.0,0.0,0.0,0.0,0.0,0.0,0.0,0.0,0.0,0.0,0.0,0.0,0.0,0.0,0.0,0.0,True,True,False,True,False,False,False,False,False,False,False,True,False,False,False,False,True,False,False,True,False,False,False,False,False,False,False,False,True,False,True,False
E00147,N,36,1736,1,26.718685831622178,0.1320252490683702,0.0,0.0,0.0,0.0,0.0,3,577.6666666666666,2265,0.0,0.0,0.0,0.0,0.0,0.0,29366676.0,0.0,0.0,0.0,0.0,0.0,0.0,0.0,0.0,-87.11,1.49,0.0,0.0,24.0,0.0,1.0,0.0,0.0,False,True,False,False,False,True,False,False,False,False,False,False,False,False,True,False,False,True,False,True,False,False,False,False,False,False,False,False,True,False,False,True
E00148,N,30,3948,1,19.33744010951403,0.36030116358658454,0.0,0.0,0.0,0.0,0.0,2,1973.5,3543,1.0,2206.0,2357.0,0.09251519756838907,0.0,0.0,48011319.0,3.033333333333333,20.400000000000002,54.56,62.05888888888889,8.487640196845712,-2.187923253784272,54.56,55.903333333333336,40.712180746561884,0.8261296660117878,95.61764705882354,62.44947735191638,114.5,0.021834061135371178,0.916,0.0,0.0,False,False,False,False,False,False,True,False,False,False,False,False,False,False,False,False,False,False,False,True,False,False,False,False,False,False,False,False,True,False,False,True
E00149,N,29,1310,1,22.091718001368925,0.12367532866010526,614.0,2.0,0.0,307.0,0.0,2,654.0,2082,0.0,0.0,0.0,0.0,0.0,0.0,37351800.0,-9.315,9.075,39.9,44.59,6.63266160752982,-18.708743169402744,0.0,0.0,-125.78525641025641,1.141025641025641,0.0,0.0,46.0,0.043478260869565216,1.0,0.0,0.0,True,False,False,False,False,False,True,False,False,False,False,False,False,False,False,False,False,False,False,True,False,False,False,False,True,False,False,False,False,False,False,True
E00150,Y,34,811,0,32.1368925393566,0.0653057937754157,0.0,0.0,0.0,0.0,1.0,2,405.0,346,0.0,0.0,0.0,0.0,0.0,0.0,67049233.0,10.246666666666666,17.69333333333333,40.1,46.06,6.730408605723728,-9.584181237802694,40.1,42.846666666666664,20.33995037220844,0.27791563275434245,10.778378378378378,19.45257452574526,43.0,0.0,0.8958333333333334,0.0,0.0,True,False,False,False,False,True,False,False,False,False,False,False,False,False,False,False,False,True,False,True,False,False,False,False,False,False,False,False,True,False,True,False
E00151,Y,45,2079,0,39.39219712525667,0.12648870636550308,0.0,0.0,0.0,0.0,1.0,2,1039.0,1534,1.0,1077.0,1077.0,0.1756854256854257,0.0,0.0,76041660.0,11.888333333333334,23.765,68.92,64.44888888888889,21.951098744962884,7.439086481457208,68.92,72.35000000000001,-45.42090395480226,0.0,9.32596685082873,6.7315068493150685,106.0,0.0,1.0,0.0,0.0,True,False,False,False,True,False,False,False,False,False,False,False,False,False,False,False,False,False,True,True,False,False,False,False,False,False,False,False,True,False,True,False
E00152,N,34,470,1,22.770704996577688,0.037846760880943756,0.0,0.0,0.0,0.0,0.0,1,469.0,4427,0.0,0.0,0.0,0.0,0.0,0.0,0.0,0.0,0.0,0.0,0.0,0.0,0.0,0.0,0.0,0.0,0.0,0.0,0.0,0.0,0.0,0.0,0.0,0.0,True,False,False,False,False,True,False,False,False,False,False,False,False,False,True,False,False,True,False,True,False,False,False,False,False,False,False,False,True,False,False,True
E00153,N,39,36,1,38.19849418206708,0.002527246880429632,0.0,0.0,0.0,0.0,1.0,1,35.0,433,0.0,0.0,0.0,0.0,0.0,0.0,1332223.0,0.0,0.0,56.45,56.45,0.0,0.0,0.0,56.45,0.0,0.0,0.0,0.0,20.5,0.0975609756097561,0.8913043478260869,0.0,0.0,False,True,False,False,False,True,False,False,False,False,False,False,False,False,False,False,False,True,False,True,False,False,False,False,False,False,False,False,True,False,True,False
E00154,N,35,2088,1,21.634496919917865,0.16333235552948078,0.0,0.0,0.0,0.0,0.0,1,2087.0,4979,1.0,561.0,3452.0,0.17492816091954022,0.0,0.0,0.0,0.0,0.0,0.0,0.0,0.0,0.0,0.0,0.0,0.0,0.0,0.0,0.0,0.0,0.0,0.0,0.0,0.0,True,True,False,False,False,False,True,False,False,False,False,False,False,False,False,False,False,False,False,True,False,False,False,True,False,False,False,False,False,False,False,True
E00155,Y,43,2401,0,36.89801505817933,0.15287394743963198,0.0,0.0,0.0,0.0,0.0,1,1669.0,2290,1.0,1077.0,1077.0,0.1521241149521033,0.0,0.0,81335856.0,9.468333333333334,24.19666666666667,53.06,70.40222222222222,13.076326680090421,-2.4019942536639416,53.06,62.23666666666667,11.12430426716141,0.0,14.833333333333334,13.35243553008596,118.5,0.0,0.92578125,0.0,0.0,True,False,False,False,False,True,False,False,False,False,False,False,False,True,False,False,False,True,False,False,False,False,True,False,False,False,False,False,False,True,False,False
E00156,N,36,1693,1,25.492128678986994,0.12875503840596242,287.0,2.0,0.0,143.5,0.0,3,563.3333333333334,2722,0.0,0.0,0.0,0.0,0.0,0.0,0.0,0.0,0.0,0.0,0.0,0.0,0.0,0.0,0.0,0.0,0.0,0.0,0.0,0.0,0.0,0.0,0.0,0.0,False,False,False,False,False,True,False,False,False,True,False,False,False,False,False,False,True,False,False,True,False,False,False,False,False,False,False,False,True,False,False,True
E00157,N,41,2571,1,30.647501711156742,0.17168327740772274,0.0,0.0,0.0,0.0,0.0,2,1832.0,3360,1.0,196.0,1442.0,0.14206534422403733,0.0,0.0,40960248.0,2.936666666666666,16.98333333333333,61.0,73.535,12.653825508517176,-2.258562568230462,0.0,0.0,-104.41484716157206,0.537117903930131,0.0,0.0,62.0,0.016129032258064516,1.0,0.0,0.0,True,False,False,True,False,False,False,True,False,False,False,False,False,False,False,False,True,False,False,True,True,False,False,False,False,False,False,False,False,False,True,False
E00158,Y,40,141,0,39.917864476386036,0.009650924024640658,0.0,0.0,0.0,0.0,1.0,1,141.0,141,0.0,0.0,0.0,0.0,0.0,0.0,23699827.0,0.0,16.79,0.0,0.0,0.0,0.0,0.0,0.0,46.22222222222222,0.25396825396825395,46.22222222222222,46.22222222222222,19.5,0.0,0.9285714285714286,0.0,0.0,True,False,False,False,False,True,False,False,False,False,False,False,False,False,False,False,True,False,False,True,False,False,False,False,False,False,True,False,False,False,True,False
E00159,N,38,3659,1,25.97946611909651,0.26362621131885156,404.0,1.0,0.0,404.0,0.0,4,913.75,2538,1.0,1363.0,2357.0,0.09982235583492759,0.0,0.0,19052420.0,3.2550000000000003,16.015,52.5,53.284000000000006,1.4695169274288742,0.22574883775724883,0.0,0.0,7.631762652705061,0.0,0.0,0.0,78.0,0.26282051282051283,0.896551724137931,319.0,2.0,False,False,False,False,False,True,False,False,False,True,False,False,False,False,False,False,False,True,False,True,False,False,False,False,False,False,False,True,False,False,False,True
E00160,Y,25,1518,0,20.93634496919918,0.16624229979466118,0.0,0.0,0.0,0.0,0.0,1,1518.0,1518,0.0,0.0,0.0,0.0,0.0,0.0,58902238.0,11.888,20.240000000000002,50.98,49.17375,12.730578415206214,-3.7199132953515854,50.98,38.71,9.831357048748353,0.0,7.707446808510638,8.830136986301369,85.0,0.01764705882352941,0.9139784946236559,0.0,0.0,False,True,False,False,False,False,True,False,False,False,False,False,False,False,False,False,False,False,False,True,False,False,False,False,False,False,False,False,True,False,False,True
E00161,Y,38,1434,0,34.223134839151264,0.10331784286177456,0.0,0.0,0.0,0.0,0.0,2,716.5,712,1.0,530.0,530.0,0.2547071129707113,0.0,0.0,72233063.0,8.12,25.145,79.5,72.28571428571429,19.275558666476105,10.242523299925766,79.5,89.85333333333334,20.32956152758133,0.0,8.03370786516854,8.28099173553719,70.5,0.04964539007092199,0.8597560975609756,0.0,0.0,True,True,False,False,True,False,False,False,True,False,False,False,False,False,False,False,False,False,True,True,False,False,False,False,False,False,False,False,True,False,True,False
E00162,Y,30,1310,0,26.822724161533195,0.11955281770476843,0.0,0.0,0.0,0.0,0.0,2,654.5,804,0.0,0.0,0.0,0.0,0.0,0.0,56267660.0,6.335,20.8325,41.08,47.965714285714284,8.403994798393715,-1.8576127538576863,41.08,44.82666666666666,7.525581395348837,0.0,8.272727272727273,8.446280991735538,81.0,0.0,0.9642857142857143,0.0,0.0,False,False,False,False,False,True,False,False,False,False,True,False,False,False,False,False,False,True,False,True,False,False,False,False,False,False,False,False,True,False,False,True
E00163,Y,43,1710,0,38.94318959616701,0.10887732199990449,0.0,0.0,0.0,0.0,0.0,3,569.3333333333334,712,1.0,346.0,346.0,0.2135964912280702,0.0,0.0,68335566.0,4.75,29.772000000000002,73.55,82.4388888888889,6.7899271801037075,1.336861308601492,73.55,85.40666666666668,14.469178082191782,0.1598173515981735,11.481081081081081,8.716931216931217,96.5,0.046632124352331605,0.965,0.0,0.0,False,False,False,False,False,True,False,False,False,False,False,False,True,False,False,False,False,True,False,True,False,False,False,False,True,False,False,False,False,True,False,False
E00164,Y,26,583,0,25.248459958932237,0.06139103880376981,1961.0,2.0,0.5,980.5,0.0,2,291.0,165,0.0,0.0,0.0,0.0,0.0,0.0,70300374.0,-2.0,29.119999999999997,100.0,87.65666666666668,14.32426728783477,28.05914440696054,100.0,87.65666666666668,15.97508896797153,0.0,19.791907514450866,15.97508896797153,31.0,0.0,0.9117647058823529,0.0,0.0,False,True,False,False,False,True,False,False,False,False,False,False,False,False,True,False,True,False,False,True,False,False,False,False,False,False,False,False,True,False,False,True
E00165,N,32,454,1,31.71526351813826,0.038843258042436685,1763.0,1.0,0.0,1763.0,0.0,2,226.0,73,0.0,0.0,0.0,0.0,0.0,0.0,72103501.0,7.07,10.455,52.4,54.425,2.863782463805518,-8.122252747250622,52.4,54.425,80.07207207207207,2.4504504504504503,94.69444444444444,80.07207207207207,34.5,0.057971014492753624,0.9078947368421053,0.0,0.0,False,True,False,False,False,True,False,False,False,False,False,False,False,False,True,False,True,False,False,True,False,False,False,False,False,False,False,False,True,False,True,False
E00166,Y,38,3225,0,29.43189596167009,0.23235707338160597,1039.0,2.0,0.0,519.5,0.0,4,805.5,621,2.0,812.5,530.0,0.22651162790697676,0.0,0.0,129449157.0,11.135,23.338333333333335,71.08,66.17666666666668,31.147443715335612,-2.121798033411978,71.08,84.94666666666667,-12.510521500457456,0.0,8.494505494505495,12.572222222222223,129.0,0.03875968992248062,0.9772727272727273,0.0,0.0,True,False,False,False,False,True,False,False,False,False,False,False,False,False,True,True,False,False,False,True,True,False,False,False,False,False,False,False,False,False,True,False
E00167,N,26,1877,1,11.887748117727584,0.19765176644026747,0.0,0.0,0.0,0.0,0.0,3,628.25,4274,1.0,162.0,3634.0,0.1945924347362813,0.0,0.0,0.0,0.0,0.0,0.0,0.0,0.0,0.0,0.0,0.0,0.0,0.0,0.0,0.0,0.0,0.0,0.0,0.0,0.0,False,False,False,False,False,False,True,False,False,False,False,False,False,False,False,False,False,False,False,True,False,False,False,False,False,False,False,False,True,False,False,True
E00168,N,43,2625,1,35.79192334017796,0.16713623991213408,2093.0,1.0,0.5,2093.0,0.0,1,2624.0,2856,1.0,115.0,346.0,0.13914285714285715,0.0,0.0,25438199.0,5.933333333333334,22.063333333333333,77.78,69.72777777777777,21.77778098072539,0.07195125329160766,77.78,76.91000000000001,-44.60958904109589,0.24755381604696672,88.74603174603175,67.05555555555556,112.0,0.008928571428571428,1.0,0.0,0.0,True,False,False,False,True,False,False,False,False,True,False,False,False,False,False,False,False,False,True,True,False,False,False,False,False,False,False,False,True,False,True,False
E00169,N,33,2916,1,23.822039698836413,0.24192645137203658,812.0,1.0,0.0,812.0,0.0,2,1822.5,2265,1.0,722.0,1261.0,0.12525720164609053,0.0,0.0,38487350.0,3.5799999999999996,21.904,76.25,79.37142857142858,14.910953947318314,3.9388046047419474,0.0,76.25,10.077777777777778,0.0,0.0,15.457831325301205,89.5,0.0111731843575419,0.9040404040404041,655.0,2.0,True,False,False,False,True,False,False,False,True,False,False,False,False,False,False,False,False,False,True,True,False,False,False,False,False,False,False,False,True,False,True,False
E00170,N,28,2936,1,18.70773442847365,0.2870832111078518,99.0,1.0,1.0,99.0,0.0,1,2935.0,3663,1.0,534.0,1261.0,0.12440395095367848,0.0,0.0,59177927.0,-0.29499999999999993,15.7125,49.95,49.63833333333333,5.003460469181971,1.854786382536159,0.0,0.0,9.68941504178273,0.0,0.0,8.0,74.0,0.006756756756756757,0.9367088607594937,0.0,0.0,False,True,False,False,False,False,True,False,False,False,False,False,False,False,False,False,False,False,False,True,False,False,False,False,False,False,False,False,True,False,False,True
E00171,Y,34,2138,0,28.396988364134156,0.1721624994967186,0.0,0.0,0.0,0.0,0.0,1,2138.0,2138,1.0,346.0,346.0,0.1708372310570627,0.0,0.0,59914080.0,8.736666666666666,23.396666666666665,82.32,62.88333333333334,15.449658572279194,7.8499955398173675,82.32,77.14,-44.65777777777778,0.0,10.053763440860216,10.361038961038961,110.0,0.01818181818181818,1.0,0.0,0.0,True,False,False,False,True,False,False,False,False,False,False,False,True,False,False,False,False,True,False,True,True,False,False,False,False,False,False,False,False,False,True,False
E00172,N,30,2682,1,22.094455852156056,0.24476386036960984,0.0,0.0,0.0,0.0,0.0,4,829.25,346,1.0,479.0,712.0,0.13618568232662193,0.0,0.0,21035000.0,4.968333333333333,20.613333333333333,56.9,63.01111111111111,15.969095500719856,4.288566435895207,56.9,67.67333333333333,1.4304435483870968,0.0,-45.22950819672131,-28.123456790123456,95.0,0.10526315789473684,0.9047619047619048,0.0,0.0,True,True,False,False,False,False,True,False,False,False,False,False,False,False,False,False,False,False,False,True,False,False,False,False,False,False,False,False,True,False,False,True
E00173,N,35,1536,1,26.49965776865161,0.12015253740099736,51.0,1.0,0.0,51.0,0.0,1,1536.0,3227,1.0,482.0,2173.0,0.23779296875,0.0,0.0,23073571.0,-3.21,8.97,49.2,49.2,0.0,0.0,0.0,0.0,76.74299065420561,1.294392523364486,0.0,0.0,32.0,0.015625,0.8421052631578947,0.0,0.0,False,False,False,False,False,True,False,True,False,False,False,False,False,False,False,False,True,False,False,True,False,False,False,False,False,False,False,True,False,False,False,True
E00174,N,31,834,1,24.971937029431896,0.07365701795058621,1896.0,3.0,0.3333333333333333,632.0,0.0,1,834.0,2220,0.0,0.0,0.0,0.0,0.0,0.0,10782620.0,-1.5166666666666668,14.770000000000001,46.9,53.02,5.3435194394705805,-8.489732183067652,0.0,0.0,11.240208877284596,0.0,0.0,0.0,53.0,0.0,0.8983050847457628,0.0,0.0,False,False,False,False,True,False,False,False,False,False,False,True,False,False,False,False,False,True,False,True,False,False,False,False,False,False,False,False,True,False,True,False
E00175,N,26,3209,1,17.32785763175907,0.337913968304112,1646.0,3.0,0.3333333333333333,548.6666666666666,0.0,2,1603.5,2995,1.0,818.0,1077.0,0.11382050483016516,1.0,357.5,21026078.0,6.206666666666667,21.101666666666667,71.96,63.45666666666667,29.076021908094653,-12.097255594793745,71.96,45.41333333333333,1.2959501557632398,0.0,-46.025,-32.22522522522522,103.5,0.13043478260869565,0.9241071428571429,380.0,2.0,False,False,False,False,False,False,True,False,False,False,False,False,False,False,False,False,False,False,False,True,False,False,False,False,False,False,False,False,True,False,True,False
E00176,Y,37,167,0,37.46748802190281,0.01235732652570435,0.0,0.0,0.0,0.0,0.0,1,167.0,167,0.0,0.0,0.0,0.0,0.0,0.0,24447487.0,0.0,14.01,33.8,33.8,0.0,0.0,33.8,33.8,25.4,0.0,25.4,25.4,15.5,0.0,0.96875,0.0,0.0,False,False,False,False,False,True,False,False,False,False,True,False,False,False,False,True,False,False,False,True,False,False,False,False,False,False,False,False,True,False,False,True
E00177,Y,31,239,0,30.392881587953458,0.021107946391115233,1886.0,3.0,0.3333333333333333,628.6666666666666,1.0,1,239.0,239,0.0,0.0,0.0,0.0,0.0,0.0,45038366.0,0.0,16.14,49.28,49.28,0.0,0.0,49.28,49.28,12.35593220338983,0.0,12.35593220338983,12.35593220338983,16.0,0.0,1.0,0.0,0.0,False,False,False,False,False,True,False,False,False,False,False,False,False,False,False,False,False,True,False,True,False,False,False,False,False,False,False,False,True,False,False,True
E00178,Y,34,1692,0,30.132785763175907,0.1362483391713975,0.0,0.0,0.0,0.0,0.0,1,1692.0,1692,0.0,0.0,0.0,0.0,0.0,0.0,63897404.0,2.378,28.238,93.5,78.21666666666667,16.60691271729938,6.235957093437286,93.5,95.55333333333333,10.617224880382775,0.0,12.105555555555556,9.476190476190476,98.0,0.02040816326530612,0.8828828828828829,0.0,0.0,True,True,False,True,False,False,False,False,False,True,False,False,False,False,False,False,False,True,False,True,False,False,False,False,False,False,False,False,True,False,False,True
E00179,Y,30,208,0,29.913757700205338,0.018982432124115902,1678.0,2.0,0.5,839.0,0.0,1,208.0,208,0.0,0.0,0.0,0.0,0.0,0.0,42866332.0,0.0,15.46,42.95,42.95,0.0,0.0,42.95,42.95,25.153061224489797,1.0,25.153061224489797,25.153061224489797,15.0,0.0,0.9375,0.0,0.0,True,False,False,True,False,False,False,False,False,True,False,False,False,False,False,False,False,True,False,True,False,False,False,False,False,False,True,False,False,False,True,False
E00180,N,36,1514,1,31.121149897330596,0.11514183588105559,0.0,0.0,0.0,0.0,0.0,3,503.6666666666667,438,0.0,0.0,0.0,0.0,0.0,0.0,12016889.0,0.8479999999999996,21.438,71.08,67.82222222222222,15.034272328398357,7.1811059752552,71.08,75.32666666666667,41.90482573726541,1.2935656836461127,77.29032258064517,80.33170731707317,90.5,0.03314917127071823,0.8872549019607843,0.0,0.0,False,False,False,False,True,False,False,True,False,False,False,False,False,False,False,False,False,False,True,True,False,False,False,False,False,False,False,False,True,False,False,True
E00181,N,31,1615,1,20.041067761806982,0.14263319423284979,0.0,0.0,0.0,0.0,0.0,3,537.6666666666666,3087,1.0,234.0,2903.0,0.2261609907120743,0.0,0.0,0.0,0.0,0.0,0.0,0.0,0.0,0.0,0.0,0.0,0.0,0.0,0.0,0.0,0.0,0.0,0.0,0.0,0.0,False,True,False,False,False,False,True,False,False,False,False,False,False,False,False,False,False,False,False,True,False,False,False,False,False,False,False,False,False,False,False,True
E00182,N,43,1234,1,32.80766598220397,0.07856995049583751,822.0,3.0,0.3333333333333333,274.0,0.0,1,616.0,3544,0.0,0.0,0.0,0.0,0.0,0.0,0.0,0.0,0.0,0.0,0.0,0.0,0.0,0.0,0.0,0.0,0.0,0.0,0.0,0.0,0.0,0.0,0.0,0.0,True,False,False,False,False,True,False,False,True,False,False,False,False,False,False,False,False,True,False,True,False,False,False,False,False,False,False,False,True,False,False,True
E00183,Y,26,4028,0,15.808350444900753,0.4241562680987732,1287.0,3.0,0.0,429.0,0.0,3,1342.0,2630,2.0,1268.5,1077.0,0.18135551142005957,0.0,0.0,159069229.0,9.391666666666667,25.003333333333334,84.35,78.76,14.829191650255245,8.608219837846043,84.35,89.71,34.18645640074212,0.8413729128014842,35.47849462365591,35.79132791327913,118.5,0.07172995780590717,0.9186046511627907,0.0,0.0,False,True,False,False,False,False,True,False,False,False,False,False,False,False,False,False,False,False,False,True,False,False,False,False,False,False,True,False,False,False,True,False
E00184,Y,32,1688,0,27.79192334017796,0.14442162902121836,0.0,0.0,0.0,0.0,0.0,3,562.0,346,0.0,0.0,0.0,0.0,0.0,0.0,50088436.0,3.246,23.580000000000002,63.15,63.76555555555555,10.994258855319798,5.62710575543872,63.15,70.70333333333333,27.69894982497083,0.7176196032672112,45.28648648648649,44.04931506849315,93.0,0.0967741935483871,0.8942307692307693,0.0,0.0,False,False,False,False,False,True,False,False,False,False,True,False,False,False,False,False,True,False,False,True,False,False,False,False,False,False,False,False,True,False,True,False
E00185,N,28,1868,1,20.317590691307323,0.18265375965581304,472.0,2.0,0.0,236.0,0.0,3,621.6666666666666,1807,1.0,1059.0,2173.0,0.19552997858672377,0.0,0.0,61315285.0,5.193333333333334,16.94666666666667,61.0,68.4675,15.329630078163447,-19.353731240331904,0.0,0.0,-3.816046966731898,0.21330724070450097,0.0,0.0,53.0,0.14150943396226415,0.8833333333333333,85.0,1.0,False,False,False,False,False,False,True,False,False,False,False,False,False,False,False,False,False,False,False,True,False,False,False,False,False,True,False,False,False,False,False,True
E00186,Y,29,3157,0,20.689938398357288,0.2980481012060705,474.0,1.0,0.0,474.0,0.0,4,1268.25,1169,2.0,1178.0,1077.0,0.23139056065885333,0.0,0.0,96853226.0,10.35,25.385,93.4,78.4511111111111,20.465913395475688,10.859518294794004,93.4,97.24000000000001,23.507992895204264,0.0,28.81592039800995,26.403022670025187,97.0,0.02577319587628866,0.8899082568807339,0.0,0.0,True,False,False,False,False,False,True,False,False,False,False,False,False,False,False,False,False,False,False,True,False,False,False,False,False,False,False,False,True,False,True,False
E00187,Y,33,4700,0,20.27104722792608,0.38993632422790536,0.0,0.0,0.0,0.0,0.0,3,1566.0,3360,2.0,1816.5,1807.0,0.15542553191489364,0.0,0.0,115460463.0,8.173333333333334,26.03333333333333,100.0,81.02888888888889,17.25164082373358,11.223473235576394,100.0,94.86666666666667,29.266233766233768,0.4842300556586271,32.85227272727273,27.754874651810585,113.0,0.12389380530973451,0.8560606060606061,0.0,0.0,True,False,False,False,False,False,True,False,False,False,False,False,False,False,False,False,False,False,False,True,False,False,False,False,False,False,False,False,True,False,True,False
E00188,N,30,1483,1,17.399041752224505,0.1353410905772302,0.0,0.0,0.0,0.0,0.0,3,493.3333333333333,3268,0.0,0.0,0.0,0.0,0.0,0.0,0.0,0.0,0.0,0.0,0.0,0.0,0.0,0.0,0.0,0.0,0.0,0.0,0.0,0.0,0.0,0.0,0.0,0.0,True,False,False,False,False,False,True,False,False,False,False,False,False,False,False,False,False,False,False,True,False,False,False,False,False,False,False,False,True,False,False,True
E00189,Y,41,1460,0,37.06502395619439,0.09749419876128947,0.0,0.0,0.0,0.0,0.0,2,729.5,712,0.0,0.0,0.0,0.0,0.0,0.0,51324155.0,2.1475,21.4625,43.08,54.61875,12.372125856710554,-9.377356884253809,43.08,43.64666666666667,7.955369595536959,0.0,8.234972677595628,6.75,103.0,0.009708737864077669,1.0,0.0,0.0,False,False,False,False,False,True,False,False,True,False,False,False,False,False,False,True,False,False,False,True,False,False,False,False,True,False,False,False,False,False,True,False
E00190,Y,40,649,0,38.562628336755644,0.044421629021218344,0.0,0.0,0.0,0.0,0.0,1,649.0,649,0.0,0.0,0.0,0.0,0.0,0.0,52816574.0,3.71,21.715,68.55,43.913333333333334,23.256806172244143,46.2014917082623,68.55,43.913333333333334,23.93125,0.0,25.195652173913043,23.93125,40.5,0.037037037037037035,0.9,0.0,0.0,False,False,False,False,False,True,False,False,False,False,True,False,False,False,False,True,False,False,False,True,False,False,False,False,False,False,False,False,True,False,True,False
E00191,N,39,2826,1,30.477754962354553,0.1983888801137261,0.0,0.0,0.0,0.0,0.0,1,1500.0,888,1.0,743.0,1077.0,0.12924628450106157,0.0,0.0,2320431.0,5.5200000000000005,22.84166666666667,53.35,69.12,20.879722220374482,-11.820398985064472,53.35,53.63333333333333,10.29094827586207,0.0,-5.125,9.396907216494846,102.0,0.0392156862745098,0.918918918918919,0.0,0.0,False,False,False,True,False,False,False,False,False,False,False,False,False,True,False,True,False,False,False,False,False,False,False,False,False,True,False,False,False,False,True,False
E00192,Y,27,611,0,26.310746064339494,0.0619565492939894,0.0,0.0,0.0,0.0,0.0,2,305.0,165,0.0,0.0,0.0,0.0,0.0,0.0,53664947.0,-0.725,22.375,50.18,46.50333333333333,3.2072781814699733,5.123895855639284,50.18,46.50333333333333,16.66216216216216,0.13851351351351351,24.717514124293785,16.66216216216216,36.5,0.0,0.8902439024390244,0.0,0.0,False,False,False,False,False,True,False,False,False,False,False,True,False,False,False,False,False,True,False,True,False,False,False,False,False,False,True,False,False,False,False,True
E00193,Y,38,3969,0,28.10130047912389,0.28596130984545554,1165.0,1.0,0.0,1165.0,0.0,5,660.6666666666666,1261,2.0,1268.5,896.0,0.18405139833711262,0.0,0.0,105674307.0,7.1066666666666665,22.688333333333333,61.3,56.69888888888889,24.39420958160176,-9.833299521618999,61.3,38.88666666666666,8.737614678899083,0.0,6.994350282485875,6.711864406779661,118.0,0.00847457627118644,0.9516129032258065,0.0,0.0,True,False,True,False,False,False,False,False,False,False,True,False,False,False,False,True,False,False,False,True,False,False,False,False,False,False,False,False,True,True,False,False
E00194,N,27,335,1,16.514715947980836,0.033969630136639034,899.0,2.0,0.5,449.5,0.0,1,334.0,3882,0.0,0.0,0.0,0.0,0.0,0.0,0.0,0.0,0.0,0.0,0.0,0.0,0.0,0.0,0.0,0.0,0.0,0.0,0.0,0.0,0.0,0.0,0.0,0.0,False,False,False,False,False,False,True,False,False,False,False,False,False,False,False,False,False,False,False,True,False,False,False,False,False,False,False,False,True,False,False,True
E00195,N,31,1561,1,18.579055441478438,0.13786403479720033,0.0,0.0,0.0,0.0,0.0,3,519.3333333333334,3360,1.0,708.0,3818.0,0.23398462524023061,0.0,0.0,0.0,0.0,0.0,0.0,0.0,0.0,0.0,0.0,0.0,0.0,0.0,0.0,0.0,0.0,0.0,0.0,0.0,0.0,True,False,False,False,False,False,True,False,False,False,False,False,False,False,False,False,False,False,False,True,False,False,True,False,False,False,False,False,False,False,False,True
E00196,N,42,1453,1,30.223134839151268,0.09471659985007008,0.0,0.0,0.0,0.0,0.0,1,1452.0,4629,1.0,276.0,3452.0,0.2513764624913971,0.0,0.0,0.0,0.0,0.0,0.0,0.0,0.0,0.0,0.0,0.0,0.0,0.0,0.0,0.0,0.0,0.0,0.0,0.0,0.0,False,False,False,False,False,True,False,False,False,False,False,True,False,False,False,False,True,False,False,True,False,False,False,False,False,False,False,False,True,False,True,False
E00197,Y,34,2182,0,28.971937029431896,0.17570560051536016,1686.0,2.0,0.0,843.0,0.0,2,1090.5,1534,1.0,165.0,165.0,0.1673923006416132,0.0,0.0,86477081.0,8.976666666666667,21.158333333333335,91.4,54.08222222222222,25.381934903478978,-5.774716621629923,91.4,49.376666666666665,28.378504672897197,0.697196261682243,29.74863387978142,28.375706214689266,107.0,0.04672897196261682,0.8991596638655462,0.0,0.0,False,False,False,True,False,False,False,False,False,False,True,False,False,False,False,False,False,True,False,True,False,False,False,False,False,False,False,False,True,False,True,False
E00198,Y,25,3827,0,14.677618069815194,0.4191101984941821,0.0,0.0,0.0,0.0,0.0,3,1275.0,2357,2.0,1268.5,712.0,0.19088058531486804,0.0,0.0,121431287.0,7.710000000000001,23.888333333333332,84.82,62.61555555555555,32.404284481805455,13.921106394351293,84.82,85.58333333333333,9.415254237288135,0.0,11.171122994652407,10.778364116094988,116.5,0.030042918454935622,0.91015625,0.0,0.0,True,True,False,False,False,False,True,False,False,False,False,False,False,False,False,False,False,False,False,True,False,False,False,False,False,True,False,False,False,False,True,False
E00199,Y,45,5325,0,30.861054072553046,0.323979009810632,786.0,2.0,0.0,393.0,0.0,2,2662.0,4729,3.0,1210.6666666666667,165.0,0.20577464788732394,1.0,413.0,161967410.0,9.236666666666666,26.084999999999997,91.09,77.41111111111111,16.566538899574383,-0.6772285617065956,91.09,71.49,-49.18744394618834,0.0,10.22340425531915,14.236702127659575,101.0,0.0297029702970297,1.0,245.0,1.0,True,False,False,False,False,True,False,False,False,False,False,False,False,False,True,False,False,True,False,False,False,False,False,False,True,False,False,False,False,False,True,False
E00200,Y,25,3722,0,15.75085557837098,0.40761122518822723,562.0,2.0,0.5,281.0,0.0,3,1240.0,2538,1.0,1442.0,1442.0,0.09813272434175174,0.0,0.0,108367914.0,9.856666666666667,26.151666666666667,42.44,80.14,16.226038487566825,-3.3748011402732137,42.44,77.78666666666666,9.992673992673993,0.0,13.182320441988951,11.876712328767123,111.5,0.004484304932735426,0.9139344262295082,224.0,1.0,True,False,False,False,False,False,True,False,False,False,False,False,False,False,False,False,False,False,False,True,False,False,False,False,False,False,False,False,False,False,False,True
E00201,Y,34,631,0,33.100616016427104,0.05081128960824576,0.0,0.0,0.0,0.0,0.0,2,315.0,165,0.0,0.0,0.0,0.0,0.0,0.0,48752952.0,-3.52,21.835,23.95,45.57666666666666,21.565264508772742,-43.1295541888751,23.95,45.57666666666666,9.173501577287066,0.0,9.675531914893616,9.173501577287066,42.5,0.0,0.9883720930232558,0.0,0.0,True,False,False,False,False,True,False,False,False,False,True,False,False,False,False,False,False,True,False,True,False,False,False,False,False,False,False,False,True,False,False,True
E00202,N,44,4239,1,32.511978097193705,0.26376703378756766,0.0,0.0,0.0,0.0,0.0,3,1310.0,2265,1.0,2123.0,2357.0,0.08616418966737438,0.0,0.0,28057806.0,4.87,20.148333333333333,61.39,63.27777777777778,13.235723230879548,0.003630760212405646,61.39,55.446666666666665,10.490585774058577,0.0,4.313725490196078,9.84070796460177,115.0,0.017391304347826087,0.8984375,0.0,0.0,False,False,False,False,False,True,False,False,False,False,True,False,False,False,False,False,True,False,False,False,False,False,False,False,False,False,False,False,True,False,True,False
E00203,N,30,518,1,22.091718001368925,0.04727355692448095,0.0,0.0,0.0,0.0,0.0,2,258.0,2722,0.0,0.0,0.0,0.0,0.0,0.0,0.0,0.0,0.0,0.0,0.0,0.0,0.0,0.0,0.0,0.0,0.0,0.0,0.0,0.0,0.0,0.0,0.0,0.0,False,False,False,False,False,False,True,False,False,False,False,False,False,False,False,False,False,False,False,True,False,False,False,False,False,False,False,False,True,False,False,True
E00204,Y,28,3320,0,19.247091033538673,0.32463087904566346,0.0,0.0,0.0,0.0,0.0,3,1106.0,1991,1.0,896.0,896.0,0.11001506024096387,0.0,0.0,87764533.0,9.583333333333334,27.028333333333332,85.0,84.00444444444445,11.772748310304513,3.7154859877569137,85.0,87.79333333333334,9.902372262773723,0.0072992700729927005,6.706806282722513,7.775067750677507,99.5,0.03015075376884422,0.8805309734513275,0.0,0.0,False,True,False,False,False,False,True,False,False,False,False,False,False,False,False,False,False,False,False,True,False,False,False,False,False,False,False,False,True,False,False,True
E00205,N,33,3120,1,20.39151266255989,0.258851347147035,587.0,2.0,1.0,293.5,0.0,3,779.0,3452,1.0,767.0,2538.0,0.11706730769230768,0.0,0.0,6346248.0,-18.97,8.025,43.0,43.0,0.0,0.0,0.0,0.0,80.43478260869566,0.6141304347826086,0.0,0.0,44.0,0.03409090909090909,0.9361702127659575,0.0,0.0,False,False,False,False,False,False,True,False,False,False,False,False,False,False,False,False,False,False,False,True,False,False,False,False,False,False,False,False,True,False,False,True
E00206,N,30,196,1,23.370294318959616,0.017887291809263062,0.0,0.0,0.0,0.0,1.0,1,196.0,2501,0.0,0.0,0.0,0.0,0.0,0.0,0.0,0.0,0.0,0.0,0.0,0.0,0.0,0.0,0.0,0.0,0.0,0.0,0.0,0.0,0.0,0.0,0.0,0.0,True,False,False,False,False,True,False,False,False,False,False,False,False,False,False,False,True,False,False,True,False,True,False,False,False,False,False,False,False,False,False,True
E00207,N,39,468,1,37.1854893908282,0.03285420944558522,0.0,0.0,0.0,0.0,0.0,1,467.0,824,0.0,0.0,0.0,0.0,0.0,0.0,42876137.0,7.895,7.975,94.15,75.26666666666667,23.86054972822993,45.57513661204134,0.0,88.67500000000001,14.02092050209205,0.0,31.6,14.908629441624365,35.0,0.0,1.0,0.0,0.0,True,False,False,True,False,False,False,False,False,False,True,False,False,False,False,False,True,False,False,True,False,False,False,False,False,False,False,False,True,False,True,False
E00208,Y,38,519,0,36.5886379192334,0.03739327785583054,0.0,0.0,0.0,0.0,0.0,2,259.0,73,0.0,0.0,0.0,0.0,0.0,0.0,58227103.0,8.82,17.555,52.28,54.92,3.733523804664972,-10.589010989008218,52.28,54.92,9.583011583011583,0.0,9.505208333333334,9.583011583011583,47.0,0.02127659574468085,1.0,0.0,0.0,False,True,False,False,False,True,False,False,False,True,False,False,False,False,False,False,True,False,False,True,False,False,False,False,False,False,False,False,True,False,True,False
E00209,N,39,1173,1,28.824093086926762,0.0823461275206655,2093.0,2.0,0.0,1046.5,0.0,3,337.75,2722,1.0,48.0,2722.0,0.31138107416879796,0.0,0.0,0.0,0.0,0.0,0.0,0.0,0.0,0.0,0.0,0.0,0.0,0.0,0.0,0.0,0.0,0.0,0.0,157.0,1.0,False,True,False,False,True,False,False,False,False,False,False,False,False,True,False,False,False,False,True,True,False,False,False,False,False,False,False,False,True,False,True,False
E00210,N,38,2309,1,31.394934976043807,0.16636045967073743,1379.0,2.0,0.5,689.5,0.0,1,2308.0,2671,1.0,1445.0,1807.0,0.15818536162841057,1.0,670.0,87995162.0,4.17,18.862000000000002,50.92,60.48375,13.591776860082922,-6.963958677256131,0.0,51.885000000000005,-2.105549510337323,0.0,-37.0,-44.871134020618555,85.5,0.1871345029239766,0.8814432989690721,87.0,1.0,False,False,False,False,True,False,False,False,False,False,True,False,False,False,False,False,False,True,False,True,False,False,False,False,False,False,False,False,True,False,True,False
E00211,N,35,1112,1,24.01368925393566,0.08698543072259704,122.0,1.0,0.0,122.0,0.0,3,340.25,2995,0.0,0.0,0.0,0.0,0.0,0.0,0.0,0.0,0.0,0.0,0.0,0.0,0.0,0.0,0.0,0.0,0.0,0.0,0.0,0.0,0.0,0.0,145.0,1.0,True,False,False,False,False,True,False,True,False,False,False,False,False,False,False,False,False,True,False,True,False,False,False,False,False,False,False,False,True,False,False,True
E00212,Y,29,572,0,27.852156057494867,0.054001746559984895,727.0,2.0,0.0,363.5,0.0,1,572.0,572,0.0,0.0,0.0,0.0,0.0,0.0,65167042.0,-4.675,22.68,44.05,53.61666666666667,11.420176589411106,-22.21837363263555,44.05,53.61666666666667,29.088560885608857,0.0,27.18235294117647,29.088560885608857,32.5,0.03076923076923077,0.9285714285714286,0.0,0.0,False,False,False,False,False,True,False,False,False,False,False,False,False,False,True,False,True,False,False,True,False,False,False,False,False,False,False,False,True,False,False,True
E00213,Y,37,2808,0,30.12457221081451,0.20778067595316055,722.0,2.0,0.5,361.0,0.0,4,701.25,621,2.0,630.0,165.0,0.2601495726495726,0.0,0.0,88179498.0,10.09,22.233333333333334,91.2,53.974444444444444,33.04015440002934,-9.42003006390222,91.2,43.28333333333334,-24.693370165745858,0.0,29.593220338983052,26.555555555555557,125.5,0.04780876494023904,0.9365671641791045,0.0,0.0,True,False,False,False,False,True,False,False,False,False,True,False,False,False,False,False,True,False,False,True,False,False,False,False,False,False,False,False,True,False,True,False
E00214,N,28,1095,1,17.08145106091718,0.1070695218539161,1187.0,2.0,0.5,593.5,0.0,2,546.5,3452,0.0,0.0,0.0,0.0,0.0,0.0,0.0,0.0,0.0,0.0,0.0,0.0,0.0,0.0,0.0,0.0,0.0,0.0,0.0,0.0,0.0,0.0,251.0,1.0,True,False,False,False,False,False,True,False,False,False,False,False,False,False,False,False,False,False,False,True,False,False,False,False,False,False,False,False,True,False,False,True
E00215,Y,40,3296,0,31.498973305954827,0.22559890485968515,0.0,0.0,0.0,0.0,0.0,1,3296.0,3296,1.0,1442.0,1442.0,0.11081614077669903,0.0,0.0,83120007.0,10.598333333333334,22.776666666666667,54.58,58.1888888888889,25.65116831863826,-10.431057793076599,54.58,37.73333333333333,-51.2067703568161,0.0,9.794117647058824,10.07282913165266,137.0,0.029197080291970802,1.0,0.0,0.0,True,False,False,False,False,True,False,False,False,False,False,False,False,True,False,True,False,False,False,True,False,False,False,False,False,False,False,False,True,False,True,False
E00216,N,44,359,1,39.690622861054074,0.022338373467736917,1956.0,3.0,0.0,652.0,0.0,1,359.0,1658,0.0,0.0,0.0,0.0,0.0,0.0,24310756.0,-13.655,13.55,53.08,52.586666666666666,6.114943444818874,-5.377374673480579,0.0,0.0,-44.85906040268456,0.0,0.0,0.0,31.0,0.06451612903225806,0.9117647058823529,163.0,1.0,True,False,False,False,False,True,False,False,True,False,False,False,False,False,False,False,True,False,False,False,False,False,False,False,False,False,False,False,True,False,False,True
E00217,N,41,2422,1,32.82956878850103,0.1617335269861939,0.0,0.0,0.0,0.0,0.0,1,2421.0,3253,1.0,65.0,896.0,0.15080511973575558,0.0,0.0,39216667.0,2.645,16.505,54.94,54.166666666666664,5.643143332103721,-3.96519579135893,0.0,0.0,-2.789004457652303,0.0,0.0,0.0,67.5,0.17037037037037037,0.9,0.0,0.0,False,False,False,False,False,True,False,False,False,False,True,False,False,False,False,False,False,True,False,True,False,False,False,False,False,False,False,False,True,False,True,False
E00218,Y,33,2730,0,25.984941820670773,0.22649492875365565,0.0,0.0,0.0,0.0,1.0,1,2730.0,2730,1.0,1077.0,1077.0,0.1337912087912088,0.0,0.0,66334944.0,8.008333333333333,23.376666666666665,46.95,58.227777777777774,15.708631208493134,-4.488443027349781,46.95,49.36333333333334,10.488479262672811,0.0,10.404624277456648,9.594202898550725,100.5,0.03980099502487562,0.8516949152542372,0.0,0.0,False,False,False,False,False,True,False,False,False,False,False,False,False,False,False,False,False,True,False,True,False,False,False,False,False,False,False,False,True,False,False,True
E00219,N,40,2119,1,28.90075290896646,0.14503764544832307,890.0,1.0,0.0,890.0,0.0,2,962.0,2357,0.0,0.0,0.0,0.0,0.0,0.0,12116151.0,0.0,0.0,0.0,0.0,0.0,0.0,0.0,0.0,76.95,0.2,0.0,0.0,17.0,0.0,0.8095238095238095,83.0,1.0,False,False,False,False,False,True,False,False,False,False,False,False,True,False,False,False,True,False,False,False,False,False,False,False,False,True,False,False,False,False,False,True
E00220,Y,38,1301,0,35.09924709103354,0.0937353651068122,0.0,0.0,0.0,0.0,0.0,2,650.0,804,0.0,0.0,0.0,0.0,0.0,0.0,67080054.0,7.875,24.3825,79.54,68.12285714285714,18.938995674080957,9.949705786068774,79.54,83.01333333333334,10.774343122102009,0.0,11.694300518134716,10.489071038251366,66.0,0.030303030303030304,0.9041095890410958,0.0,0.0,True,False,False,False,True,False,False,True,False,False,False,False,False,False,False,False,False,True,False,True,False,False,False,False,False,False,False,False,True,True,False,False
E00221,N,36,76,1,23.263518138261464,0.005779907217278881,268.0,1.0,0.0,268.0,0.0,1,75.0,4775,0.0,0.0,0.0,0.0,0.0,0.0,0.0,0.0,0.0,0.0,0.0,0.0,0.0,0.0,0.0,0.0,0.0,0.0,0.0,0.0,0.0,0.0,0.0,0.0,False,True,False,False,False,True,False,False,False,False,False,False,False,False,True,False,True,False,False,True,False,False,False,False,False,False,False,False,True,False,False,True
E00222,Y,32,2812,0,24.711841204654345,0.2405886379192334,195.0,2.0,0.5,97.5,0.0,5,561.6,346,1.0,712.0,712.0,0.12988975817923187,1.0,450.5,84053677.0,8.448333333333332,26.44333333333333,66.3,78.08,17.611706334140372,-3.628008371930045,66.3,71.23333333333333,9.772140221402214,0.0,11.168539325842696,10.80225988700565,112.5,0.017777777777777778,0.9297520661157025,552.0,2.0,True,True,False,False,True,False,False,False,False,False,False,False,False,True,False,False,False,False,True,True,False,False,False,False,False,False,False,False,True,False,False,True
E00223,N,44,2737,1,30.480492813141684,0.17030676373592185,0.0,0.0,0.0,0.0,0.0,4,689.4285714285714,2895,1.0,1493.0,3818.0,0.1334490317866277,0.0,0.0,0.0,0.0,0.0,0.0,0.0,0.0,0.0,0.0,0.0,0.0,0.0,0.0,0.0,0.0,0.0,0.0,0.0,0.0,False,False,False,False,False,True,False,False,False,True,False,False,False,False,False,False,True,False,False,True,False,False,False,False,False,False,False,False,False,True,False,False
E00224,N,45,3850,1,32.8104038329911,0.234238345121302,3403.0,3.0,0.0,1134.3333333333333,0.0,3,1282.3333333333333,2722,3.0,881.6666666666666,712.0,0.28461038961038965,0.0,0.0,34750280.0,3.2540000000000004,19.332,58.65,63.59142857142857,18.62955217619882,-11.960531854601461,0.0,58.65,-3.815203145478375,0.0,0.0,-45.191489361702125,86.0,0.13953488372093023,0.8958333333333334,0.0,0.0,False,True,False,False,False,True,False,True,False,False,False,False,False,False,False,False,True,False,False,False,False,False,False,True,False,False,False,False,False,True,False,False
E00225,N,29,1298,1,16.95003422313484,0.12254242488611956,0.0,0.0,0.0,0.0,0.0,1,1297.0,4439,1.0,311.0,3452.0,0.2813944530046225,0.0,0.0,0.0,0.0,0.0,0.0,0.0,0.0,0.0,0.0,0.0,0.0,0.0,0.0,0.0,0.0,0.0,0.0,0.0,0.0,True,False,False,False,False,False,True,False,False,False,False,False,False,False,False,False,False,False,False,True,False,False,False,False,False,False,False,False,True,False,True,False
E00226,Y,37,383,0,36.224503764544835,0.02834045544517824,0.0,0.0,0.0,0.0,0.0,1,383.0,383,0.0,0.0,0.0,0.0,0.0,0.0,44974002.0,11.855,19.36,77.2,71.27000000000001,8.386286424872448,23.785164835158593,77.2,71.27000000000001,7.419753086419753,0.0,7.419753086419753,7.419753086419753,44.0,0.0,0.9166666666666666,0.0,0.0,True,True,False,False,False,True,False,True,False,False,False,False,False,False,False,False,True,False,False,True,False,False,False,False,False,False,False,False,True,False,True,False
E00227,Y,36,940,0,33.57426420260096,0.07148832610844931,0.0,0.0,0.0,0.0,1.0,2,469.5,256,0.0,0.0,0.0,0.0,0.0,0.0,54400611.0,7.343333333333334,21.46666666666667,57.8,56.916,5.9133476136618235,2.5016571163175625,57.8,56.99333333333333,23.335483870967742,0.0,14.716494845360824,21.28686327077748,44.5,0.02247191011235955,0.9270833333333334,0.0,0.0,False,False,False,False,False,True,False,False,False,False,False,False,False,False,False,False,True,False,False,True,False,False,False,False,False,False,False,False,True,False,True,False
E00228,N,40,193,1,33.908281998631075,0.013210130047912388,2622.0,2.0,0.5,1311.0,0.0,1,192.0,2417,0.0,0.0,0.0,0.0,0.0,0.0,0.0,0.0,0.0,0.0,0.0,0.0,0.0,0.0,0.0,0.0,0.0,0.0,0.0,0.0,0.0,0.0,0.0,0.0,True,True,False,False,False,True,False,True,False,False,False,False,False,False,False,False,False,True,False,True,False,False,False,False,False,False,False,False,True,True,False,False
E00229,Y,26,3087,0,18.417522245037645,0.32506712999526144,1105.0,1.0,0.0,1105.0,0.0,2,1543.0,2357,1.0,896.0,896.0,0.11831875607385811,0.0,0.0,109304960.0,7.738333333333332,26.843333333333334,87.44,81.62444444444445,17.75786171749791,8.686169747253109,87.44,93.12333333333333,9.796703296703297,0.0,5.928571428571429,9.209239130434783,105.0,0.02857142857142857,0.9051724137931034,0.0,0.0,False,False,False,False,False,False,True,False,False,False,False,False,False,False,False,False,False,False,False,True,False,False,False,False,False,False,False,False,True,False,True,False
E00230,Y,29,3114,0,20.788501026694046,0.2939885293492884,0.0,0.0,0.0,0.0,0.0,2,1556.5,2357,1.0,896.0,896.0,0.11729287090558765,0.0,0.0,91226201.0,9.841666666666667,24.523333333333337,48.08,68.23555555555555,18.34351255288304,-9.617414154679375,48.08,46.29,9.374886260236579,0.0,9.020942408376964,9.05420054200542,121.0,0.04132231404958678,0.8897058823529411,0.0,0.0,False,False,False,False,False,False,True,False,False,False,False,False,False,False,False,False,False,False,False,True,False,False,False,False,False,False,False,False,True,False,False,True
E00231,Y,33,1528,0,28.83504449007529,0.12677078796175306,0.0,0.0,0.0,0.0,0.0,3,508.6666666666667,621,0.0,0.0,0.0,0.0,0.0,0.0,69713992.0,14.76,22.566,70.86,61.768750000000004,8.631565720407526,4.887781620613118,70.86,68.90666666666668,3.1419270833333335,0.0,11.648351648351648,11.926027397260274,97.0,0.020618556701030927,1.0,0.0,0.0,False,False,False,False,False,True,False,False,False,False,True,False,False,False,False,False,True,False,False,True,False,False,False,False,True,False,False,False,False,False,True,False
E00232,Y,30,2360,0,24.281998631074607,0.21537759525439196,1662.0,3.0,0.0,554.0,0.0,3,786.0,1261,1.0,530.0,530.0,0.15476694915254238,0.0,0.0,117371814.0,8.268333333333333,23.25,78.55,63.44111111111111,18.854591910489894,8.514400548210787,78.55,85.29,16.583564173591874,0.0997229916897507,7.882352941176471,10.938775510204081,113.0,0.05309734513274336,0.8968253968253969,0.0,0.0,True,True,False,False,True,False,False,False,True,False,False,False,False,False,False,False,False,False,True,True,False,False,False,False,False,False,False,False,True,False,True,False
E00233,Y,35,2884,0,27.260780287474333,0.22559890485968515,0.0,0.0,0.0,0.0,0.0,3,960.6666666666666,1717,1.0,1442.0,1442.0,0.12664701803051318,0.0,0.0,74068580.0,8.041666666666666,26.69666666666667,75.9,78.90777777777778,16.649127437930325,1.7315774195461413,75.9,83.75333333333333,-7.517583408476105,0.1550946798917944,13.914893617021276,10.10455764075067,127.0,0.06299212598425197,0.9921875,0.0,0.0,False,False,False,False,True,False,False,False,False,False,False,False,False,True,False,False,False,False,True,True,False,False,False,False,False,False,False,False,True,False,False,True
E00234,N,26,1289,1,12.930869267624914,0.1357342178697415,0.0,0.0,0.0,0.0,0.0,3,428.6666666666667,3909,0.0,0.0,0.0,0.0,0.0,0.0,0.0,0.0,0.0,0.0,0.0,0.0,0.0,0.0,0.0,0.0,0.0,0.0,0.0,0.0,0.0,0.0,0.0,0.0,False,True,False,False,False,False,True,False,False,False,False,False,False,False,False,False,False,False,False,True,False,False,False,False,False,False,False,False,True,False,False,True
E00235,N,38,2672,1,25.23750855578371,0.19251413955834143,494.0,1.0,0.0,494.0,0.0,2,1335.0,4274,2.0,930.5,3268.0,0.2733907185628742,0.0,0.0,0.0,0.0,0.0,0.0,0.0,0.0,0.0,0.0,0.0,0.0,0.0,0.0,0.0,0.0,0.0,0.0,0.0,0.0,True,False,False,False,True,False,False,False,False,False,True,False,False,False,False,False,False,False,True,True,True,False,False,False,False,False,False,False,False,False,True,False
E00236,Y,45,2271,0,39.39219712525667,0.1381702030572667,2085.0,3.0,0.3333333333333333,695.0,0.0,4,567.0,346,1.0,896.0,896.0,0.1608322324966975,1.0,476.5,98761582.0,9.266666666666667,25.833333333333332,87.38,78.11666666666666,9.925433239914518,1.8099973827303593,87.38,77.69666666666667,19.01651376146789,0.0,30.314917127071823,20.505434782608695,101.0,0.08415841584158416,0.9099099099099099,220.0,1.0,False,True,False,False,False,True,False,False,False,False,True,False,False,False,False,False,True,False,False,False,False,False,False,False,False,False,False,False,True,False,True,False
E00237,N,45,1252,1,41.65092402464066,0.07617309301087535,0.0,0.0,0.0,0.0,0.0,3,416.3333333333333,256,0.0,0.0,0.0,0.0,0.0,0.0,28918611.0,-0.8225000000000007,20.11,46.19,63.105714285714285,11.424432673212351,-9.278261814098109,46.19,56.123333333333335,20.135860979462876,0.5576619273301737,22.027027027027028,24.64951768488746,67.0,0.022388059701492536,0.9178082191780822,0.0,0.0,True,False,False,True,False,False,False,False,True,False,False,False,False,False,False,False,False,True,False,False,False,False,False,False,False,True,False,False,False,False,True,False
E00238,N,29,238,1,22.99794661190965,0.02246925818404966,1626.0,2.0,0.5,813.0,0.0,1,238.0,2550,0.0,0.0,0.0,0.0,0.0,0.0,0.0,0.0,0.0,0.0,0.0,0.0,0.0,0.0,0.0,0.0,0.0,0.0,0.0,0.0,0.0,0.0,0.0,0.0,True,True,False,False,False,True,False,True,False,False,False,False,False,False,False,False,False,True,False,True,False,False,False,False,False,False,False,False,True,False,False,True
E00239,Y,42,663,0,40.79671457905544,0.04321893028258531,1440.0,2.0,0.0,720.0,0.0,1,663.0,663,0.0,0.0,0.0,0.0,0.0,0.0,78440068.0,1.385,23.87,79.78,56.913333333333334,20.30353992123869,38.760852790739285,79.78,56.913333333333334,11.60179640718563,0.0,11.304812834224599,11.60179640718563,39.0,0.02564102564102564,1.0,0.0,0.0,True,False,False,False,False,True,False,True,False,False,False,False,False,False,False,False,True,False,False,True,True,False,False,False,False,False,False,False,False,False,True,False
E00240,N,37,2497,1,25.39356605065024,0.18476793014780696,2850.0,3.0,0.6666666666666666,950.0,0.0,2,1248.0,3543,0.0,0.0,0.0,0.0,0.0,0.0,33174078.0,0.0,0.0,0.0,0.0,0.0,0.0,0.0,0.0,-225.02666666666667,0.0,0.0,0.0,16.0,0.0625,1.0,0.0,0.0,False,False,False,True,False,False,False,False,False,False,True,False,False,False,False,False,False,True,False,True,False,False,False,False,False,False,False,False,True,False,True,False
E00241,Y,35,4424,0,23.540041067761805,0.34606433949349763,0.0,0.0,0.0,0.0,0.0,4,1105.25,2630,2.0,1268.5,1077.0,0.165122061482821,0.0,0.0,123572344.0,10.068333333333333,24.223333333333333,62.15,69.17777777777778,11.270336926837834,-0.5022749509293389,62.15,63.57666666666666,9.392102846648301,0.0,7.427777777777778,9.014005602240896,102.5,0.02926829268292683,0.9070796460176991,0.0,0.0,False,True,False,False,False,True,False,False,False,False,False,False,False,True,False,False,True,False,False,True,False,True,False,False,False,False,False,False,False,False,True,False
E00242,Y,34,2937,0,26.767967145790553,0.23650199299432298,0.0,0.0,0.0,0.0,0.0,5,586.6,438,1.0,1261.0,1261.0,0.12436159346271705,0.0,0.0,97739923.0,9.141666666666667,25.215,48.86,68.49,18.705634177968943,-11.942636267301298,48.86,48.336666666666666,8.771266540642722,0.0,3.831460674157303,6.22543352601156,122.0,0.00819672131147541,0.9242424242424242,0.0,0.0,False,False,False,False,False,True,False,False,False,True,False,False,False,False,False,True,False,False,False,True,False,False,True,False,False,False,False,False,False,False,False,True
E00243,Y,39,4181,0,27.641341546885695,0.2935116446410081,0.0,0.0,0.0,0.0,0.0,3,1393.0,2813,2.0,903.0,712.0,0.174718966754365,0.0,0.0,119917801.0,11.14,26.09,76.05,81.48222222222222,12.08305298525354,-0.9927653294818072,76.05,83.77,9.397235023041475,0.0,10.448863636363637,10.724517906336088,103.0,0.0048543689320388345,0.9363636363636364,0.0,0.0,True,False,False,False,False,True,False,False,False,True,False,False,False,False,False,False,False,True,False,True,False,True,False,False,False,False,False,False,False,False,True,False
E00244,Y,33,768,0,31.07460643394935,0.06371725468234708,0.0,0.0,0.0,0.0,0.0,2,383.5,346,0.0,0.0,0.0,0.0,0.0,0.0,51724412.0,18.993333333333336,26.22666666666667,45.22,51.58,19.592243363127153,-22.030070687425383,45.22,41.88666666666666,12.065714285714286,0.0,15.245283018867925,12.09792284866469,56.0,0.044642857142857144,0.9333333333333333,0.0,0.0,True,True,False,False,False,True,False,False,True,False,False,False,False,False,False,False,True,False,False,True,False,False,False,False,False,False,False,False,True,False,True,False
E00245,N,43,2039,1,34.85557837097878,0.12982506406889197,2153.0,2.0,1.0,1076.5,1.0,3,679.0,2082,0.0,0.0,0.0,0.0,0.0,0.0,2103227.0,0.45500000000000007,15.7975,49.75,51.48,4.1265300192776975,-0.7631554769850127,0.0,0.0,-66.45454545454545,0.5080213903743316,0.0,0.0,77.0,0.025974025974025976,1.0,194.0,1.0,True,False,False,False,False,True,False,False,False,False,False,False,False,False,False,False,True,False,False,True,False,False,False,False,False,False,False,False,True,False,True,False
E00246,Y,26,3847,0,16.38877481177276,0.40509661454219975,0.0,0.0,0.0,0.0,0.0,3,1281.6666666666667,1899,2.0,1268.5,1077.0,0.18988822459059007,0.0,0.0,98793664.0,9.055,23.708333333333332,65.3,66.56333333333333,18.263646952347713,-0.7345098823422059,65.3,60.88666666666666,31.9375,0.0,33.095238095238095,36.492105263157896,99.0,0.05555555555555555,0.8839285714285714,0.0,0.0,True,False,False,False,False,False,True,False,False,False,False,False,False,False,False,False,False,False,False,True,False,False,False,False,False,False,False,True,False,False,True,False
E00247,Y,34,655,0,32.558521560574945,0.05274389016386842,0.0,0.0,0.0,0.0,0.0,2,327.0,165,0.0,0.0,0.0,0.0,0.0,0.0,59466966.0,-5.5,27.9,91.35,85.54666666666667,5.143737292410384,9.79502572082846,91.35,85.54666666666667,8.308681672025724,0.0,7.15606936416185,8.308681672025724,38.5,0.06493506493506493,0.9390243902439024,0.0,0.0,False,False,False,False,False,True,False,False,False,True,False,False,False,False,False,True,False,False,False,True,False,False,True,False,False,False,False,False,False,False,False,True
E00248,Y,41,670,0,39.75359342915811,0.044740488472646535,2865.0,2.0,0.5,1432.5,0.0,1,334.5,233,0.0,0.0,0.0,0.0,0.0,0.0,67914814.0,-1.475,24.025,65.3,60.879999999999995,4.970030180994878,3.4452516538341436,65.3,60.879999999999995,11.44923076923077,0.0,11.208791208791208,11.44923076923077,39.5,0.02531645569620253,0.9404761904761905,214.0,1.0,False,False,False,False,False,True,False,False,True,False,False,False,False,False,False,False,True,False,False,False,False,False,False,False,False,False,False,False,True,False,True,False
E00249,Y,27,2763,0,20.10677618069815,0.28017339721651835,306.0,1.0,0.0,306.0,0.0,5,551.8,621,1.0,346.0,346.0,0.13219326818675353,0.0,0.0,76601780.0,7.141666666666667,22.396666666666665,75.0,56.357777777777784,23.71661483948425,11.150996210925578,75.0,75.62333333333333,-20.318640955004593,0.0,6.6421052631578945,9.050131926121372,113.5,0.01762114537444934,0.978448275862069,0.0,0.0,True,False,False,False,False,False,True,False,False,False,False,False,False,False,False,False,False,False,False,True,False,False,False,False,False,False,False,False,True,False,False,True
E00250,Y,34,3158,0,25.793292265571527,0.25429802311068167,21.0,1.0,0.0,21.0,0.0,2,2400.0,2630,2.0,995.0,1077.0,0.2313172894236859,0.0,0.0,109035979.0,8.396666666666667,20.14666666666667,22.16,39.55777777777777,24.729056683271292,-11.5678480052122,22.16,19.88,29.534372135655364,0.7974335472043996,32.0,29.386301369863013,106.5,0.06572769953051644,0.8875,0.0,0.0,True,False,False,True,False,False,False,False,False,False,False,False,False,True,False,False,False,True,False,True,False,False,False,False,False,False,False,False,True,False,True,False
E00251,N,41,1202,1,38.28336755646817,0.08026577185689722,3439.0,3.0,0.3333333333333333,1146.3333333333333,0.0,1,658.5,621,1.0,84.0,165.0,0.3038685524126456,0.0,0.0,53907781.0,3.4725,16.2675,62.12,45.50714285714286,19.542803205857062,8.570768937343253,62.12,55.04333333333333,-6.127118644067797,0.0,-45.52482269503546,-20.69254658385093,63.0,0.11904761904761904,0.8873239436619719,0.0,0.0,False,False,False,True,False,False,False,False,False,False,True,False,False,False,False,False,True,False,False,False,False,False,False,False,False,False,False,False,True,False,True,False
E00252,N,31,2283,1,21.412731006160165,0.20162946280718022,0.0,0.0,0.0,0.0,0.0,3,760.0,2538,0.0,0.0,0.0,0.0,0.0,0.0,19909749.0,1.1333333333333329,13.656666666666666,64.55,56.23666666666667,7.305561808193351,11.21518655110582,0.0,0.0,40.92786069651741,0.3855721393034826,0.0,0.0,57.0,0.03508771929824561,0.890625,0.0,0.0,True,True,False,False,False,False,True,False,False,False,False,False,False,False,False,False,False,False,False,True,False,False,False,False,False,False,False,False,True,False,False,True
E00253,Y,44,5305,0,30.140999315537304,0.33009769149399537,0.0,0.0,0.0,0.0,0.0,1,4751.5,4729,2.0,1360.5,896.0,0.13770028275212065,0.0,0.0,141900916.0,9.761666666666667,27.125,84.54,83.63444444444445,7.03520986025135,1.172503763538264,84.54,83.53666666666668,-51.101851851851855,0.0,9.441176470588236,8.829608938547485,129.0,0.007751937984496124,1.0,0.0,0.0,True,False,False,False,False,True,False,False,False,False,False,False,False,True,False,True,False,False,False,False,False,False,False,False,False,False,False,False,True,False,True,False
E00254,N,30,1496,1,24.15879534565366,0.13652749258498745,0.0,0.0,0.0,0.0,0.0,2,747.0,1626,0.0,0.0,0.0,0.0,0.0,0.0,34970707.0,3.1674999999999986,16.355,61.58,57.31166666666667,9.094729059552389,-3.2978024328917757,0.0,0.0,22.27338129496403,0.7798561151079136,0.0,0.0,64.5,0.0,0.9485294117647058,0.0,0.0,False,False,False,False,False,True,False,False,False,False,False,False,False,True,False,False,True,False,False,True,False,False,False,False,False,False,False,False,True,False,False,True
E00255,N,31,328,1,21.924709103353866,0.02896822768320417,909.0,3.0,0.3333333333333333,303.0,0.0,1,328.0,3335,0.0,0.0,0.0,0.0,0.0,0.0,0.0,0.0,0.0,0.0,0.0,0.0,0.0,0.0,0.0,0.0,0.0,0.0,0.0,0.0,0.0,0.0,89.0,1.0,False,False,False,False,False,False,True,False,False,False,False,False,False,False,False,False,False,False,False,True,False,False,False,False,False,True,False,False,False,False,False,True
E00256,N,36,2633,1,21.689253935660506,0.20024336451441174,0.0,0.0,0.0,0.0,0.0,3,1461.75,4364,1.0,115.0,2903.0,0.13872009115077857,0.0,0.0,0.0,0.0,0.0,0.0,0.0,0.0,0.0,0.0,0.0,0.0,0.0,0.0,0.0,0.0,0.0,0.0,0.0,0.0,True,False,False,False,False,False,True,False,False,False,False,False,False,False,False,False,False,False,False,True,False,False,False,False,False,False,False,False,True,False,True,False
E00257,Y,44,1987,0,38.93223819301848,0.12363885259162466,3072.0,3.0,0.0,1024.0,0.0,4,330.3333333333333,530,1.0,896.0,896.0,0.18381982888777051,0.0,0.0,109189705.0,8.493333333333332,24.87,58.15,68.55333333333334,14.983598533062743,-4.732346435961573,58.15,54.59666666666667,20.790224032586558,0.0,12.117647058823529,16.74054054054054,109.0,0.03211009174311927,0.9083333333333333,277.0,1.0,False,False,False,False,False,True,False,False,False,False,False,False,True,False,False,False,False,True,False,False,False,True,False,False,False,False,False,False,False,False,True,False
E00258,Y,41,2417,0,35.351129363449694,0.1613996427438607,0.0,0.0,0.0,0.0,0.0,3,832.0,530,1.0,712.0,712.0,0.15111708729830367,0.0,0.0,83802404.0,8.336666666666668,26.393333333333334,70.84,79.22444444444444,7.798354171091345,0.4232941649612024,70.84,79.86,23.53430924062214,0.5196706312900274,10.089887640449438,15.116531165311653,114.0,0.07894736842105263,0.9047619047619048,0.0,0.0,True,True,False,False,False,True,False,False,False,False,True,False,False,False,False,False,False,True,False,True,False,False,False,False,False,False,False,False,True,False,True,False
E00259,Y,32,2211,0,26.844626967830255,0.18916837782340862,0.0,0.0,0.0,0.0,1.0,1,2211.0,2211,0.0,0.0,0.0,0.0,0.0,0.0,58787817.0,7.216666666666666,21.01,56.75,50.56333333333333,15.837066489725931,1.1582123052171631,56.75,55.050000000000004,8.105504587155963,0.0,2.82967032967033,5.129476584022038,131.0,0.022900763358778626,0.903448275862069,0.0,0.0,True,False,False,False,False,True,False,False,False,False,False,False,False,False,False,True,False,False,False,True,False,False,False,True,False,False,False,False,False,False,False,True
E00260,N,43,2182,1,34.001368925393564,0.13893000970981964,1092.0,2.0,0.0,546.0,0.0,2,1090.0,2903,0.0,0.0,0.0,0.0,0.0,0.0,44703138.0,0.8699999999999998,15.699999999999998,64.0,63.425,3.780842057884281,3.421209976369,0.0,0.0,-135.39550561797753,0.0,0.0,0.0,69.0,0.057971014492753624,1.0,272.0,1.0,False,False,False,False,False,True,False,False,True,False,False,False,False,False,False,True,False,False,False,True,False,False,False,False,False,False,False,False,True,False,False,True
E00261,Y,41,2048,0,36.07392197125257,0.1367589856596718,2812.0,2.0,1.0,1406.0,0.0,3,682.0,712,0.0,0.0,0.0,0.0,0.0,0.0,104376981.0,7.254999999999999,22.856666666666666,58.74,59.80222222222223,9.590690509261803,3.0558735018010865,58.74,60.14666666666667,16.429536679536678,0.2972972972972973,9.313186813186814,9.669444444444444,115.5,0.047619047619047616,0.9705882352941176,299.0,1.0,False,False,False,False,True,False,False,False,False,False,False,False,True,False,False,False,False,True,False,True,False,False,False,False,False,False,False,False,True,False,True,False
E00262,Y,42,297,0,41.74127310061601,0.019360516280434146,309.0,1.0,1.0,309.0,0.0,1,297.0,297,0.0,0.0,0.0,0.0,1.0,293.0,42557664.0,0.0,15.75,49.25,49.25,0.0,0.0,49.25,49.25,9.404255319148936,0.0,9.404255319148936,9.404255319148936,21.5,0.0,0.86,0.0,0.0,True,False,False,False,False,True,False,True,False,False,False,False,False,False,False,False,False,True,False,True,False,False,False,False,False,False,False,False,True,False,True,False
E00263,N,42,1831,1,30.23134839151266,0.11935725693425898,0.0,0.0,0.0,0.0,0.0,1,914.5,3087,0.0,0.0,0.0,0.0,0.0,0.0,0.0,0.0,0.0,0.0,0.0,0.0,0.0,0.0,0.0,0.0,0.0,0.0,0.0,0.0,0.0,0.0,0.0,0.0,True,False,False,True,False,False,False,False,False,False,False,False,False,True,False,False,True,False,False,True,False,True,False,False,False,False,False,False,False,False,True,False
E00264,Y,25,2041,0,20.314852840520192,0.22351813826146474,0.0,0.0,0.0,0.0,0.0,3,679.6666666666666,712,1.0,1261.0,1261.0,0.1789563939245468,0.0,0.0,63433217.0,7.325,24.89833333333333,43.62,72.27,19.282961390823765,-3.6495637819892095,43.62,56.28666666666667,16.433781190019193,0.0,5.790055248618785,9.562666666666667,106.5,0.023474178403755867,0.8875,0.0,0.0,False,True,False,False,False,False,True,False,False,False,False,False,False,False,False,False,False,False,False,True,False,False,False,False,False,False,False,False,True,False,False,True
E00265,Y,25,3801,0,15.137577002053389,0.41626283367556466,3102.0,2.0,0.0,1551.0,0.0,5,759.4,1442,2.0,1451.0,712.0,0.19218626677190212,0.0,0.0,161552318.0,8.556666666666667,26.021666666666665,81.68,79.82,8.772868687037326,4.1178491847882635,81.68,84.65333333333334,23.954710144927535,0.0,27.804347826086957,27.824512534818943,97.0,0.030927835051546393,0.8899082568807339,0.0,0.0,False,False,False,False,False,False,True,False,False,False,False,False,False,False,False,False,False,False,False,True,False,False,False,False,False,False,False,True,False,True,False,False
E00266,N,35,1536,1,22.075290896646134,0.12015253740099736,855.0,2.0,0.0,427.5,0.0,2,1087.0,4274,0.0,0.0,0.0,0.0,0.0,0.0,0.0,0.0,0.0,0.0,0.0,0.0,0.0,0.0,0.0,0.0,0.0,0.0,0.0,0.0,0.0,0.0,188.0,1.0,False,False,False,False,False,False,True,False,False,False,False,False,False,False,False,False,False,False,False,True,False,False,False,False,False,False,False,False,True,False,False,True
E00267,Y,32,3139,0,23.43600273785079,0.2685660506502396,532.0,2.0,0.5,266.0,0.0,4,784.0,1352,2.0,630.0,346.0,0.2327174259318254,0.0,0.0,89267248.0,8.933333333333334,25.099999999999998,84.16,71.35,19.40997230806886,3.742515903449274,84.16,75.80333333333333,10.750455373406194,0.0,8.474576271186441,9.46505376344086,106.0,0.014150943396226415,0.8833333333333333,0.0,0.0,True,True,False,False,False,True,False,False,False,False,False,False,False,True,False,False,False,True,False,True,False,False,False,False,False,False,False,False,True,False,True,False
E00268,Y,28,1785,0,23.99726214921287,0.17453798767967146,0.0,0.0,0.0,0.0,0.0,3,594.3333333333334,346,0.0,0.0,0.0,0.0,0.0,0.0,66264566.0,2.696,30.058,88.22,84.52444444444444,9.051743079527713,-0.4277369835958537,88.22,86.65666666666668,16.934151785714285,0.0,7.884615384615385,7.544715447154472,102.0,0.07352941176470588,0.8947368421052632,0.0,0.0,False,True,False,False,False,False,True,False,False,False,False,False,False,False,False,False,False,False,False,True,False,False,False,False,False,False,False,False,True,False,False,True
E00269,N,45,4294,1,33.492128678986994,0.2612518062210054,0.0,0.0,0.0,0.0,0.0,3,1430.3333333333333,3268,2.0,1527.0,1077.0,0.17012109920819748,0.0,0.0,87699185.0,5.526666666666667,23.605,55.92,74.55777777777777,18.493272951115074,-7.902421731714675,55.92,57.973333333333336,-53.16120218579235,0.0,6.886904761904762,6.924791086350975,127.0,0.015748031496062992,1.0,0.0,0.0,False,True,False,False,False,True,False,False,False,False,True,False,False,False,False,False,False,True,False,True,False,False,False,False,True,False,False,False,False,True,False,False
E00270,N,44,309,1,32.96646132785763,0.01922717939145044,0.0,0.0,0.0,0.0,0.0,1,153.5,3793,0.0,0.0,0.0,0.0,0.0,0.0,0.0,0.0,0.0,0.0,0.0,0.0,0.0,0.0,0.0,0.0,0.0,0.0,0.0,0.0,0.0,0.0,0.0,0.0,False,False,False,False,False,True,False,False,False,False,False,False,False,False,True,False,True,False,False,False,True,False,False,False,False,False,False,False,False,False,False,True
E00271,Y,29,918,0,26.740588637919235,0.08666713870990583,0.0,0.0,0.0,0.0,1.0,2,458.5,438,0.0,0.0,0.0,0.0,0.0,0.0,57672901.0,9.343333333333334,17.709999999999997,44.45,29.580000000000002,9.430421517620514,3.6097620352981696,44.45,29.136666666666667,13.54586129753915,0.5257270693512305,20.71264367816092,15.248587570621469,61.5,0.06504065040650407,0.9318181818181818,0.0,0.0,False,False,False,False,True,False,False,False,False,False,False,False,False,False,False,False,False,False,True,True,False,False,False,False,False,False,False,False,True,False,False,True
E00272,Y,30,83,0,30.324435318275153,0.00757472051106548,0.0,0.0,0.0,0.0,1.0,1,83.0,83,0.0,0.0,0.0,0.0,0.0,0.0,13030328.0,0.0,18.45,0.0,0.0,0.0,0.0,0.0,0.0,6.0,0.0,6.0,6.0,23.0,0.0,1.0,0.0,0.0,False,False,False,False,False,True,False,False,False,False,False,False,False,False,False,True,False,False,False,True,False,False,False,False,False,False,False,False,True,False,False,True
E00273,Y,32,4501,0,20.00273785078713,0.3850958247775496,475.0,1.0,1.0,475.0,0.0,4,1124.5,2722,2.0,1178.0,530.0,0.16229726727393912,0.0,0.0,135072805.0,9.754999999999999,23.265,99.16,64.06666666666666,30.134919943480853,13.514709041818124,99.16,98.95333333333333,10.450945094509452,0.0,11.938461538461539,12.562334217506631,93.0,0.0,0.8773584905660378,0.0,0.0,False,False,False,False,False,False,True,False,False,False,False,False,False,False,False,False,False,False,False,True,False,False,False,False,False,False,False,False,True,False,True,False
E00274,Y,32,2814,0,24.468172484599588,0.24075975359342916,0.0,0.0,0.0,0.0,0.0,1,2814.0,2814,1.0,1442.0,1442.0,0.12979744136460555,0.0,0.0,91774964.0,10.268333333333333,25.786666666666665,63.34,77.56555555555556,13.825389787553107,-7.847211889450773,63.34,62.10333333333333,9.651183970856103,0.0,7.112903225806452,9.740223463687151,108.5,0.018433179723502304,0.9041666666666667,0.0,0.0,True,True,False,False,False,True,False,False,True,False,False,False,False,False,False,False,False,True,False,True,False,False,False,True,False,False,False,False,False,False,False,True
E00275,Y,45,2457,0,38.861054072553046,0.14948665297741273,2779.0,2.0,0.0,1389.5,0.0,2,796.25,1077,2.0,720.5,165.0,0.2973137973137973,0.0,0.0,136849771.0,10.678333333333333,24.441666666666666,94.92,67.15555555555555,22.71693097180554,-6.4345931076170855,94.92,58.973333333333336,9.413696060037523,0.0,8.029585798816568,9.819484240687679,116.0,0.017241379310344827,0.8992248062015504,0.0,0.0,False,False,False,False,False,True,False,False,True,False,False,False,False,False,False,False,False,True,False,True,False,False,False,False,False,False,False,False,True,True,False,False
E00276,Y,26,1731,0,21.399041752224505,0.1822776812509872,770.0,2.0,0.0,385.0,0.0,2,865.0,1077,1.0,896.0,896.0,0.2110051993067591,1.0,138.0,72031099.0,7.946000000000001,28.57,97.1,79.82222222222222,17.47603629100273,11.144008213173045,97.1,96.53333333333335,-17.805339265850947,0.0,6.6,7.817708333333333,101.0,0.009900990099009901,1.0,293.0,1.0,False,False,False,False,True,False,False,False,False,False,True,False,False,False,False,False,False,True,False,True,False,False,False,False,False,False,False,False,True,False,False,True
E00277,Y,27,2408,0,20.432580424366872,0.24417572945978147,0.0,0.0,0.0,0.0,0.0,1,2408.0,2408,1.0,530.0,530.0,0.15168189368770763,0.0,0.0,83475480.0,9.316666666666666,24.386666666666667,86.78,76.73888888888888,17.912707391991614,10.677002288652341,86.78,89.99333333333334,28.977085242896425,0.615032080659945,34.8268156424581,34.011428571428574,119.5,0.08368200836820083,0.8917910447761194,0.0,0.0,True,False,False,False,False,False,True,False,False,False,False,False,False,False,False,False,False,False,False,True,False,False,False,False,False,False,False,False,True,False,True,False
E00278,N,42,4168,1,29.352498288843258,0.27169909716110946,457.0,1.0,0.0,457.0,0.0,3,1041.0,2903,1.0,1747.0,2538.0,0.08763195777351249,1.0,357.0,86371870.0,1.5900000000000003,18.155,61.2,55.824999999999996,17.916235932806867,-2.9124556812497087,0.0,0.0,10.169491525423728,0.0,0.0,0.0,68.5,0.014598540145985401,0.9133333333333333,144.0,1.0,False,True,False,False,True,False,False,False,False,True,False,False,False,False,False,False,False,False,True,True,False,False,False,False,False,False,False,False,True,False,True,False
E00279,Y,38,2643,0,30.99247091033539,0.1904247271155301,302.0,1.0,1.0,302.0,0.0,2,1321.0,1899,1.0,1442.0,1442.0,0.13819523269012488,0.0,0.0,68564257.0,8.158333333333333,27.076666666666664,22.2,75.36555555555555,30.47775586846541,-14.095366878413607,22.2,46.14333333333334,-49.76460017969452,0.0,7.083333333333333,8.85254691689008,133.0,0.007518796992481203,1.0,0.0,0.0,True,False,False,True,False,False,False,False,False,False,False,True,False,False,False,False,False,True,False,True,False,False,False,False,False,False,False,False,True,False,False,True
E00280,Y,29,2121,0,23.21971252566735,0.20024074205197195,0.0,0.0,0.0,0.0,1.0,2,1060.0,1626,1.0,1077.0,1077.0,0.1722065063649222,0.0,0.0,58542734.0,8.088333333333333,23.468333333333334,68.2,62.27333333333334,17.925412826487428,-4.1331330238853985,68.2,51.43666666666667,30.373929590865842,0.25784966698382494,34.83769633507853,30.41554959785523,107.0,0.07476635514018691,0.8991596638655462,0.0,0.0,False,False,False,False,False,True,False,False,False,False,False,False,False,False,False,False,True,False,False,True,False,False,False,False,False,False,False,False,True,False,False,True
E00281,Y,25,3335,0,16.50650239561944,0.3652292950034223,602.0,3.0,0.6666666666666666,200.66666666666666,0.0,3,1111.0,2082,1.0,1991.0,1991.0,0.10952023988005997,1.0,503.0,89664078.0,6.655,21.77,42.98,53.94444444444444,9.87077898535763,-4.3261845155356955,42.98,45.53333333333333,8.737476808905381,0.0,5.156424581005586,7.195467422096317,116.5,0.004291845493562232,0.9173228346456693,476.0,2.0,False,False,False,False,False,False,True,False,False,False,False,False,False,False,False,False,False,False,False,True,False,False,False,False,False,False,False,False,False,False,False,True
E00282,N,35,1335,1,22.38740588637919,0.10442945145203872,1116.0,2.0,0.0,558.0,0.0,2,444.0,4274,0.0,0.0,0.0,0.0,0.0,0.0,0.0,0.0,0.0,0.0,0.0,0.0,0.0,0.0,0.0,0.0,0.0,0.0,0.0,0.0,0.0,0.0,65.0,1.0,False,False,False,False,False,False,True,False,False,False,False,False,False,False,False,False,False,False,False,True,False,False,True,False,False,False,False,False,False,False,False,True
E00283,Y,40,261,0,39.70704996577687,0.01786447638603696,0.0,0.0,0.0,0.0,0.0,1,261.0,261,0.0,0.0,0.0,0.0,0.0,0.0,36436515.0,0.0,16.22,65.44,65.44,0.0,0.0,65.44,65.44,32.28225806451613,0.3629032258064516,32.28225806451613,32.28225806451613,22.0,0.0,0.9166666666666666,0.0,0.0,True,False,False,False,False,True,False,False,False,False,True,False,False,False,False,False,False,True,False,True,False,False,False,False,False,False,False,False,True,False,True,False
E00284,N,42,56,1,41.883641341546884,0.003650467716176135,0.0,0.0,0.0,0.0,0.0,1,55.0,71,0.0,0.0,0.0,0.0,0.0,0.0,3841967.0,0.0,0.0,0.0,0.0,0.0,0.0,0.0,0.0,93.77777777777777,1.1111111111111112,93.77777777777777,93.77777777777777,13.0,0.0,0.8125,0.0,0.0,False,False,False,False,False,True,False,True,False,False,False,False,False,False,False,True,False,False,False,True,False,False,False,False,False,False,False,False,True,True,False,False
E00285,Y,25,1602,0,21.032169746748803,0.17544147843942506,0.0,0.0,0.0,0.0,0.0,1,1602.0,1602,0.0,0.0,0.0,0.0,0.0,0.0,61755882.0,5.68,24.028,62.54,72.45125,7.247157940481613,-4.13358622449281,62.54,67.51,-7.306148055207026,0.0,9.556756756756757,9.948924731182796,108.0,0.009259259259259259,1.0,0.0,0.0,False,False,False,False,True,False,False,False,False,False,False,True,False,False,False,False,False,False,True,True,False,False,False,False,False,False,False,False,True,False,False,True
E00286,N,43,1142,1,38.36002737850787,0.07271222323034557,900.0,1.0,1.0,900.0,0.0,1,573.5,987,0.0,0.0,0.0,0.0,0.0,0.0,43203089.0,1.7824999999999998,15.48,53.96,52.416666666666664,6.792753982492423,-0.8206739108625342,0.0,0.0,26.965328467153284,0.6624087591240876,0.0,0.0,80.5,0.024844720496894408,0.8944444444444445,0.0,0.0,True,False,False,False,True,False,False,True,False,False,False,False,False,False,False,False,False,False,True,False,False,False,False,False,False,False,False,False,True,False,True,False
E00287,Y,38,166,0,38.34633812457221,0.011960085017471811,2570.0,3.0,0.0,856.6666666666666,0.0,1,166.0,166,0.0,0.0,0.0,0.0,0.0,0.0,34302639.0,0.0,15.31,45.44,45.44,0.0,0.0,45.44,45.44,8.731707317073171,0.0,8.731707317073171,8.731707317073171,16.0,0.0,1.0,0.0,0.0,True,True,False,False,False,True,False,False,True,False,False,False,False,False,False,False,False,True,False,True,False,False,False,False,False,False,False,False,True,False,True,False
E00288,Y,34,2363,0,28.35044490075291,0.19028062970568105,0.0,0.0,0.0,0.0,0.0,4,590.0,896,1.0,530.0,530.0,0.1545704612780364,0.0,0.0,94444153.0,10.799999999999999,24.334999999999997,69.0,68.01333333333334,18.378520070995926,6.740833751504157,69.0,87.95333333333333,-48.930755395683455,0.0,10.370558375634518,10.363874345549739,127.0,0.0,0.9844961240310077,0.0,0.0,True,True,False,False,False,True,False,False,True,False,False,False,False,False,False,False,True,False,False,True,False,False,False,False,True,False,False,False,False,False,False,True
E00289,N,27,2229,1,16.5968514715948,0.2260247927599057,0.0,0.0,0.0,0.0,0.0,3,893.6666666666666,2357,1.0,545.0,2357.0,0.16386271870794078,0.0,0.0,59649832.0,0.0,0.0,0.0,0.0,0.0,0.0,0.0,0.0,-225.26455026455025,0.0,0.0,0.0,20.0,0.25,1.0,0.0,0.0,True,False,False,False,False,False,True,False,False,False,False,False,False,False,False,False,False,False,False,True,False,False,False,False,False,False,False,False,True,False,False,True
E00290,N,37,1682,1,29.631759069130734,0.12446121686368093,857.0,1.0,0.0,857.0,0.0,2,840.5,2448,0.0,0.0,0.0,0.0,1.0,207.0,12753920.0,2.4166666666666665,14.553333333333333,55.9,50.18,6.494520767539359,12.783639247786157,0.0,0.0,53.72680412371134,0.5876288659793815,0.0,0.0,49.5,0.0,0.9166666666666666,63.0,1.0,True,False,False,False,False,True,False,False,False,False,False,True,False,False,False,False,True,False,False,True,False,False,False,False,False,False,False,False,True,False,True,False
E00291,N,26,218,1,23.299110198494184,0.022955825830569158,584.0,1.0,0.0,584.0,0.0,1,218.0,1319,0.0,0.0,0.0,0.0,0.0,0.0,26049465.0,0.0,0.0,55.0,61.56,9.277240969167506,-26.168306010939283,0.0,0.0,-45.127450980392155,0.0,0.0,0.0,19.0,0.15789473684210525,0.95,0.0,0.0,True,False,False,False,False,True,False,False,False,False,False,True,False,False,False,False,True,False,False,True,False,False,False,True,False,False,False,False,False,False,False,True
E00292,N,35,2892,1,21.22655715263518,0.22622469932531533,799.0,3.0,0.0,266.3333333333333,0.0,3,722.0,4091,1.0,615.0,3087.0,0.1262966804979253,0.0,0.0,0.0,0.0,0.0,0.0,0.0,0.0,0.0,0.0,0.0,0.0,0.0,0.0,0.0,0.0,0.0,0.0,0.0,0.0,True,True,False,False,False,False,True,False,False,False,False,False,False,False,False,False,False,False,False,True,False,False,False,False,False,False,False,True,False,False,False,True
E00293,Y,27,448,0,25.83983572895277,0.045428042690191905,220.0,2.0,0.5,110.0,0.0,1,448.0,448,0.0,0.0,0.0,0.0,1.0,363.0,49303103.0,9.9,15.39,43.0,37.09,8.358002153624989,23.704945054938833,43.0,37.09,12.4,0.0,14.52972972972973,12.4,36.0,0.027777777777777776,0.9,196.0,1.0,True,False,False,False,False,True,False,False,False,False,False,True,False,False,False,False,True,False,False,True,False,False,False,True,False,False,False,False,False,False,False,True
E00294,Y,40,1549,0,36.068446269678304,0.10602327173169063,0.0,0.0,0.0,0.0,0.0,3,386.5,73,0.0,0.0,0.0,0.0,0.0,0.0,62073224.0,7.132,21.624000000000002,72.55,62.07375,7.278904818524753,4.648559486954135,72.55,66.58333333333333,10.254193548387097,0.0,8.240223463687151,9.050139275766016,76.5,0.0,0.8793103448275862,0.0,0.0,False,False,False,False,False,True,False,False,False,False,False,False,False,False,True,False,True,False,False,True,False,False,False,False,False,False,False,False,True,False,True,False
E00295,N,34,936,1,25.08145106091718,0.07537142166928373,1102.0,2.0,0.5,551.0,0.0,2,467.5,2722,0.0,0.0,0.0,0.0,0.0,0.0,0.0,0.0,0.0,0.0,0.0,0.0,0.0,0.0,0.0,0.0,0.0,0.0,0.0,0.0,0.0,0.0,277.0,1.0,True,False,False,False,False,True,False,False,False,False,False,False,False,True,False,False,True,False,False,True,False,False,False,False,False,False,False,False,True,False,False,True
E00296,Y,30,916,0,27.805612594113622,0.08359571070043349,0.0,0.0,0.0,0.0,0.0,1,916.0,916,0.0,0.0,0.0,0.0,0.0,0.0,55159272.0,5.263333333333333,19.71,34.45,43.706,11.491213164849047,-13.714336596852089,34.45,36.46333333333333,34.49217002237136,1.1767337807606264,36.522222222222226,32.693820224719104,57.5,0.06956521739130435,0.9274193548387096,0.0,0.0,False,False,False,False,False,True,False,True,False,False,False,False,False,False,False,False,False,True,False,True,False,False,False,False,False,False,False,False,True,False,False,True
E00297,Y,38,1775,0,34.05886379192334,0.12788645124103895,2138.0,1.0,0.0,2138.0,0.0,1,1775.0,1775,0.0,0.0,0.0,0.0,1.0,535.0,74259215.0,2.1399999999999997,23.772,35.02,54.29555555555555,12.798066368704985,-7.929441922157471,35.02,43.74,-22.956473214285715,0.0,6.519774011299435,9.597826086956522,107.0,0.009345794392523364,1.0,321.0,1.0,False,False,False,False,False,True,False,False,True,False,False,False,False,False,False,True,False,False,False,True,False,False,False,False,False,False,False,False,True,False,True,False
E00298,N,39,903,1,33.42094455852156,0.06339177591744327,0.0,0.0,0.0,0.0,0.0,2,450.5,1626,0.0,0.0,0.0,0.0,0.0,0.0,16586667.0,1.6600000000000001,13.256666666666666,43.96,47.4,3.7514797080618734,-2.869033917474383,0.0,0.0,-13.771493212669684,0.0,0.0,0.0,54.5,0.1834862385321101,0.8790322580645161,0.0,0.0,False,False,False,False,False,True,False,False,False,True,False,False,False,False,False,False,False,True,False,True,False,False,False,False,False,True,False,False,False,False,False,True
E00299,Y,25,2743,0,17.900068446269678,0.30039698836413414,711.0,2.0,0.5,355.5,0.0,4,822.0,712,1.0,1807.0,1807.0,0.1331571272329566,0.0,0.0,86389791.0,9.575000000000001,24.248333333333335,61.3,69.01333333333334,16.09233280167919,-7.453570621305952,61.3,62.17666666666667,20.373537353735372,0.0,33.51912568306011,31.415041782729805,103.5,0.03864734299516908,0.9078947368421053,397.0,2.0,False,False,False,False,False,False,True,False,False,False,False,False,False,False,False,False,False,False,False,True,False,False,False,False,False,False,False,False,True,False,False,True
E00300,N,42,1389,1,36.67077344284736,0.09054463674586878,3911.0,2.0,0.0,1955.5,1.0,2,922.0,1534,0.0,0.0,0.0,0.0,1.0,359.0,47364523.0,0.9900000000000002,17.43,58.75,62.56666666666666,8.361692811068023,0.20711981047160272,0.0,0.0,-98.01780415430267,0.0,0.0,0.0,81.0,0.19753086419753085,1.0,249.0,1.0,False,False,False,False,False,True,False,False,False,False,False,False,False,False,False,False,False,True,False,True,False,False,False,False,False,False,False,False,True,False,True,False
E00301,N,40,1386,1,32.40246406570842,0.09486652977412731,2262.0,2.0,0.5,1131.0,0.0,2,692.0,2082,0.0,0.0,0.0,0.0,0.0,0.0,2416667.0,11.443333333333333,29.893333333333334,81.48,69.96333333333332,10.919397114004665,21.716347491462233,0.0,0.0,-16.068376068376068,0.0,0.0,0.0,39.0,0.14102564102564102,0.8478260869565217,0.0,0.0,False,False,False,False,False,True,False,False,True,False,False,False,False,False,False,True,False,False,False,True,False,False,False,False,False,False,False,False,True,False,True,False
E00302,N,39,2985,1,26.524298425735797,0.20955088716895698,0.0,0.0,0.0,0.0,0.0,2,746.5,1991,1.0,638.0,2538.0,0.12236180904522612,0.0,0.0,40044456.0,0.0,0.0,0.0,0.0,0.0,0.0,0.0,0.0,-44.917910447761194,0.0,0.0,0.0,16.0,0.1875,0.8421052631578947,0.0,0.0,True,False,False,False,True,False,False,False,True,False,False,False,False,False,False,False,False,False,True,False,False,False,False,False,False,False,False,False,True,False,False,True
E00303,N,39,1232,1,28.301163586584533,0.08648800435248073,605.0,1.0,0.0,605.0,0.0,2,615.0,3360,0.0,0.0,0.0,0.0,0.0,0.0,0.0,0.0,0.0,0.0,0.0,0.0,0.0,0.0,0.0,0.0,0.0,0.0,0.0,0.0,0.0,0.0,0.0,0.0,False,False,False,False,False,True,False,True,False,False,False,False,False,False,False,False,False,True,False,True,False,False,False,False,False,False,False,True,False,False,False,True
E00304,Y,37,2423,0,30.368240930869266,0.17929222857354274,0.0,0.0,0.0,0.0,0.0,4,605.0,712,1.0,1077.0,1077.0,0.15074288072637226,0.0,0.0,66629349.0,8.903333333333334,22.453333333333333,52.4,54.916666666666664,12.264772725166985,-3.0577579717074848,52.4,50.346666666666664,-51.05913503971757,0.0,7.208556149732621,9.08142493638677,122.0,0.0,1.0,0.0,0.0,False,False,False,True,False,False,False,False,False,False,False,False,True,False,False,False,False,True,False,True,True,False,False,False,False,False,False,False,False,False,False,True
E00305,Y,45,1260,0,42.47501711156742,0.07665982203969883,0.0,0.0,0.0,0.0,0.0,2,419.3333333333333,73,0.0,0.0,0.0,0.0,0.0,0.0,56352520.0,14.257499999999999,24.695,94.13,81.14833333333333,11.703865031119712,8.736001305993529,94.13,86.38333333333333,11.492487479131887,0.0,15.544943820224718,12.06,78.0,0.03205128205128205,0.896551724137931,0.0,0.0,False,False,False,False,True,False,False,False,False,True,False,False,False,False,False,False,False,False,True,True,False,False,False,False,False,False,False,True,False,False,True,False
E00306,Y,29,875,0,27.540041067761805,0.08260756685312375,246.0,2.0,0.0,123.0,0.0,2,437.0,346,0.0,0.0,0.0,0.0,0.0,0.0,57178998.0,9.79,19.766666666666666,69.45,62.6375,15.775040147862272,-7.072734415152558,69.45,60.09,8.993333333333334,0.0,6.935828877005347,8.971204188481675,63.0,0.031746031746031744,1.0,0.0,0.0,True,False,False,True,False,False,False,False,False,False,False,False,True,False,False,False,False,True,False,True,False,False,False,False,False,False,False,False,True,False,False,True
E00307,N,36,924,1,25.683778234086244,0.0702715035363906,370.0,2.0,0.0,185.0,0.0,1,923.0,3934,0.0,0.0,0.0,0.0,0.0,0.0,0.0,0.0,0.0,0.0,0.0,0.0,0.0,0.0,0.0,0.0,0.0,0.0,0.0,0.0,0.0,0.0,0.0,0.0,False,False,False,True,False,False,False,False,False,False,False,False,False,True,False,True,False,False,False,True,False,False,False,False,False,False,False,False,True,False,False,True
E00308,N,28,1571,1,24.191649555099247,0.15361298523516181,632.0,2.0,0.5,316.0,1.0,2,784.5,1077,1.0,672.0,712.0,0.23249522597071928,1.0,198.0,61758337.0,4.916,17.625999999999998,58.4,56.54125,9.309117554465468,-1.0386229264419775,58.4,55.589999999999996,5.232412060301508,0.4108040201005025,-43.89820359281437,-16.949152542372882,102.0,0.17647058823529413,0.9714285714285714,268.0,1.0,True,False,False,True,False,False,False,False,False,False,False,False,False,False,False,False,True,False,False,True,False,False,False,False,False,False,False,False,True,False,False,True
E00309,Y,33,900,0,31.529089664613277,0.07466865783087549,0.0,0.0,0.0,0.0,0.0,2,449.5,165,0.0,0.0,0.0,0.0,0.0,0.0,47456800.0,6.993333333333333,14.143333333333336,10.0,11.206,2.1616151368826038,-2.147500110725655,10.0,10.049999999999999,12.92,0.0,15.30890052356021,14.133152173913043,51.5,0.009708737864077669,0.8728813559322034,0.0,0.0,False,True,False,False,False,True,False,True,False,False,False,False,False,False,False,False,True,False,False,True,False,False,False,False,False,False,False,False,True,False,False,True
E00310,N,37,4375,1,25.475701574264203,0.323732356586566,230.0,1.0,0.0,230.0,0.0,3,1457.3333333333333,3268,3.0,1169.0,1077.0,0.2504571428571429,0.0,0.0,64148132.0,6.7633333333333345,20.22,46.2,64.50444444444445,14.529738565362342,2.5373399580129394,46.2,66.19333333333333,29.264112903225808,0.0,34.075471698113205,29.70731707317073,112.0,0.05803571428571429,0.9032258064516129,363.0,1.0,True,False,False,True,False,False,False,False,False,True,False,False,False,False,False,False,False,True,False,True,False,False,False,False,False,False,False,False,True,False,True,False
E00311,N,35,3920,1,23.093771389459274,0.3066392881587953,209.0,1.0,0.0,209.0,0.0,4,1276.0,2357,1.0,2248.0,2722.0,0.09317602040816327,0.0,0.0,47587100.0,-0.13000000000000042,17.344,53.65,56.5375,6.4908303452970175,-1.5293024144443825,0.0,56.55,-1.310385064177363,0.0,0.0,-44.857142857142854,81.5,0.1165644171779141,0.9055555555555556,235.0,1.0,True,True,False,False,False,False,True,False,False,False,False,False,False,False,False,False,False,False,False,True,False,False,False,False,False,False,False,False,True,False,False,True
E00312,N,29,102,1,17.30321697467488,0.009629682078878425,77.0,1.0,0.0,77.0,0.0,1,101.0,4391,0.0,0.0,0.0,0.0,0.0,0.0,0.0,0.0,0.0,0.0,0.0,0.0,0.0,0.0,0.0,0.0,0.0,0.0,0.0,0.0,0.0,0.0,0.0,0.0,True,False,False,False,False,False,True,False,False,False,False,False,False,False,False,False,False,False,False,True,False,False,False,False,False,False,False,False,True,False,False,True
E00313,N,32,499,1,25.582477754962355,0.042693360711841204,212.0,1.0,0.0,212.0,0.0,2,248.5,1991,0.0,0.0,0.0,0.0,0.0,0.0,35320017.0,0.0,0.0,0.0,0.0,0.0,0.0,0.0,0.0,91.66935483870968,10.89516129032258,0.0,0.0,15.5,0.03225806451612903,0.9117647058823529,0.0,0.0,True,False,False,False,False,True,False,False,False,False,False,True,False,False,False,True,False,False,False,True,False,False,False,False,False,False,False,False,True,False,False,True
E00314,Y,43,4765,0,30.351813826146476,0.3033920697833596,0.0,0.0,0.0,0.0,1.0,1,3290.5,2529,2.0,1633.5,1442.0,0.15330535152151104,0.0,0.0,120767940.0,7.201666666666667,23.043333333333333,20.94,59.55888888888889,25.340177803462847,-12.93433364270317,20.94,31.680000000000003,30.891509433962263,0.0,30.75,30.096685082872927,108.5,0.04608294930875576,0.9194915254237288,0.0,0.0,False,False,False,False,False,True,False,False,False,False,False,False,False,False,False,False,True,False,False,True,False,False,False,False,False,False,False,False,True,False,True,False
E00315,Y,26,5000,0,13.190965092402465,0.5265097667561733,188.0,1.0,0.0,188.0,0.0,3,1666.0,3818,3.0,1088.6666666666667,530.0,0.21915,0.0,0.0,119022595.0,12.355000000000002,26.656666666666666,94.5,82.34333333333333,10.796203036253068,2.6389747021359313,94.5,91.03333333333335,9.388170055452864,0.0,4.870056497175141,6.969945355191257,101.5,0.014778325123152709,0.9144144144144144,127.0,1.0,False,False,False,False,False,False,True,False,False,False,False,False,False,False,False,False,False,False,False,True,False,False,False,False,False,False,False,False,True,False,True,False
E00316,N,27,2769,1,17.15811088295688,0.28078180850254775,0.0,0.0,0.0,0.0,0.0,4,691.5,1169,1.0,121.0,1077.0,0.1319068255687974,0.0,0.0,29073084.0,3.725,19.695,85.28,72.742,12.527374824758775,15.222296425774946,0.0,0.0,-30.238952536824875,0.646481178396072,0.0,0.0,79.0,0.02531645569620253,0.9634146341463414,0.0,0.0,True,False,False,False,False,False,True,False,False,False,False,False,False,False,False,False,False,False,False,True,True,False,False,False,False,False,False,False,False,False,False,True
E00317,Y,30,1229,0,26.666666666666668,0.11216062057951175,1003.0,1.0,0.0,1003.0,0.0,2,614.0,530,0.0,0.0,0.0,0.0,0.0,0.0,63709500.0,15.719999999999999,25.89,91.8,87.41666666666667,14.406101022367801,11.373749100311436,91.8,95.54666666666667,9.713355048859935,0.0,9.816666666666666,10.93956043956044,65.5,0.015267175572519083,0.8733333333333333,0.0,0.0,True,False,False,False,False,True,False,False,False,True,False,False,False,False,False,False,True,False,False,True,False,False,False,False,False,False,False,False,False,False,False,True
E00318,N,26,1447,1,17.048596851471594,0.15237192649923656,0.0,0.0,0.0,0.0,0.0,2,723.0,2722,1.0,520.0,2538.0,0.252418797512094,0.0,0.0,20564082.0,0.0,0.0,0.0,0.0,0.0,0.0,0.0,0.0,-176.46478873239437,0.0,0.0,0.0,15.0,0.0,1.0,0.0,0.0,False,False,False,False,False,False,True,False,False,False,False,False,False,False,False,False,False,False,False,True,False,False,False,False,False,False,False,False,True,False,False,True
E00319,N,45,1855,1,37.63997262149213,0.11286029355844551,1364.0,1.0,0.0,1364.0,0.0,4,462.75,1169,0.0,0.0,0.0,0.0,1.0,274.0,25411667.0,-0.5775000000000001,16.305,67.4,55.424,12.238843082579336,13.172389231096103,0.0,0.0,-4.568322981366459,0.0,0.0,0.0,75.0,0.15333333333333332,0.9259259259259259,416.0,2.0,True,False,False,False,False,True,False,True,False,False,False,False,False,False,False,False,False,True,False,False,True,False,False,False,False,False,False,False,False,False,True,False
E00320,N,43,1014,1,36.720054757015745,0.06456234181748723,1893.0,2.0,0.0,946.5,0.0,2,337.0,1807,0.0,0.0,0.0,0.0,1.0,99.5,27455099.0,3.5,13.196666666666667,58.74,51.94,7.559603164187922,14.943633843407955,0.0,0.0,43.6858407079646,0.5331858407079646,0.0,0.0,42.0,0.023809523809523808,0.8571428571428571,0.0,0.0,True,True,False,True,False,False,False,False,False,False,False,False,False,True,False,True,False,False,False,True,False,False,False,False,False,False,False,False,True,False,True,False
E00321,N,38,2027,1,25.555099247091032,0.14604272488202025,0.0,0.0,0.0,0.0,0.0,2,1013.0,3909,0.0,0.0,0.0,0.0,0.0,0.0,0.0,0.0,0.0,0.0,0.0,0.0,0.0,0.0,0.0,0.0,0.0,0.0,0.0,0.0,0.0,0.0,0.0,0.0,False,True,False,False,False,True,False,False,False,True,False,False,False,False,False,False,True,False,False,True,False,False,False,False,False,False,False,False,True,False,False,True
E00322,Y,34,1655,0,30.406570841889117,0.13326891331481258,838.0,1.0,0.0,838.0,1.0,2,827.0,987,0.0,0.0,0.0,0.0,0.0,0.0,77504528.0,6.516,22.131999999999998,54.74,49.88777777777778,13.225875942426061,4.872585967440197,54.74,61.879999999999995,17.622549019607842,0.2610294117647059,11.841807909604519,10.404494382022472,94.0,0.05851063829787234,0.9215686274509803,310.0,1.0,False,False,False,True,False,False,False,False,False,False,False,False,False,False,False,False,False,True,False,True,False,False,False,False,False,False,False,False,True,False,False,True
E00323,N,39,356,1,25.555099247091032,0.024991663595359693,0.0,0.0,0.0,0.0,0.0,1,177.5,5184,0.0,0.0,0.0,0.0,0.0,0.0,0.0,0.0,0.0,0.0,0.0,0.0,0.0,0.0,0.0,0.0,0.0,0.0,0.0,0.0,0.0,0.0,0.0,0.0,True,False,False,False,False,True,False,False,False,False,True,False,False,False,False,False,True,False,False,True,False,False,False,False,True,False,False,False,False,False,False,True
E00324,N,37,2825,1,26.349075975359344,0.2090386073958969,2725.0,3.0,0.0,908.3333333333334,0.0,2,1411.5,3543,1.0,1795.0,3087.0,0.1292920353982301,0.0,0.0,36844127.0,0.7699999999999996,13.953333333333333,61.34,51.64333333333334,8.431431274305291,15.288747135177026,0.0,0.0,32.74829931972789,0.0,0.0,0.0,47.0,0.07446808510638298,0.8545454545454545,0.0,0.0,False,False,False,True,False,False,False,False,False,False,False,False,False,True,False,False,False,True,False,True,False,False,False,False,False,False,False,False,True,False,True,False
E00325,Y,34,576,0,32.68720054757016,0.046382413334943834,0.0,0.0,0.0,0.0,0.0,1,576.0,576,0.0,0.0,0.0,0.0,0.0,0.0,62714696.0,0.38,20.215,27.26,31.486666666666668,3.940829015998199,-7.7981905343291045,27.26,31.486666666666668,29.867796610169492,0.0,33.424870466321245,29.867796610169492,32.0,0.03125,0.9411764705882353,0.0,0.0,False,False,False,False,False,True,False,False,True,False,False,False,False,False,False,True,False,False,False,True,False,False,False,False,False,False,False,False,True,False,False,True
E00326,N,31,2659,1,17.97946611909651,0.2348369433220728,0.0,0.0,0.0,0.0,0.0,4,663.75,2995,2.0,536.0,2357.0,0.2747273411056788,0.0,0.0,0.0,0.0,0.0,0.0,0.0,0.0,0.0,0.0,0.0,0.0,0.0,0.0,0.0,0.0,0.0,0.0,0.0,0.0,True,False,False,False,False,False,True,False,False,False,False,False,False,False,False,False,False,False,False,True,True,False,False,False,False,False,False,False,False,False,True,False
E00327,N,42,3154,1,29.251197809719372,0.2055995567289202,1042.0,3.0,0.3333333333333333,347.3333333333333,0.0,3,638.0,2945,1.0,804.0,2357.0,0.11580532656943565,0.0,0.0,51915566.0,-7.715,8.91,47.36,52.739999999999995,7.608468965567248,-21.46120218579676,0.0,0.0,-19.853125,0.0,0.0,0.0,31.0,0.11290322580645161,0.8857142857142857,0.0,0.0,True,False,False,False,False,True,False,True,False,False,False,False,False,False,False,True,False,False,False,False,False,False,False,False,False,False,False,False,True,False,True,False
E00328,Y,28,531,0,27.463381245722108,0.051921384570255205,144.0,1.0,0.0,144.0,0.0,1,531.0,531,0.0,0.0,0.0,0.0,2.0,214.5,62256433.0,-4.995,28.25,95.48,85.12333333333333,9.905929200904549,11.304263953790874,95.48,85.12333333333333,10.012,0.0,9.28888888888889,10.012,47.0,0.0,1.0,0.0,0.0,False,True,False,False,True,False,False,False,False,False,False,True,False,False,False,False,False,False,True,True,False,False,False,False,False,False,False,False,True,False,False,True
E00329,N,26,494,1,20.54483230663929,0.05201916495550993,760.0,2.0,0.0,380.0,0.0,2,246.5,1807,0.0,0.0,0.0,0.0,0.0,0.0,2583334.0,-20.85,6.875,48.7,48.7,0.0,0.0,0.0,0.0,32.12849162011173,0.0,0.0,0.0,37.5,0.05333333333333334,0.8522727272727273,150.0,1.0,True,False,False,False,False,False,True,False,False,False,False,False,False,False,False,False,False,False,False,True,False,False,False,False,False,False,False,False,True,False,False,True
E00330,Y,27,447,0,26.034223134839152,0.04532664080918701,625.0,2.0,0.0,312.5,0.0,1,447.0,447,0.0,0.0,0.0,0.0,0.0,0.0,60066616.0,7.515,17.255,58.92,55.33,5.077026688919414,14.399450549446774,58.92,55.33,9.584070796460177,0.0,9.047120418848168,9.584070796460177,35.0,0.0,1.0,0.0,0.0,False,False,False,False,False,True,False,False,False,False,True,False,False,False,False,False,True,False,False,True,True,False,False,False,False,False,False,False,False,False,False,True
E00331,Y,28,970,0,26.33538672142368,0.09484697369707637,0.0,0.0,0.0,0.0,0.0,2,484.5,438,1.0,165.0,165.0,0.3765463917525773,0.0,0.0,62746910.0,6.329999999999999,24.820000000000004,96.5,72.434,14.836242111801761,12.842630539732818,96.5,77.66000000000001,9.572025052192068,0.0,10.467391304347826,10.04109589041096,47.0,0.0,0.8867924528301887,0.0,0.0,False,False,False,False,False,True,False,False,False,False,False,False,True,False,False,True,False,False,False,True,False,False,False,False,False,False,False,False,True,False,False,True
E00332,Y,26,3778,0,16.290212183436,0.3978307797609646,517.0,2.0,0.0,258.5,0.0,2,2436.0,3360,2.0,1086.0,165.0,0.19335627316040233,0.0,0.0,95597290.0,10.358333333333333,22.951666666666668,95.02,60.57333333333333,18.895754152719068,-1.6711518038343878,95.02,54.53666666666667,-51.32610659439928,0.0,11.381720430107526,9.769436997319035,125.0,0.008,1.0,0.0,0.0,True,False,False,False,False,False,True,False,False,False,False,False,False,False,False,False,False,False,False,True,False,False,False,False,False,False,False,False,True,False,True,False
E00333,N,35,3191,1,22.187542778918548,0.24961376747824388,406.0,1.0,1.0,406.0,0.0,4,637.2,2903,1.0,636.0,2357.0,0.11446255092447508,0.0,0.0,15153945.0,-10.745,9.805,47.56,47.56,0.0,0.0,0.0,0.0,-32.69787234042553,0.0,0.0,0.0,30.0,0.06666666666666667,0.9375,509.0,2.0,False,True,False,False,False,False,True,False,False,False,False,False,False,False,False,False,False,False,False,True,False,False,True,False,False,False,False,False,False,False,False,True
E00334,N,36,1080,1,30.27789185489391,0.08213552361396304,884.0,3.0,0.3333333333333333,294.6666666666667,0.0,1,1079.0,2384,0.0,0.0,0.0,0.0,0.0,0.0,21751200.0,-2.9800000000000004,14.476666666666667,54.94,50.166666666666664,4.3274626899989945,8.436946927008899,0.0,0.0,12.870588235294118,0.0,0.0,0.0,59.5,0.03361344537815126,0.8623188405797102,0.0,0.0,True,True,False,False,False,True,False,False,True,False,False,False,False,False,False,False,False,True,False,True,False,False,False,False,False,False,False,False,True,False,False,True
E00335,N,43,583,1,41.39630390143737,0.037120162997628256,2178.0,2.0,0.0,1089.0,0.0,1,582.0,744,0.0,0.0,0.0,0.0,0.0,0.0,29376346.0,6.863333333333334,12.506666666666666,53.76,51.95,6.577790915902793,6.303469360550158,53.76,55.15333333333333,57.899628252788105,0.9219330855018587,76.17894736842105,58.093283582089555,54.0,0.018518518518518517,0.8571428571428571,0.0,0.0,False,True,False,False,False,True,False,False,False,False,False,False,True,False,False,False,False,True,False,True,False,True,False,False,False,False,False,False,False,False,True,False
E00336,N,29,2995,1,20.18343600273785,0.28275390025726355,0.0,0.0,0.0,0.0,0.0,3,1210.0,1899,1.0,686.0,1077.0,0.1219532554257095,0.0,0.0,43474167.0,-0.9419999999999998,16.066,51.8,49.18625,6.964425804451812,0.5185140405857704,0.0,51.125,-74.05908096280088,0.0,0.0,-43.35,99.0,0.1717171717171717,1.0,0.0,0.0,False,False,False,False,False,False,True,False,False,False,False,False,False,False,False,False,False,False,False,True,False,False,False,False,False,False,False,False,True,False,False,True
E00337,Y,45,289,0,44.6652977412731,0.017583086166248384,378.0,1.0,0.0,378.0,0.0,1,289.0,289,0.0,0.0,0.0,0.0,0.0,0.0,48619201.0,0.0,15.35,51.07,51.07,0.0,0.0,51.07,51.07,19.710526315789473,0.9407894736842105,19.710526315789473,19.710526315789473,14.0,0.0,0.9333333333333333,0.0,0.0,False,False,False,False,False,True,False,True,False,False,False,False,False,False,False,False,True,False,False,False,False,False,False,False,False,False,False,False,True,False,True,False
E00338,Y,45,2863,0,37.90554414784394,0.1741881511902046,0.0,0.0,0.0,0.0,0.0,2,953.6666666666666,73,1.0,1261.0,1261.0,0.12757596926301082,0.0,0.0,70633450.0,6.7299999999999995,25.01,69.98,72.63111111111111,15.714365596838807,4.425242068258478,69.98,75.77666666666666,8.096171802054155,0.0,14.093023255813954,10.219101123595506,113.0,0.008849557522123894,0.9112903225806451,0.0,0.0,False,False,False,True,False,False,False,False,False,False,False,False,False,True,False,False,True,False,False,False,False,False,False,False,False,False,False,False,True,False,True,False
E00339,N,41,2346,1,26.354551676933607,0.1566584865027295,198.0,1.0,1.0,198.0,0.0,2,859.5,4091,1.0,41.0,3087.0,0.15569053708439898,0.0,0.0,0.0,0.0,0.0,0.0,0.0,0.0,0.0,0.0,0.0,0.0,0.0,0.0,0.0,0.0,0.0,0.0,0.0,0.0,False,False,False,False,False,True,False,False,False,False,False,False,False,True,False,False,False,True,False,True,False,False,False,True,False,False,False,False,False,False,True,False
E00340,N,29,232,1,14.82819986310746,0.02190280629705681,0.0,0.0,0.0,0.0,0.0,1,231.0,5340,0.0,0.0,0.0,0.0,0.0,0.0,0.0,0.0,0.0,0.0,0.0,0.0,0.0,0.0,0.0,0.0,0.0,0.0,0.0,0.0,0.0,0.0,0.0,0.0,False,False,False,False,False,False,True,False,False,False,False,False,False,False,False,False,False,False,False,False,True,False,False,False,False,False,False,False,False,False,False,True
E00341,N,30,3101,1,19.23066392881588,0.2830025096965549,0.0,0.0,0.0,0.0,0.0,4,774.25,2448,1.0,753.0,1807.0,0.11778458561754272,0.0,0.0,3348388.0,1.3125000000000009,15.6725,56.18,53.331999999999994,7.52444815252255,-0.2046376238982536,0.0,0.0,12.052336448598131,0.0,0.0,0.0,75.5,0.013245033112582781,0.9096385542168675,0.0,0.0,False,False,False,False,False,False,True,False,False,False,False,False,False,False,False,False,False,False,False,True,False,False,False,False,False,False,False,False,True,False,False,True
E00342,N,26,2136,1,19.277207392197127,0.22492497235823725,0.0,0.0,0.0,0.0,0.0,2,1067.5,2173,0.0,0.0,0.0,0.0,0.0,0.0,10240779.0,0.6399999999999999,15.065999999999999,60.08,49.378571428571426,10.92100488137642,2.281291326890377,0.0,60.08,46.601100412654745,0.32737276478679506,0.0,93.70370370370371,96.0,0.03125,0.9142857142857143,0.0,0.0,False,False,False,False,False,False,True,False,False,False,False,False,False,False,False,False,False,False,False,True,False,False,False,False,False,False,False,False,True,False,True,False
E00343,N,42,3318,1,32.5201916495551,0.216290212183436,1348.0,2.0,0.5,674.0,0.0,3,1052.2,1352,1.0,935.0,1261.0,0.11008137432188066,0.0,0.0,4979033.0,5.716666666666668,20.646666666666665,48.35,62.33444444444444,19.788885839727758,-9.643696846952832,48.35,43.906666666666666,-39.693391115926325,0.3066088840736728,65.11111111111111,80.23737373737374,111.5,0.026905829596412557,0.9369747899159664,0.0,0.0,True,False,False,True,False,False,False,False,False,False,False,False,False,False,True,False,True,False,False,False,False,False,False,False,False,False,False,False,True,False,True,False
E00344,N,31,2113,1,21.935660506502394,0.1866154423616171,0.0,0.0,0.0,0.0,0.0,3,703.3333333333334,2538,1.0,665.0,2173.0,0.17285849503076195,0.0,0.0,37363447.0,-7.335,8.445,48.04,43.56,6.335676759431464,17.871038251369793,0.0,0.0,-173.6676923076923,0.0,0.0,0.0,46.0,0.0,1.0,0.0,0.0,True,False,False,False,False,False,True,False,False,False,False,False,False,False,False,False,False,False,False,True,False,False,False,False,False,False,False,False,True,False,False,True
E00345,Y,33,249,0,32.591375770020534,0.020658328666542217,1391.0,2.0,0.0,695.5,0.0,1,249.0,249,0.0,0.0,0.0,0.0,0.0,0.0,43736557.0,0.0,16.14,42.34,42.34,0.0,0.0,42.34,42.34,10.115702479338843,0.0,10.115702479338843,10.115702479338843,20.0,0.0,1.0,0.0,0.0,True,False,False,False,False,True,False,False,False,True,False,False,False,False,False,False,True,False,False,True,False,False,False,False,True,False,False,False,False,False,False,True
E00346,N,26,1855,1,16.57494866529774,0.1953351234665403,0.0,0.0,0.0,0.0,0.0,2,926.5,2903,0.0,0.0,0.0,0.0,0.0,0.0,57810006.0,0.0,0.0,0.0,0.0,0.0,0.0,0.0,0.0,-223.98882681564245,0.0,0.0,0.0,19.0,0.21052631578947367,1.0,0.0,0.0,True,True,False,False,False,False,True,False,False,False,False,False,False,False,False,False,False,False,False,True,False,False,False,False,False,False,False,False,True,False,False,True
E00347,N,36,4017,1,22.130047912388775,0.3054985169974903,438.0,1.0,0.0,438.0,0.0,4,1140.25,3634,1.0,1807.0,2903.0,0.0909260642270351,1.0,42.0,77524494.0,5.1499999999999995,15.616666666666665,70.0,66.0375,10.692241345948009,-4.0153853305721094,0.0,0.0,33.445672191528544,0.5009208103130756,0.0,0.0,47.0,0.0,0.9215686274509803,30.0,1.0,True,False,False,False,False,False,True,False,False,False,False,False,False,False,False,False,False,False,False,True,False,False,False,False,False,False,False,False,True,False,False,True
E00348,N,33,209,1,25.377138945927445,0.017339721651836643,0.0,0.0,0.0,0.0,0.0,1,208.0,2947,0.0,0.0,0.0,0.0,0.0,0.0,0.0,0.0,0.0,0.0,0.0,0.0,0.0,0.0,0.0,0.0,0.0,0.0,0.0,0.0,0.0,0.0,0.0,0.0,False,False,False,False,False,True,False,False,False,False,False,False,False,False,True,False,True,False,False,True,False,False,False,False,False,True,False,False,False,False,False,True
E00349,N,44,2458,1,32.92813141683778,0.1529463007902433,0.0,0.0,0.0,0.0,1.0,3,674.75,2722,0.0,0.0,0.0,0.0,0.0,0.0,49769187.0,0.0,0.0,0.0,0.0,0.0,0.0,0.0,0.0,-168.58646616541353,0.0,0.0,0.0,20.0,0.0,1.0,0.0,0.0,False,False,False,False,False,True,False,False,False,False,False,False,False,False,False,True,False,False,False,True,False,False,False,False,False,False,False,False,True,False,False,True
E00350,N,28,1607,1,13.935660506502396,0.15713307910433166,0.0,0.0,0.0,0.0,0.0,3,534.6666666666666,4091,1.0,142.0,3818.0,0.22728686994399505,0.0,0.0,0.0,0.0,0.0,0.0,0.0,0.0,0.0,0.0,0.0,0.0,0.0,0.0,0.0,0.0,0.0,0.0,0.0,0.0,True,False,False,False,False,False,True,False,False,False,False,False,False,False,False,False,False,False,False,True,False,False,False,False,False,False,False,False,True,False,False,True
E00351,Y,30,1161,0,27.27173169062286,0.10595482546201232,2940.0,2.0,0.5,1470.0,0.0,2,580.0,530,0.0,0.0,0.0,0.0,0.0,0.0,86644359.0,18.64,22.4325,65.65,69.575,13.788210543794289,0.7241685416492218,65.65,66.76666666666667,16.085217391304347,0.5234782608695652,7.894736842105263,11.960526315789474,76.0,0.013157894736842105,0.9047619047619048,0.0,0.0,False,False,False,False,True,False,False,False,False,False,False,True,False,False,False,False,False,False,True,True,False,False,False,False,False,False,False,False,True,False,True,False
E00352,Y,40,3314,0,30.95687885010267,0.2268309377138946,1301.0,2.0,0.0,650.5,0.0,2,1656.5,2813,2.0,1086.0,165.0,0.22042848521424263,0.0,0.0,118851790.0,10.488333333333333,24.540000000000003,93.14,73.8288888888889,7.6456874191344735,3.8441269422740447,93.14,80.13,-48.485228290062665,0.0,8.433862433862434,10.206521739130435,119.0,0.025210084033613446,1.0,506.0,2.0,False,False,False,False,False,True,False,False,False,False,False,False,False,False,True,False,False,True,False,True,False,False,False,False,True,False,False,False,False,False,True,False
E00353,Y,30,731,0,28.815879534565365,0.06671229751311887,267.0,1.0,0.0,267.0,0.0,2,365.0,256,0.0,0.0,0.0,0.0,0.0,0.0,63804766.0,101.13,51.846666666666664,62.56,88.8,17.83407973515875,-18.00042721022675,62.56,87.52,7.212534059945504,0.0,5.478947368421053,7.212534059945504,50.0,0.05,0.9090909090909091,0.0,0.0,False,True,False,False,False,True,False,False,False,False,False,False,True,False,False,False,True,False,False,True,False,True,False,False,False,False,False,False,False,False,True,False
E00354,N,45,1342,1,36.67624914442163,0.08164879458513956,0.0,0.0,0.0,0.0,0.0,3,446.3333333333333,2082,0.0,0.0,0.0,0.0,0.0,0.0,5159931.0,-12.775,6.135,54.82,54.82,0.0,0.0,0.0,0.0,78.390625,1.2552083333333333,0.0,0.0,43.0,0.05813953488372093,0.9148936170212766,0.0,0.0,True,False,False,False,False,True,False,False,False,True,False,False,False,False,False,False,False,True,False,False,False,False,False,False,False,False,False,False,False,False,True,False
E00355,N,43,2134,1,36.18069815195072,0.13587380417999778,1031.0,2.0,0.5,515.5,0.0,3,806.25,1534,1.0,115.0,530.0,0.17115745079662606,0.0,0.0,43177426.0,3.3899999999999992,17.212,45.96,56.2,11.397769205293768,-5.668516457777589,0.0,51.879999999999995,13.709195402298851,0.5091954022988506,0.0,-45.89473684210526,86.5,0.12716763005780346,0.8917525773195877,0.0,0.0,True,False,False,False,False,True,False,True,False,False,False,False,False,False,False,True,False,False,False,True,False,False,False,False,False,False,False,False,True,False,True,False
E00356,Y,44,2343,0,37.960301163586585,0.1457905544147844,495.0,1.0,0.0,495.0,0.0,3,585.0,1352,1.0,1442.0,1442.0,0.1558898847631242,0.0,0.0,91785415.0,8.776666666666666,25.741666666666664,51.6,75.91,15.82920402294442,-8.411168634289455,51.6,56.589999999999996,14.81340579710145,0.1403985507246377,8.846994535519126,9.814814814814815,99.5,0.010050251256281407,0.9299065420560748,266.0,2.0,True,False,False,False,False,True,False,False,False,False,False,False,False,False,True,False,True,False,False,True,False,False,False,False,False,False,False,False,True,False,True,False
E00357,N,35,114,1,33.67008898015058,0.008917571135230272,0.0,0.0,0.0,0.0,0.0,1,114.0,666,0.0,0.0,0.0,0.0,0.0,0.0,14642857.0,0.0,0.0,48.2,48.2,0.0,0.0,0.0,48.2,110.11111111111111,3.8703703703703702,0.0,110.11111111111111,15.0,0.0,1.0,0.0,0.0,True,True,False,False,False,True,False,False,False,False,False,False,True,False,False,False,True,False,False,True,False,False,False,False,False,False,False,False,True,False,False,True
E00358,N,38,816,1,26.639288158795345,0.05879174321841565,827.0,2.0,0.0,413.5,0.0,1,815.0,4418,0.0,0.0,0.0,0.0,0.0,0.0,0.0,0.0,0.0,0.0,0.0,0.0,0.0,0.0,0.0,0.0,0.0,0.0,0.0,0.0,0.0,0.0,0.0,0.0,False,False,False,False,False,True,False,False,False,False,True,False,False,False,False,True,False,False,False,True,False,False,False,False,False,False,False,False,True,False,False,True
E00359,Y,35,5028,0,21.93839835728953,0.3933118216485773,0.0,0.0,0.0,0.0,0.0,2,1675.3333333333333,4548,3.0,1332.3333333333333,530.0,0.21792959427207637,0.0,0.0,146971968.0,7.034999999999999,23.406666666666666,30.26,60.82777777777778,21.615321983362737,2.3477656486622887,30.26,72.31333333333333,9.793621013133208,0.0,7.711956521739131,7.921195652173913,114.0,0.008771929824561403,0.890625,0.0,0.0,True,True,False,False,False,False,True,False,False,False,False,False,False,False,False,False,False,False,False,True,False,False,False,False,False,False,False,False,False,True,False,False
E00360,N,25,1401,1,12.862422997946611,0.15342915811088295,223.0,1.0,0.0,223.0,0.0,2,699.5,3634,0.0,0.0,0.0,0.0,0.0,0.0,0.0,0.0,0.0,0.0,0.0,0.0,0.0,0.0,0.0,0.0,0.0,0.0,0.0,0.0,0.0,0.0,0.0,0.0,True,False,False,False,False,False,True,False,False,False,False,False,False,False,False,False,False,False,False,True,False,False,False,False,False,False,False,False,True,False,False,True
E00361,Y,43,700,0,41.64544832306639,0.04456966397656909,1891.0,2.0,1.0,945.5,0.0,1,700.0,700,0.0,0.0,0.0,0.0,0.0,0.0,77441080.0,-3.055,25.75,67.98,77.58,11.918540179065548,-22.950189153207432,67.98,77.58,27.061624649859944,0.0,26.22222222222222,27.061624649859944,28.0,0.03571428571428571,0.8235294117647058,0.0,0.0,False,False,False,True,False,False,False,False,False,False,False,False,True,False,False,False,True,False,False,True,False,False,False,False,False,False,False,False,True,False,True,False
E00362,N,42,4437,1,27.83025325119781,0.28923437958345555,958.0,1.0,0.0,958.0,0.0,1,3997.5,4729,2.0,939.5,1442.0,0.16463826910074375,0.0,0.0,104242275.0,7.704999999999999,22.52,96.08,93.57,6.522754019584058,2.0212865493076673,0.0,0.0,44.451237263464336,0.7641921397379913,0.0,0.0,73.5,0.027210884353741496,0.8963414634146342,189.0,1.0,False,False,True,False,False,False,False,False,False,False,False,False,False,True,False,False,True,False,False,False,False,False,False,False,False,False,False,False,True,False,True,False
E00363,N,34,2214,1,23.72895277207392,0.17828240125619035,1259.0,2.0,0.0,629.5,0.0,3,737.0,2265,1.0,1125.0,2722.0,0.16497289972899729,0.0,0.0,38799568.0,-7.055,6.455,60.84,64.22,4.780041840821055,-13.483060109292373,0.0,0.0,29.112627986348123,0.8122866894197952,0.0,0.0,35.5,0.0,0.8875,0.0,0.0,False,True,False,False,False,False,True,False,False,False,False,False,False,False,False,False,False,False,False,True,False,False,False,False,False,False,False,False,True,False,True,False
E00364,Y,26,220,0,25.932922655715263,0.023166429737271628,621.0,1.0,0.0,621.0,0.0,1,220.0,220,0.0,0.0,0.0,0.0,0.0,0.0,40198623.0,0.0,18.19,63.55,63.55,0.0,0.0,63.55,63.55,9.383838383838384,0.0,9.383838383838384,9.383838383838384,18.0,0.0,0.9,0.0,0.0,True,False,False,False,False,True,False,True,False,False,False,False,False,False,False,False,False,True,False,True,False,False,False,False,False,False,False,False,True,False,False,True
E00365,Y,27,2914,0,20.01095140314853,0.2954850812482572,0.0,0.0,0.0,0.0,0.0,2,1456.5,2357,1.0,346.0,346.0,0.12534317089910776,0.0,0.0,85254530.0,8.476666666666667,23.69333333333333,67.0,68.42777777777778,12.532537430402689,5.773886936190701,67.0,81.12,9.01109057301294,0.0,14.866279069767442,12.411602209944752,106.0,0.009433962264150943,0.8907563025210085,0.0,0.0,False,False,False,False,False,False,True,False,False,False,False,False,False,False,False,False,False,False,False,True,False,False,False,False,False,False,False,False,True,False,True,False
E00366,N,42,90,1,27.920602327173167,0.005866823115283074,271.0,1.0,0.0,271.0,0.0,1,89.0,5238,0.0,0.0,0.0,0.0,0.0,0.0,0.0,0.0,0.0,0.0,0.0,0.0,0.0,0.0,0.0,0.0,0.0,0.0,0.0,0.0,0.0,0.0,0.0,0.0,True,False,False,False,False,True,False,False,False,True,False,False,False,False,False,False,False,True,False,False,False,False,False,False,False,False,False,False,True,False,False,True
E00367,Y,27,3164,0,19.227926078028748,0.32083555149948034,0.0,0.0,0.0,0.0,0.0,5,632.0,712,1.0,712.0,712.0,0.11543931731984829,0.0,0.0,79115831.0,8.221666666666666,23.22,47.04,63.16555555555556,18.168218893930625,2.4502420321778304,47.04,67.04333333333334,18.476402493321462,0.352626892252894,37.65760869565217,35.84594594594594,113.0,0.05752212389380531,0.9262295081967213,0.0,0.0,False,True,False,False,False,False,True,False,False,False,False,False,False,False,False,False,False,False,False,True,False,False,False,False,False,False,False,False,True,False,False,True
E00368,Y,35,4105,0,23.95071868583162,0.3211107851764936,782.0,2.0,0.0,391.0,0.0,2,2052.0,2448,2.0,1633.5,1261.0,0.1779537149817296,0.0,0.0,112115892.0,7.385000000000001,24.255,43.55,67.71222222222222,15.899434563670637,-7.028841779275569,43.55,50.663333333333334,-52.0873440285205,0.0,9.819148936170214,10.521052631578947,116.0,0.0,1.0,0.0,0.0,True,False,False,False,True,False,False,False,False,False,False,False,True,False,False,False,False,False,True,True,False,False,False,False,False,False,False,False,True,False,True,False
E00369,N,42,2597,1,32.83504449007529,0.16929044033766827,796.0,1.0,0.0,796.0,0.0,4,518.4,1717,1.0,1070.0,2173.0,0.14064304967269928,0.0,0.0,59959417.0,-2.7300000000000004,13.0,61.0,47.38,9.557377604064131,10.617696174288657,0.0,0.0,-132.32162661737524,0.0,0.0,0.0,64.0,0.203125,1.0,0.0,0.0,True,True,False,False,False,True,False,False,False,False,False,False,False,False,True,True,False,False,False,True,False,False,False,False,True,False,False,False,False,False,True,False
E00370,N,25,566,1,13.94113620807666,0.061984941820670776,0.0,0.0,0.0,0.0,0.0,1,565.0,4307,0.0,0.0,0.0,0.0,0.0,0.0,0.0,0.0,0.0,0.0,0.0,0.0,0.0,0.0,0.0,0.0,0.0,0.0,0.0,0.0,0.0,0.0,0.0,0.0,False,False,False,False,False,False,True,False,False,False,False,False,False,False,False,False,False,False,False,True,False,False,True,False,False,False,False,False,False,False,False,True
E00371,N,43,893,1,37.03764544832307,0.05685815704439457,2599.0,2.0,0.5,1299.5,0.0,1,892.0,2529,0.0,0.0,0.0,0.0,1.0,93.0,39211495.0,-5.04,9.425,58.72,58.72,0.0,0.0,0.0,0.0,27.06949806949807,0.0,0.0,0.0,34.0,0.014705882352941176,0.8717948717948718,289.0,1.0,True,True,False,False,True,False,False,True,False,False,False,False,False,False,False,False,False,False,True,False,False,False,False,False,False,False,False,False,True,False,True,False
E00372,N,39,51,1,39.4715947980835,0.0035802664139419787,1498.0,2.0,0.0,749.0,0.0,1,50.0,53,0.0,0.0,0.0,0.0,1.0,35.0,5507478.0,0.0,0.0,0.0,0.0,0.0,0.0,0.0,0.0,5.466666666666667,0.0,5.466666666666667,5.466666666666667,13.5,0.0,0.84375,0.0,0.0,True,True,False,False,True,False,False,False,True,False,False,False,False,False,False,False,False,False,True,True,False,False,False,False,False,False,False,False,True,False,False,True
E00373,N,25,903,1,18.38466803559206,0.0988911704312115,0.0,0.0,0.0,0.0,0.0,2,450.5,1899,1.0,132.0,1807.0,0.40448504983388706,0.0,0.0,20035884.0,-4.865,7.865,41.98,41.98,0.0,0.0,0.0,0.0,74.57391304347826,1.6782608695652175,0.0,0.0,32.5,0.0,0.9027777777777778,0.0,0.0,True,True,False,False,False,False,True,False,False,False,False,False,False,False,False,False,False,False,False,True,False,False,False,False,False,True,False,False,False,False,False,True
E00374,Y,25,1490,0,21.462012320328544,0.16317590691307324,0.0,0.0,0.0,0.0,0.0,1,1490.0,1490,0.0,0.0,0.0,0.0,0.0,0.0,63679789.0,9.1,20.259999999999998,45.96,51.34625,9.416062169809322,-5.058676156200556,45.96,44.97,27.108870967741936,0.7446236559139785,18.94535519125683,18.940379403794037,95.0,0.042105263157894736,0.8715596330275229,0.0,0.0,True,False,False,False,False,False,True,False,False,False,False,False,False,False,False,False,False,False,False,True,False,False,False,False,False,False,False,False,True,False,False,True
E00375,N,30,2837,1,22.666666666666668,0.2589094227697924,0.0,0.0,0.0,0.0,1.0,1,2836.0,2977,1.0,1667.0,1807.0,0.12874515333098344,0.0,0.0,44255917.0,3.5533333333333332,19.698333333333334,56.04,58.443333333333335,12.417324591070335,-5.85354869230881,56.04,51.94,21.71002979145978,0.76266137040715,-43.567567567567565,-14.162544169611307,107.0,0.16355140186915887,0.9145299145299145,0.0,0.0,True,False,False,False,True,False,False,False,False,False,False,False,False,False,False,False,False,False,True,True,False,False,False,False,False,False,False,False,True,False,True,False
E00376,Y,43,1189,0,40.205338809034906,0.0757047578116295,1917.0,2.0,0.0,958.5,0.0,2,594.0,530,0.0,0.0,0.0,0.0,0.0,0.0,91367044.0,10.815000000000001,20.495,51.8,59.296666666666674,9.337763472409582,-6.123487345294557,51.8,55.18000000000001,17.66277128547579,0.0,2.8444444444444446,10.923705722070844,79.0,0.0,0.9404761904761905,0.0,0.0,True,True,False,False,False,True,False,False,False,False,False,False,True,False,False,False,True,False,False,True,False,False,False,False,False,False,False,False,True,False,True,False
E00377,Y,35,1331,0,32.035592060232716,0.10411655421922363,0.0,0.0,0.0,0.0,0.0,3,443.0,73,0.0,0.0,0.0,0.0,0.0,0.0,55193760.0,2.7199999999999993,19.0,26.15,37.787142857142854,12.669937798171066,-8.646764212249192,26.15,29.036666666666665,10.653963414634147,0.0,11.173652694610778,12.653739612188366,70.5,0.06382978723404255,0.8703703703703703,0.0,0.0,False,False,False,False,False,True,False,False,False,False,False,False,False,False,True,False,True,False,False,True,False,False,False,True,False,False,False,False,False,False,True,False
E00378,N,29,3505,1,14.269678302532512,0.3309023106516557,891.0,2.0,0.0,445.5,0.0,1,1751.5,5404,2.0,1044.5,3087.0,0.20841654778887306,0.0,0.0,68745000.0,0.0,0.0,0.0,0.0,0.0,0.0,0.0,0.0,-44.69047619047619,0.0,0.0,0.0,22.0,0.20454545454545456,0.88,149.0,1.0,False,False,False,False,False,False,True,False,False,False,False,False,False,False,False,False,False,False,False,True,False,False,False,False,False,False,False,False,True,False,True,False
E00379,Y,42,2066,0,37.1937029431896,0.1346761839574981,0.0,0.0,0.0,0.0,0.0,1,2066.0,2066,1.0,1077.0,1077.0,0.17679090029041625,0.0,0.0,74499201.0,8.403333333333334,24.708333333333332,59.72,69.25666666666666,11.74773063191355,-3.640793429459775,59.72,60.653333333333336,30.812,0.0,32.75935828877005,32.73170731707317,112.0,0.05357142857142857,0.9256198347107438,0.0,0.0,False,True,False,False,False,True,False,False,False,True,False,False,False,False,False,False,False,True,False,True,False,False,False,False,False,False,False,False,True,False,True,False
E00380,N,30,881,1,17.065023956194388,0.08040155144877938,0.0,0.0,0.0,0.0,0.0,2,440.0,4183,0.0,0.0,0.0,0.0,0.0,0.0,0.0,0.0,0.0,0.0,0.0,0.0,0.0,0.0,0.0,0.0,0.0,0.0,0.0,0.0,0.0,0.0,0.0,0.0,False,True,False,False,False,False,True,False,False,False,False,False,False,False,False,False,False,False,False,True,False,False,False,False,False,False,False,False,True,False,False,True
E00381,N,26,872,1,19.342915811088297,0.09182330332227663,384.0,1.0,0.0,384.0,0.0,2,435.5,2173,0.0,0.0,0.0,0.0,0.0,0.0,36344636.0,0.0,0.0,0.0,0.0,0.0,0.0,0.0,0.0,-45.69767441860465,0.0,0.0,0.0,15.5,0.03225806451612903,0.9117647058823529,0.0,0.0,True,False,False,False,False,False,True,False,False,False,False,False,False,False,False,False,False,False,False,True,False,False,False,False,False,False,False,False,True,False,False,True
E00382,Y,27,1236,0,23.854893908281998,0.1253327249220473,1061.0,2.0,0.5,530.5,0.0,2,617.5,621,0.0,0.0,0.0,0.0,0.0,0.0,82187081.0,7.6425,19.497500000000002,85.05,57.18666666666667,18.93480146890024,12.93285515365885,85.05,68.41,20.67731092436975,0.7798319327731092,11.74731182795699,15.038356164383561,76.0,0.02631578947368421,0.8837209302325582,0.0,0.0,False,True,False,False,False,True,False,False,False,False,False,False,False,False,True,False,False,True,False,True,False,False,False,False,False,False,False,False,True,False,False,True
E00383,Y,36,961,0,33.42094455852156,0.07308540573427637,4021.0,3.0,0.0,1340.3333333333333,0.0,2,480.0,346,0.0,0.0,0.0,0.0,1.0,383.5,83138780.0,2.979999999999999,23.650000000000002,54.7,70.814,11.888480979502807,-2.9367728457273423,54.7,72.62333333333333,32.397089397089395,0.5093555093555093,37.18343195266272,32.30054644808743,46.0,0.05434782608695652,0.9019607843137255,0.0,0.0,True,False,False,False,False,True,False,False,False,False,False,False,False,False,True,True,False,False,False,True,False,False,False,False,False,False,False,False,True,False,True,False
E00384,Y,37,2919,0,29.97946611909651,0.21599422831455686,0.0,0.0,0.0,0.0,0.0,2,1082.6666666666667,2265,1.0,1261.0,1261.0,0.12512846865364852,0.0,0.0,77872881.0,5.7683333333333335,24.81833333333333,49.34,66.75,16.86505632958277,-1.9468213251635718,49.34,56.830000000000005,-49.203603603603604,0.0,15.05464480874317,12.571808510638299,125.0,0.024,1.0,0.0,0.0,False,True,False,False,False,True,False,True,False,False,False,False,False,False,False,True,False,False,False,True,False,False,False,False,False,False,False,False,True,False,False,True
E00385,Y,39,2359,0,32.72826830937714,0.16560487197037504,0.0,0.0,0.0,0.0,0.0,2,1179.0,1626,1.0,712.0,712.0,0.15483255616786773,0.0,0.0,92012539.0,8.588333333333333,24.205000000000002,45.88,69.45333333333333,13.048118638332499,-2.8077296813315193,45.88,62.51333333333333,14.525280898876405,0.32209737827715357,6.285714285714286,7.144886363636363,114.5,0.06550218340611354,0.89453125,0.0,0.0,True,True,False,True,False,False,False,False,False,False,False,False,False,True,False,False,False,True,False,True,False,False,False,False,False,True,False,False,False,False,True,False
E00386,Y,43,54,0,43.351129363449694,0.0034382312210496156,0.0,0.0,0.0,0.0,0.0,1,54.0,54,0.0,0.0,0.0,0.0,0.0,0.0,10154946.0,0.0,19.49,0.0,0.0,0.0,0.0,0.0,0.0,58.9375,0.5,58.9375,58.9375,20.0,0.0,0.9090909090909091,0.0,0.0,False,False,False,False,True,False,False,False,False,False,False,False,False,False,True,False,False,False,True,True,False,False,False,False,False,False,False,False,True,True,False,False
E00387,N,36,2232,1,25.60164271047228,0.1697467488021903,0.0,0.0,0.0,0.0,0.0,2,1115.5,3178,1.0,1256.0,2903.0,0.16364247311827956,0.0,0.0,22799342.0,-5.09,6.56,54.28,54.28,0.0,0.0,0.0,0.0,22.356,1.564,0.0,0.0,35.0,0.0,0.875,0.0,0.0,False,False,False,False,True,False,False,True,False,False,False,False,False,False,False,False,False,True,False,True,False,False,False,False,False,False,False,False,True,False,False,True
E00388,Y,43,80,0,43.66598220396988,0.0050936758830364675,0.0,0.0,0.0,0.0,0.0,1,80.0,80,0.0,0.0,0.0,0.0,0.0,0.0,12092080.0,0.0,18.65,0.0,0.0,0.0,0.0,0.0,0.0,6.892857142857143,0.0,6.892857142857143,6.892857142857143,15.0,0.0,0.8823529411764706,0.0,0.0,True,False,False,True,False,False,False,False,True,False,False,False,False,False,False,True,False,False,False,False,False,False,False,False,False,False,False,False,True,False,True,False
E00389,Y,43,3217,0,34.57631759069131,0.20482944144660395,2379.0,1.0,0.0,2379.0,0.0,1,1608.0,2329,2.0,1086.0,346.0,0.2270749145166304,0.0,0.0,134116638.0,8.176666666666668,23.966666666666665,100.0,72.25111111111111,16.769666398325015,10.498508484058725,100.0,89.74000000000001,33.146386093321134,1.1061299176578225,27.836734693877553,31.226666666666667,116.5,0.06866952789699571,0.91015625,0.0,0.0,False,False,False,False,False,True,False,False,True,False,False,False,False,False,False,False,False,True,False,True,False,False,False,False,False,False,False,False,True,True,False,False
E00390,Y,39,4782,0,26.595482546201232,0.3357026272837361,0.0,0.0,0.0,0.0,0.0,4,796.1666666666666,2995,2.0,1725.5,1261.0,0.1527603513174404,0.0,0.0,112045069.0,10.221666666666666,27.703333333333333,67.88,87.29666666666667,10.11420782859439,0.2631555551613566,67.88,84.69333333333333,-54.45818505338078,0.0,6.71875,6.751351351351351,111.0,0.018018018018018018,1.0,0.0,0.0,False,True,False,False,False,True,False,False,False,False,True,False,False,False,False,False,False,True,False,True,False,False,False,False,False,False,False,False,True,True,False,False
E00391,Y,42,3673,0,32.13141683778234,0.23943157002705256,520.0,1.0,0.0,520.0,0.0,2,1836.0,2995,2.0,1268.5,530.0,0.1988837462564661,0.0,0.0,115654529.0,8.736666666666666,23.501666666666665,84.74,65.16222222222223,25.249585530151666,5.676992036062995,84.74,89.61,9.015274034141958,0.0,8.6340206185567,9.780104712041885,110.5,0.01809954751131222,0.9208333333333333,0.0,0.0,False,True,False,True,False,False,False,False,False,False,False,False,False,True,False,False,False,True,False,True,False,False,False,False,False,False,False,False,True,True,False,False
E00392,Y,43,1400,0,39.34565366187543,0.08913932795313818,0.0,0.0,0.0,0.0,0.0,2,519.0,415,0.0,0.0,0.0,0.0,0.0,0.0,65907112.0,5.9025,22.785,57.15,59.69142857142857,20.445571997029436,9.57162041016263,57.15,71.47,9.783045977011493,0.0,9.846994535519126,10.254098360655737,73.0,0.0136986301369863,0.8795180722891566,0.0,0.0,True,False,False,False,False,True,False,False,False,False,False,False,True,False,False,False,False,True,False,False,False,False,False,False,False,False,False,False,True,False,True,False
E00393,N,25,3595,1,10.759753593429158,0.39370294318959614,0.0,0.0,0.0,0.0,0.0,4,790.0,3726,1.0,1097.0,2903.0,0.10159944367176635,0.0,0.0,241936.0,-21.885,8.975,37.3,37.3,0.0,0.0,0.0,0.0,-224.96373056994818,0.0,0.0,0.0,20.0,0.15,1.0,0.0,0.0,False,False,False,False,False,False,True,False,False,False,False,False,False,False,False,False,False,False,False,True,False,False,False,False,False,False,False,False,True,False,False,True
E00394,Y,32,1219,0,28.89801505817933,0.10429500342231349,2322.0,2.0,0.0,1161.0,0.0,1,1219.0,1219,1.0,346.0,346.0,0.299630844954881,0.0,0.0,86087947.0,10.7275,20.662499999999998,62.85,61.800000000000004,16.871171862084744,10.992505171335248,62.85,72.38,9.405,0.0,8.64327485380117,8.5406162464986,64.5,0.015503875968992248,0.8958333333333334,0.0,0.0,True,False,False,False,False,True,False,False,False,False,False,False,True,False,False,False,False,True,False,True,False,False,False,False,False,False,False,False,True,False,True,False
E00395,Y,41,1119,0,38.847364818617386,0.07472329343416638,1469.0,2.0,0.0,734.5,0.0,1,1119.0,1119,0.0,0.0,0.0,0.0,0.0,0.0,72796330.0,15.7725,19.82,58.88,56.28333333333333,4.120163427179397,2.7457522257952434,58.88,57.24,32.237918215613384,0.9628252788104089,27.459016393442624,27.835195530726256,76.5,0.0,0.9216867469879518,0.0,0.0,False,True,False,False,False,True,False,False,False,False,True,False,False,False,False,False,False,True,False,True,False,False,False,False,False,False,False,False,True,False,True,False
E00396,Y,37,450,0,36.58590006844627,0.03329818524890393,0.0,0.0,0.0,0.0,1.0,1,450.0,450,0.0,0.0,0.0,0.0,0.0,0.0,53032450.0,7.8,18.405,60.6,64.4,5.374011537017765,-15.241758241754237,60.6,64.4,5.834905660377358,0.0,6.086206896551724,5.834905660377358,45.0,0.0,1.0,0.0,0.0,True,False,False,False,False,True,False,False,False,False,False,False,False,False,False,False,False,True,False,True,False,False,False,False,True,False,False,False,False,False,False,True
E00397,Y,27,2643,0,20.019164955509925,0.2680051714959312,1537.0,2.0,0.0,768.5,0.0,3,880.3333333333334,346,1.0,1077.0,1077.0,0.13819523269012488,0.0,0.0,113246068.0,8.568333333333333,24.421666666666667,53.4,68.24222222222221,13.28723614768867,0.2670363353575924,53.4,69.61333333333333,14.852165725047081,0.0,9.407608695652174,10.276712328767124,108.5,0.009216589861751152,0.9273504273504274,0.0,0.0,True,False,False,False,False,False,True,False,False,False,False,False,False,False,False,False,False,False,False,True,False,False,False,False,False,False,False,False,True,False,True,False
E00398,N,33,2678,1,25.00479123887748,0.2221807396345384,0.0,0.0,0.0,0.0,1.0,4,668.5,987,1.0,1487.0,1991.0,0.13638909634055266,0.0,0.0,32605648.0,0.8160000000000004,17.774,50.02,54.4425,9.28265625469656,-2.666375931689966,0.0,48.650000000000006,3.8454332552693207,0.0,0.0,-45.53333333333333,92.0,0.1793478260869565,0.8932038834951457,0.0,0.0,True,False,False,False,False,True,False,False,False,False,False,False,False,False,False,True,False,False,False,True,False,False,False,False,False,True,False,False,False,False,False,True
E00399,Y,28,2343,0,22.234086242299796,0.22909944265180404,64.0,1.0,0.0,64.0,1.0,4,722.25,73,2.0,538.0,165.0,0.3117797695262484,0.0,0.0,75084079.0,10.75,24.728333333333335,94.4,73.72555555555556,18.346286484675243,8.10787433610659,94.4,91.16666666666667,7.9788213627992635,0.0,5.821621621621621,7.619834710743802,94.0,0.031914893617021274,0.8867924528301887,0.0,0.0,True,True,False,False,False,True,False,False,False,False,False,False,False,False,False,False,True,False,False,True,False,False,False,False,False,True,False,False,False,False,True,False
E00400,Y,45,1209,0,42.18480492813142,0.07355692448094912,0.0,0.0,0.0,0.0,0.0,2,604.0,530,1.0,165.0,165.0,0.3021091811414392,0.0,0.0,45922968.0,10.025,22.275,95.32,69.60666666666667,21.27408063035079,8.06709229848878,95.32,71.42666666666666,9.971476510067115,0.0,13.0,10.723756906077348,87.0,0.04597701149425287,1.0,0.0,0.0,True,False,False,True,False,False,False,True,False,False,False,False,False,False,False,False,False,True,False,False,False,False,False,False,False,False,False,False,True,True,False,False
E00401,N,44,103,1,42.46680355920602,0.006409059797150146,0.0,0.0,0.0,0.0,0.0,1,102.0,598,0.0,0.0,0.0,0.0,0.0,0.0,10684962.0,0.0,0.0,49.92,46.635000000000005,4.645691552395615,13.104098360657659,0.0,46.635000000000005,21.484848484848484,0.0,0.0,21.484848484848484,19.0,0.05263157894736842,0.8636363636363636,0.0,0.0,False,False,False,False,False,True,False,False,False,True,False,False,False,False,False,False,True,False,False,False,False,False,True,False,False,False,False,False,False,False,True,False
E00402,Y,44,2137,0,38.25051334702259,0.1329724348204841,0.0,0.0,0.0,0.0,0.0,3,426.6,73,0.0,0.0,0.0,0.0,0.0,0.0,62341248.0,10.576666666666666,24.161666666666665,31.67,65.69666666666666,21.891806115530986,-7.421987262252085,31.67,43.26333333333333,-43.475,0.0,26.593220338983052,27.824362606232295,111.0,0.036036036036036036,0.9652173913043478,0.0,0.0,True,False,False,False,True,False,False,False,False,False,False,True,False,False,False,False,False,False,True,True,False,False,False,False,False,False,False,False,True,False,True,False
E00403,Y,39,2314,0,33.43463381245722,0.16244581336983802,0.0,0.0,0.0,0.0,0.0,2,1156.5,1626,1.0,896.0,896.0,0.1578435609334486,0.0,0.0,77389897.0,7.994999999999998,25.19,48.38,72.98333333333333,14.195450855819969,-5.010006594518425,48.38,59.98333333333333,13.16728624535316,0.2258364312267658,12.090395480225988,10.578082191780823,119.5,0.02092050209205021,0.9053030303030303,0.0,0.0,True,True,False,False,False,True,False,True,False,False,False,False,False,False,False,False,True,False,False,True,False,False,False,False,False,False,False,False,True,False,True,False
E00404,Y,43,2771,0,36.21629021218344,0.17643219839867563,0.0,0.0,0.0,0.0,0.0,3,809.2,1442,2.0,995.0,896.0,0.2636232407073259,0.0,0.0,84203924.0,9.946666666666667,21.833333333333332,71.16,53.82555555555555,22.74981104927638,0.46961877517292594,71.16,45.21,25.16216216216216,0.6542404473438956,26.228070175438596,29.259365994236312,105.0,0.02857142857142857,0.9051724137931034,0.0,0.0,True,False,False,False,False,True,False,False,False,True,False,False,False,False,False,True,False,False,False,True,False,False,False,False,False,False,False,False,True,True,False,False
E00405,N,31,1289,1,18.360027378507873,0.1138416020842993,191.0,1.0,0.0,191.0,0.0,3,428.6666666666667,3634,0.0,0.0,0.0,0.0,0.0,0.0,0.0,0.0,0.0,0.0,0.0,0.0,0.0,0.0,0.0,0.0,0.0,0.0,0.0,0.0,0.0,0.0,0.0,0.0,True,False,False,False,False,False,True,False,False,False,False,False,False,False,False,False,False,False,False,True,False,False,False,False,False,True,False,False,False,False,False,True
E00406,Y,44,3544,0,34.32169746748802,0.2205214361271856,3532.0,3.0,0.3333333333333333,1177.3333333333333,0.0,3,708.0,2082,2.0,903.0,712.0,0.20612302483069977,0.0,0.0,151431821.0,10.143333333333333,24.35166666666667,87.0,73.85555555555555,16.197174221998655,5.353344206702352,87.0,84.24666666666667,29.387978142076502,0.7176684881602914,25.9,26.294277929155314,120.5,0.08298755186721991,0.926923076923077,0.0,0.0,False,False,False,False,True,False,False,False,False,True,False,False,False,False,False,False,False,True,False,True,False,False,False,False,False,False,False,False,True,True,False,False
E00407,N,25,224,1,13.023956194387406,0.024531143052703628,0.0,0.0,0.0,0.0,0.0,1,223.0,4489,0.0,0.0,0.0,0.0,0.0,0.0,0.0,0.0,0.0,0.0,0.0,0.0,0.0,0.0,0.0,0.0,0.0,0.0,0.0,0.0,0.0,0.0,0.0,0.0,False,False,False,False,False,False,True,False,False,False,False,False,False,False,False,False,False,False,False,True,False,False,False,False,False,False,False,False,True,False,False,True
E00408,N,34,3791,1,22.5927446954141,0.3052703627652293,0.0,0.0,0.0,0.0,0.0,4,1129.5,1807,2.0,1042.5,712.0,0.19269322078607226,0.0,0.0,20012990.0,8.75,22.198,100.0,82.23857142857142,12.404666364680976,7.7966498288773805,0.0,100.0,-51.55417185554172,0.25529265255292655,0.0,81.17777777777778,104.0,0.009615384615384616,1.0,0.0,0.0,True,True,False,False,False,False,True,False,False,False,False,False,False,False,False,False,False,False,False,True,False,False,False,False,True,False,False,False,False,False,True,False
E00409,Y,28,1975,0,23.564681724845997,0.19311626087806785,290.0,2.0,0.5,145.0,0.0,3,1053.0,896,1.0,346.0,346.0,0.1849367088607595,0.0,0.0,80029934.0,10.403333333333332,27.299999999999997,93.0,86.75888888888889,9.296290180018646,4.836791777500154,93.0,92.65333333333332,22.991080277502476,0.0,24.47761194029851,28.55897435897436,101.5,0.019704433497536946,0.8982300884955752,333.0,1.0,False,False,False,False,False,True,False,False,False,True,False,False,False,False,False,False,False,True,False,True,False,False,False,False,False,False,False,False,True,False,False,True
E00410,N,45,2747,1,32.93360711841205,0.16713058027226405,436.0,1.0,0.0,436.0,0.0,5,391.42857142857144,2173,1.0,1015.0,2722.0,0.1329632326174008,0.0,0.0,20521856.0,-7.61,7.91,41.56,41.56,0.0,0.0,0.0,0.0,-28.79090909090909,0.0,0.0,0.0,28.0,0.10714285714285714,0.8235294117647058,0.0,0.0,True,True,False,False,False,True,False,False,False,False,False,False,False,False,True,False,True,False,False,False,False,False,False,False,False,False,False,True,False,False,True,False
E00411,N,33,185,1,23.67145790554415,0.015348557443013295,0.0,0.0,0.0,0.0,0.0,1,185.0,3454,0.0,0.0,0.0,0.0,0.0,0.0,0.0,0.0,0.0,0.0,0.0,0.0,0.0,0.0,0.0,0.0,0.0,0.0,0.0,0.0,0.0,0.0,0.0,0.0,False,False,False,False,True,False,False,False,False,False,False,True,False,False,False,False,False,False,True,True,False,False,False,False,False,False,False,False,True,False,True,False
E00412,Y,40,4614,0,27.529089664613277,0.3158110882956879,2475.0,2.0,0.5,1237.5,1.0,4,1335.25,1807,2.0,1268.5,1442.0,0.1583224967490247,2.0,324.6666666666667,122726807.0,6.7316666666666665,23.174999999999997,18.75,57.923333333333325,29.01444683256945,-20.036800634026697,18.75,22.099999999999998,14.720887245841036,0.21811460258780038,9.122448979591837,7.3430079155672825,102.5,0.03902439024390244,0.8836206896551724,327.0,1.0,False,True,False,False,False,True,False,False,False,False,False,False,False,False,False,False,False,True,False,True,False,False,False,False,False,False,False,False,True,True,False,False
E00413,Y,41,2226,0,35.10746064339494,0.14864526468673311,2937.0,3.0,0.0,979.0,0.0,2,741.3333333333334,1534,1.0,712.0,712.0,0.16408355795148247,0.0,0.0,103030673.0,9.828333333333333,24.774999999999995,77.85,76.87777777777778,14.07372976308855,6.823716186435884,77.85,82.32333333333334,23.55505415162455,0.7689530685920578,31.44973544973545,31.735294117647058,109.5,0.0182648401826484,0.9049586776859504,0.0,0.0,False,False,False,False,False,True,False,False,False,False,False,False,False,True,False,False,False,True,False,True,False,False,False,False,False,False,False,False,True,True,False,False
E00414,Y,38,2599,0,30.90485968514716,0.18725458409885082,0.0,0.0,0.0,0.0,0.0,2,1299.0,1077,0.0,0.0,0.0,0.0,0.0,0.0,87652915.0,8.47,20.52,45.82,42.64333333333334,13.03683435501119,-3.880839357955249,45.82,36.84,10.612488521579431,0.0,4.757225433526012,8.565934065934066,120.0,0.041666666666666664,0.9230769230769231,0.0,0.0,False,False,False,False,False,True,False,False,False,False,False,False,False,True,False,False,True,False,False,True,False,False,False,False,False,True,False,False,False,False,False,True
E00415,Y,45,373,0,44.85694729637235,0.02269374096889497,0.0,0.0,0.0,0.0,0.0,1,373.0,373,0.0,0.0,0.0,0.0,0.0,0.0,47302650.0,0.0,16.79,72.97,70.64,3.295117600329309,9.345604395601944,72.97,70.64,14.048192771084338,0.0,14.048192771084338,14.048192771084338,31.0,0.0,0.8611111111111112,0.0,0.0,False,False,False,False,False,True,False,False,False,True,False,False,False,False,False,True,False,False,False,False,False,False,False,False,False,False,False,False,True,False,True,False
E00416,Y,45,1483,0,41.04859685147159,0.09022739371815347,0.0,0.0,0.0,0.0,0.0,3,295.8,256,0.0,0.0,0.0,0.0,0.0,0.0,63654256.0,6.272,21.77,68.99,66.1275,3.9650932253497224,1.5743134703760917,68.99,68.89,34.30874316939891,1.2240437158469946,22.939560439560438,31.986559139784948,95.0,0.06315789473684211,0.8878504672897196,0.0,0.0,False,False,False,False,False,True,False,False,False,True,False,False,False,False,False,False,True,False,False,False,False,False,False,False,False,False,False,False,True,False,True,False
E00417,Y,36,373,0,35.1047227926078,0.028367176211118717,3125.0,2.0,0.0,1562.5,0.0,1,373.0,373,0.0,0.0,0.0,0.0,0.0,0.0,88932492.0,0.0,16.75,76.96,73.66,4.66690475583121,13.236263736260238,76.96,73.66,46.137724550898206,1.778443113772455,46.137724550898206,46.137724550898206,38.0,0.07894736842105263,0.8837209302325582,0.0,0.0,False,False,False,False,False,True,False,True,False,False,False,False,False,False,False,True,False,False,False,True,False,False,False,False,False,False,False,False,True,False,True,False
E00418,Y,29,260,0,29.259411362080765,0.02454624843635677,1382.0,2.0,0.0,691.0,0.0,1,260.0,260,0.0,0.0,0.0,0.0,0.0,0.0,47663278.0,0.0,16.78,67.14,67.14,0.0,0.0,67.14,67.14,17.41269841269841,0.0,17.41269841269841,17.41269841269841,18.5,0.0,0.925,0.0,0.0,False,True,False,False,False,True,False,False,False,True,False,False,False,False,False,False,True,False,False,True,False,False,False,False,False,False,False,False,True,False,False,True
E00419,N,28,746,1,15.734428473648187,0.07294416740001955,0.0,0.0,0.0,0.0,0.0,1,745.0,4551,0.0,0.0,0.0,0.0,0.0,0.0,0.0,0.0,0.0,0.0,0.0,0.0,0.0,0.0,0.0,0.0,0.0,0.0,0.0,0.0,0.0,0.0,0.0,0.0,False,False,False,False,False,False,True,False,False,False,False,False,False,False,False,False,False,False,False,True,False,False,False,False,False,False,True,False,False,False,False,True
E00420,Y,42,76,0,42.65571526351814,0.004954206186239041,0.0,0.0,0.0,0.0,0.0,1,76.0,76,0.0,0.0,0.0,0.0,0.0,0.0,10565894.0,0.0,16.68,0.0,0.0,0.0,0.0,0.0,0.0,19.22222222222222,0.0,19.22222222222222,19.22222222222222,21.5,0.0,0.8958333333333334,0.0,0.0,True,False,False,False,False,True,False,False,False,False,False,False,True,False,False,True,False,False,False,True,False,False,False,False,False,False,False,False,True,False,True,False
E00421,Y,27,3481,0,18.157426420260094,0.35297994777803127,1541.0,2.0,0.0,770.5,0.0,2,1740.0,2813,2.0,1268.5,165.0,0.20985349037632864,0.0,0.0,117249659.0,8.543333333333335,24.755,94.88,72.76444444444445,14.189505022296503,7.833734515646523,94.88,89.48,9.75287865367582,0.0,8.26842105263158,10.272727272727273,100.0,0.0,0.9090909090909091,0.0,0.0,True,True,False,False,False,False,True,False,False,False,False,False,False,False,False,False,False,False,False,True,False,False,False,False,False,False,False,False,True,False,True,False
E00422,Y,40,2304,0,34.5927446954141,0.15770020533880905,0.0,0.0,0.0,0.0,0.0,3,767.3333333333334,621,1.0,165.0,165.0,0.15852864583333331,0.0,0.0,72854394.0,8.511666666666667,24.900000000000002,96.72,69.77888888888889,14.430523591024377,-2.1022431884394366,96.72,68.40666666666667,14.989719626168224,0.059813084112149535,25.482954545454547,25.9366391184573,118.5,0.04219409282700422,0.9045801526717557,0.0,0.0,False,False,False,False,False,True,False,False,False,False,False,True,False,False,False,True,False,False,False,True,False,False,False,False,False,False,False,False,True,True,False,False
E00423,N,36,630,1,21.097878165639973,0.04791238877481177,786.0,3.0,0.0,262.0,0.0,2,209.0,5004,0.0,0.0,0.0,0.0,0.0,0.0,0.0,0.0,0.0,0.0,0.0,0.0,0.0,0.0,0.0,0.0,0.0,0.0,0.0,0.0,0.0,0.0,0.0,0.0,False,False,False,False,False,False,True,False,False,False,False,False,False,False,False,False,False,False,False,True,False,False,False,True,False,False,False,False,False,False,False,True
E00424,N,35,474,1,21.297741273100616,0.03707832208858903,169.0,1.0,0.0,169.0,0.0,1,473.0,5137,0.0,0.0,0.0,0.0,0.0,0.0,0.0,0.0,0.0,0.0,0.0,0.0,0.0,0.0,0.0,0.0,0.0,0.0,0.0,0.0,0.0,0.0,0.0,0.0,True,False,False,False,False,False,True,False,False,False,False,False,False,False,False,False,False,False,False,True,False,False,False,False,False,False,False,False,True,False,False,True
E00425,N,45,212,1,43.13210130047912,0.012898319263822344,2312.0,3.0,0.3333333333333333,770.6666666666666,0.0,1,211.0,721,0.0,0.0,0.0,0.0,0.0,0.0,39491023.0,0.0,0.0,58.74,41.9,15.739618800974823,31.094808743178405,0.0,49.07,74.59139784946237,1.4946236559139785,0.0,74.59139784946237,19.5,0.0,0.975,0.0,0.0,False,False,False,False,True,False,False,False,True,False,False,False,False,False,False,False,False,False,True,True,False,False,False,False,False,False,False,True,False,False,True,False
E00426,N,25,2093,1,11.937029431895962,0.22921286789869952,855.0,3.0,0.0,285.0,0.0,2,696.6666666666666,4364,1.0,65.0,3087.0,0.1745102723363593,0.0,0.0,0.0,0.0,0.0,0.0,0.0,0.0,0.0,0.0,0.0,0.0,0.0,0.0,0.0,0.0,0.0,0.0,133.0,1.0,False,False,False,False,False,False,True,False,False,False,False,False,False,False,False,False,False,False,False,True,False,False,False,False,False,False,False,False,True,False,False,True
E00427,Y,29,2026,0,23.50444900752909,0.19127192050791852,634.0,2.0,0.0,317.0,0.0,2,1287.0,1261,1.0,712.0,712.0,0.18028134254689043,0.0,0.0,99718968.0,8.87,26.543333333333333,87.34,81.55666666666667,9.98326975494502,6.043052493593863,87.34,88.11333333333334,-41.714145383104125,0.0,7.423076923076923,9.032786885245901,133.0,0.03007518796992481,1.0,0.0,0.0,True,False,False,False,True,False,False,False,False,False,False,False,True,False,False,False,False,True,False,True,False,False,False,False,True,False,False,False,False,False,False,True
E00428,Y,35,3697,0,25.568788501026695,0.2891952674293537,0.0,0.0,0.0,0.0,0.0,1,3697.0,3697,1.0,1261.0,1261.0,0.09879632134162834,0.0,0.0,97304386.0,9.520000000000001,24.778333333333336,61.62,73.24888888888889,12.171052177651324,-1.3347258056637932,61.62,71.78666666666666,9.875925925925927,0.0,7.790697674418604,8.960674157303371,114.5,0.048034934497816595,0.9015748031496063,0.0,0.0,False,False,False,False,True,False,False,False,False,False,False,False,False,False,True,False,False,True,False,True,False,False,False,False,False,False,False,False,True,False,False,True
E00429,Y,41,1347,0,38.026009582477755,0.08994841488455953,686.0,1.0,0.0,686.0,0.0,3,448.3333333333333,165,1.0,346.0,346.0,0.27115812917594656,0.0,0.0,67535723.0,5.245000000000001,25.465,73.0,69.94714285714285,16.588139050021766,0.8838220851978572,73.0,72.81333333333333,8.831168831168831,0.0,9.773480662983426,9.580901856763926,65.0,0.015384615384615385,0.9285714285714286,0.0,0.0,False,True,False,False,True,False,False,False,False,False,True,False,False,False,False,False,False,True,False,True,False,False,False,False,False,False,False,False,True,False,True,False
E00430,N,34,601,1,32.62149212867899,0.04839553891371744,1822.0,3.0,0.3333333333333333,607.3333333333334,0.0,2,299.5,256,0.0,0.0,0.0,0.0,0.0,0.0,51600370.0,-9.585,15.485,48.72,56.91,7.505604572584409,-9.812030244489105,48.72,56.91,57.191275167785236,3.6946308724832213,90.35416666666667,57.191275167785236,39.0,0.05128205128205128,0.9069767441860465,164.0,1.0,False,False,False,False,False,True,False,False,False,False,False,False,False,True,False,False,True,False,False,True,False,False,False,False,False,False,False,False,True,False,False,True
E00431,N,35,174,1,32.03832991101985,0.013611029627456733,813.0,3.0,0.3333333333333333,271.0,0.0,1,174.0,1323,0.0,0.0,0.0,0.0,0.0,0.0,21568063.0,0.0,0.0,55.0,66.32,16.008897526063432,-45.156284153023265,0.0,0.0,14.891566265060241,0.0,0.0,0.0,19.0,0.02631578947368421,0.8636363636363636,0.0,0.0,True,False,False,False,True,False,False,False,False,False,False,False,False,True,False,False,False,False,True,True,False,False,False,True,False,False,False,False,False,False,False,True
E00432,Y,39,2802,0,32.24914442162902,0.19670404886010637,0.0,0.0,0.0,0.0,0.0,1,2802.0,2802,1.0,896.0,896.0,0.13035331905781586,0.0,0.0,75175767.0,8.430000000000001,28.165000000000003,69.22,84.55555555555556,11.362049893297323,0.7579791406704516,69.22,80.06,10.025998142989787,0.0,9.769662921348315,9.260504201680673,106.0,0.02358490566037736,0.8907563025210085,0.0,0.0,False,True,False,False,False,True,False,False,False,False,False,False,False,False,True,True,False,False,False,True,False,False,False,False,False,False,False,False,True,False,True,False
E00433,Y,36,1023,0,33.84531143052703,0.07780059320100388,2167.0,1.0,0.0,2167.0,0.0,2,511.0,438,0.0,0.0,0.0,0.0,0.0,0.0,79781728.0,6.153333333333333,20.093333333333334,42.26,47.14,6.8904172587732315,1.9602545256914958,42.26,50.10999999999999,18.00383877159309,0.0,9.248648648648649,16.973118279569892,49.5,0.020202020202020204,0.853448275862069,156.0,1.0,False,False,False,False,False,True,False,False,False,False,False,False,False,True,False,False,False,True,False,True,False,False,False,False,False,False,False,False,True,False,True,False
E00434,N,35,2385,1,25.201916495550993,0.18656497506600175,213.0,1.0,0.0,213.0,0.0,5,476.0,1626,0.0,0.0,0.0,0.0,0.0,0.0,278495.0,-4.84,15.550000000000002,49.38,54.553333333333335,4.850993025488011,-9.617985067902467,0.0,0.0,14.822281167108754,0.21220159151193635,0.0,0.0,39.0,0.08974358974358974,0.9069767441860465,0.0,0.0,False,False,False,False,False,True,False,False,True,False,False,False,False,False,False,False,False,True,False,True,False,False,False,False,False,False,False,False,True,False,False,True
E00435,N,41,1894,1,27.039014373716633,0.12647535099580975,0.0,0.0,0.0,0.0,0.0,2,630.3333333333334,3543,1.0,171.0,3634.0,0.19284582893347413,0.0,0.0,0.0,0.0,0.0,0.0,0.0,0.0,0.0,0.0,0.0,0.0,0.0,0.0,0.0,0.0,0.0,0.0,0.0,0.0,True,False,False,True,False,False,False,True,False,False,False,False,False,False,False,False,True,False,False,True,False,False,False,False,False,False,False,False,True,False,False,True
E00436,Y,29,1164,0,25.973990417522245,0.10989166607661262,0.0,0.0,0.0,0.0,0.0,2,581.5,621,0.0,0.0,0.0,0.0,0.0,0.0,54132799.0,19.285,22.342499999999998,63.26,68.545,10.28287459808783,3.528210360827128,63.26,70.09,8.430823117338004,0.0,6.285714285714286,8.0,68.5,0.014598540145985401,0.8896103896103896,0.0,0.0,True,True,False,False,True,False,False,False,False,False,False,True,False,False,False,False,False,False,True,True,False,False,False,False,False,False,False,False,True,False,False,True
E00437,N,33,3761,1,22.5927446954141,0.3120320245576919,594.0,1.0,0.0,594.0,0.0,4,939.25,2265,1.0,1287.0,1626.0,0.09711512895506515,1.0,150.0,2126882.0,3.8399999999999985,21.936666666666667,55.64,67.77333333333334,17.534985742794316,-11.060504983079932,55.64,54.903333333333336,31.362445414847162,0.0,62.45454545454545,32.266331658291456,88.5,0.05084745762711865,0.8592233009708737,256.0,2.0,True,False,False,False,False,False,True,False,False,False,False,False,False,False,False,False,False,False,False,True,False,False,False,False,False,False,False,False,True,False,True,False
E00438,Y,31,1449,0,27.477070499657767,0.12797244485659404,0.0,0.0,0.0,0.0,0.0,3,482.3333333333333,256,0.0,0.0,0.0,0.0,0.0,0.0,63709848.0,1.7775,19.8475,56.2,46.365,19.165253529686026,-8.595058829721404,56.2,37.153333333333336,14.756164383561643,0.2726027397260274,8.159574468085106,9.351206434316353,74.0,0.013513513513513514,0.8809523809523809,0.0,0.0,True,False,False,False,True,False,False,False,False,False,False,False,False,False,True,False,False,False,True,True,False,False,False,False,False,False,False,False,True,False,True,False
E00439,N,42,1089,1,32.380561259411365,0.0709885596949252,0.0,0.0,0.0,0.0,0.0,2,543.5,3178,0.0,0.0,0.0,0.0,0.0,0.0,0.0,0.0,0.0,0.0,0.0,0.0,0.0,0.0,0.0,0.0,0.0,0.0,0.0,0.0,0.0,0.0,0.0,0.0,False,False,False,False,False,True,False,False,False,False,False,True,False,False,False,False,True,False,False,True,False,False,False,False,False,False,False,False,True,False,False,True
E00440,N,32,864,1,28.44626967830253,0.07392197125256673,959.0,2.0,0.0,479.5,0.0,2,431.0,896,0.0,0.0,0.0,0.0,1.0,328.0,34628039.0,-9.049999999999999,17.833333333333332,71.9,64.89333333333333,7.020172837378483,3.599065051142033,0.0,0.0,25.622119815668203,0.6244239631336406,0.0,0.0,48.5,0.010309278350515464,0.8660714285714286,48.0,1.0,False,False,False,False,True,False,False,False,False,False,False,True,False,False,False,False,False,False,True,True,False,False,False,False,False,False,False,False,True,False,False,True
E00441,N,30,824,1,25.472963723477072,0.07519963495322839,1052.0,2.0,0.0,526.0,0.0,1,823.0,1753,0.0,0.0,0.0,0.0,0.0,0.0,27189822.0,0.10000000000000024,15.486666666666665,62.5,50.910000000000004,6.660945878777277,5.679282555718452,0.0,0.0,-22.70990566037736,0.5825471698113207,0.0,0.0,64.0,0.015625,1.0,0.0,0.0,False,False,False,False,False,True,False,False,False,False,False,False,False,False,True,True,False,False,False,True,False,False,False,False,False,False,False,False,True,False,False,True
E00442,Y,39,3369,0,30.61738535249829,0.23650818722687306,0.0,0.0,0.0,0.0,0.0,3,1122.3333333333333,1991,1.0,1077.0,1077.0,0.10841495992876224,0.0,0.0,95683536.0,7.815,21.655,97.66,50.61666666666666,28.137772655276038,4.128444845283671,97.66,58.4,27.401818181818182,0.6018181818181818,33.65745856353591,32.75690607734806,111.0,0.08558558558558559,0.8951612903225806,0.0,0.0,False,True,False,False,True,False,False,False,False,False,False,False,False,True,False,False,False,False,True,True,False,False,False,False,False,False,True,False,False,False,True,False
E00443,N,36,1877,1,25.960301163586585,0.14274849798463762,531.0,1.0,0.0,531.0,0.0,1,1877.0,3960,0.0,0.0,0.0,0.0,0.0,0.0,13877780.0,0.0,0.0,0.0,0.0,0.0,0.0,0.0,0.0,-41.55882352941177,0.0,0.0,0.0,16.0,0.25,0.8421052631578947,0.0,0.0,True,False,False,False,False,True,False,False,False,False,False,False,False,True,False,False,True,False,False,True,False,False,False,False,False,True,False,False,False,False,False,True
E00444,N,35,3343,1,21.859000684462696,0.26150386232521755,0.0,0.0,0.0,0.0,0.0,2,1113.3333333333333,4639,2.0,1003.5,2538.0,0.2185163027221059,0.0,0.0,59578502.0,0.0,0.0,0.0,0.0,0.0,0.0,0.0,0.0,-87.8763440860215,0.8602150537634409,0.0,0.0,22.0,0.0,1.0,0.0,0.0,True,False,False,False,False,False,True,False,False,False,False,False,False,False,False,False,False,False,False,True,False,False,False,False,False,False,False,False,True,False,True,False
E00445,Y,27,2063,0,22.31895961670089,0.20919208051309351,754.0,2.0,0.5,377.0,0.0,4,515.0,73,0.0,0.0,0.0,0.0,0.0,0.0,69504443.0,5.081666666666667,22.82166666666667,44.68,58.21555555555556,8.259873048526705,-5.190462468414766,44.68,52.373333333333335,15.186834462729912,0.4181994191674734,8.474860335195531,10.373937677053824,109.0,0.027522935779816515,0.9478260869565217,0.0,0.0,True,True,False,False,True,False,False,False,False,False,False,True,False,False,False,False,False,False,True,True,False,False,False,False,False,False,False,False,True,False,False,True
E00446,Y,35,3337,0,25.919233401779604,0.2610345164759949,651.0,3.0,0.0,217.0,0.0,5,666.6,438,1.0,1077.0,1077.0,0.10945459994006593,0.0,0.0,93199015.0,9.203333333333335,23.158333333333335,57.55,66.58444444444444,10.181419487369027,1.276429614609519,57.55,69.51666666666667,22.616161616161616,0.0,29.52972972972973,28.39142091152815,97.0,0.010309278350515464,0.8738738738738738,138.0,1.0,False,False,False,False,True,False,False,True,False,False,False,False,False,False,False,False,False,False,True,True,False,False,False,False,False,False,False,False,True,False,False,True
E00447,Y,33,3962,0,22.67214236824093,0.32870802480658745,0.0,0.0,0.0,0.0,0.0,2,1980.5,3452,2.0,1086.0,1077.0,0.1843765774861181,0.0,0.0,92164283.0,9.205,24.709999999999997,39.26,70.04333333333334,18.335386551692874,-0.982514712771082,39.26,67.97333333333333,8.178408051235133,0.0,12.418367346938776,9.601583113456464,122.5,0.0,0.8941605839416058,0.0,0.0,True,True,False,False,False,True,False,False,False,False,True,False,False,False,False,False,False,True,False,True,False,False,False,False,False,False,False,False,True,False,True,False
E00448,Y,32,2177,0,26.444900752908968,0.18625941136208077,306.0,1.0,0.0,306.0,1.0,3,725.0,346,1.0,1261.0,1261.0,0.16777675700505282,0.0,0.0,71006701.0,10.805,27.830000000000002,81.1,86.41333333333334,7.677310727071042,-4.558756183749158,81.1,77.56666666666666,-54.11604714415231,0.0,9.805714285714286,8.594900849858357,111.0,0.0,1.0,0.0,0.0,False,False,False,False,False,True,False,False,False,False,False,False,False,False,False,False,False,True,False,True,False,False,False,False,False,False,False,False,True,False,False,True
E00449,N,30,3577,1,15.931553730321697,0.3264430755190509,257.0,2.0,0.0,128.5,0.0,3,1053.0,3726,2.0,1211.0,2903.0,0.20422141459323453,0.0,0.0,46028440.0,-6.875,7.79,45.8,46.98,1.6687720036002518,-4.707103825137587,0.0,0.0,13.16842105263158,0.0,0.0,0.0,38.0,0.06578947368421052,0.926829268292683,0.0,0.0,True,False,False,False,False,False,True,False,False,False,False,False,False,False,False,False,False,False,False,True,False,False,False,False,False,False,False,False,False,False,True,False
E00450,N,29,2621,1,17.752224503764545,0.24744506596804267,131.0,1.0,1.0,131.0,0.0,3,872.6666666666666,3087,1.0,290.0,1807.0,0.1393552079359023,0.0,0.0,49343640.0,-2.895,6.435,47.75,45.285,3.4860364312496817,9.833060109291637,0.0,0.0,54.322388059701495,0.7402985074626866,0.0,0.0,32.0,0.03125,0.9142857142857143,0.0,0.0,True,True,False,False,False,False,True,False,False,False,False,False,False,False,False,False,False,False,False,True,False,False,False,False,False,False,False,False,True,False,False,True
E00451,Y,27,2714,0,19.920602327173167,0.2752047050472786,974.0,3.0,0.3333333333333333,324.6666666666667,0.0,5,542.0,621,1.0,165.0,165.0,0.13457995578481946,0.0,0.0,94763052.0,5.505,23.98,89.76,68.92444444444445,13.278127796409319,-2.9084362718542462,89.76,66.04666666666667,22.54259259259259,0.17222222222222222,5.934426229508197,8.203296703296703,112.5,0.04,0.9297520661157025,0.0,0.0,False,False,False,False,False,False,True,False,False,False,False,False,False,False,False,False,False,False,False,True,False,False,False,False,False,False,False,False,True,False,False,True
E00452,Y,26,1533,0,22.16290212183436,0.16142789448744274,252.0,1.0,0.0,252.0,0.0,3,510.3333333333333,530,0.0,0.0,0.0,0.0,1.0,587.0,64511613.0,15.128,22.636000000000003,46.22,56.64,19.16397811371264,-8.303922204445762,46.22,50.86666666666667,15.983870967741936,0.0,11.22289156626506,17.320916905444125,91.5,0.01639344262295082,0.8970588235294118,361.0,2.0,True,False,False,False,False,False,True,False,False,False,False,False,False,False,False,False,False,False,False,True,False,False,False,False,False,False,False,False,True,False,False,True
E00453,N,26,99,1,15.92060232717317,0.010424893381772231,0.0,0.0,0.0,0.0,0.0,1,98.0,3962,0.0,0.0,0.0,0.0,0.0,0.0,0.0,0.0,0.0,0.0,0.0,0.0,0.0,0.0,0.0,0.0,0.0,0.0,0.0,0.0,0.0,0.0,0.0,0.0,False,False,False,False,False,False,True,False,False,False,False,False,False,False,False,False,False,False,False,True,False,False,False,False,False,False,False,False,True,False,False,True
E00454,Y,29,1192,0,26.507871321013006,0.11253510821591257,480.0,1.0,0.0,480.0,0.0,2,595.5,621,0.0,0.0,0.0,0.0,0.0,0.0,54360991.0,13.215,19.2825,63.04,52.830000000000005,13.398971602328292,7.182908514542045,63.04,58.300000000000004,10.684033613445377,0.0,11.862637362637363,10.008241758241759,88.0,0.011363636363636364,1.0,0.0,0.0,True,False,False,False,True,False,False,False,False,False,False,False,False,True,False,False,False,False,True,True,False,False,False,False,False,False,False,False,True,False,False,True
E00455,N,40,428,1,39.04722792607803,0.029295003422313483,0.0,0.0,0.0,0.0,0.0,1,427.0,636,0.0,0.0,0.0,0.0,0.0,0.0,17509149.0,-10.155,14.635,67.02,52.656666666666666,12.850277558610681,24.75909786926091,67.02,52.656666666666666,9.6524064171123,0.0,18.470588235294116,9.6524064171123,43.0,0.0,0.8775510204081632,0.0,0.0,False,True,False,False,False,True,False,False,False,True,False,False,False,False,False,False,False,True,False,True,False,False,False,False,False,False,False,False,True,False,True,False
E00456,Y,42,1595,0,38.54620123203286,0.1039731429875167,0.0,0.0,0.0,0.0,0.0,3,531.0,438,0.0,0.0,0.0,0.0,0.0,0.0,70635952.0,6.674000000000001,18.028,27.4,40.01625,14.074552454188883,-5.3409758566000525,27.4,32.339999999999996,14.863354037267081,0.0,35.19565217391305,22.132596685082873,82.5,0.024242424242424242,0.9166666666666666,0.0,0.0,False,False,False,False,False,True,False,False,True,False,False,False,False,False,False,False,True,False,False,True,False,False,False,False,False,False,False,False,True,False,True,False
E00457,N,45,999,1,31.044490075290895,0.06078028747433265,1217.0,1.0,0.0,1217.0,0.0,2,498.5,4729,0.0,0.0,0.0,0.0,0.0,0.0,0.0,0.0,0.0,0.0,0.0,0.0,0.0,0.0,0.0,0.0,0.0,0.0,0.0,0.0,0.0,0.0,0.0,0.0,True,False,False,False,False,True,False,False,False,True,False,False,False,False,False,True,False,False,False,False,False,False,False,False,False,False,False,False,True,False,False,True
E00458,N,30,4411,1,17.218343600273784,0.40255532740132327,812.0,2.0,0.0,406.0,0.0,4,1101.75,2903,3.0,1055.3333333333333,896.0,0.24841305826343232,0.0,0.0,15253721.0,3.4233333333333325,22.213333333333335,65.7,69.51333333333334,10.309528359726258,-1.4607490469030215,65.7,67.0,-58.09538784067086,0.0,2.576923076923077,12.947867298578199,122.0,0.01639344262295082,1.0,0.0,0.0,False,True,False,False,False,False,True,False,False,False,False,False,False,False,False,False,False,False,False,True,False,False,False,False,False,False,False,False,True,True,False,False
E00459,N,26,78,1,12.952772073921972,0.008213552361396304,0.0,0.0,0.0,0.0,0.0,1,77.0,5044,0.0,0.0,0.0,0.0,0.0,0.0,0.0,0.0,0.0,0.0,0.0,0.0,0.0,0.0,0.0,0.0,0.0,0.0,0.0,0.0,0.0,0.0,0.0,0.0,False,True,False,False,False,False,True,False,False,False,False,False,False,False,False,False,False,False,False,True,False,False,False,False,False,False,False,False,True,False,False,True
E00460,N,33,2657,1,24.73100616016427,0.22043847095181798,0.0,0.0,0.0,0.0,0.0,3,884.6666666666666,1626,1.0,322.0,896.0,0.13746706812194204,0.0,0.0,24975540.0,3.4,15.956,52.4,51.00714285714286,3.2022008800496096,-1.1068413830753627,0.0,52.4,29.424588086185043,0.5627376425855514,0.0,93.0,87.5,0.017142857142857144,0.9020618556701031,0.0,0.0,True,False,False,False,False,True,False,False,False,False,False,False,True,False,False,False,False,True,False,True,False,False,False,False,False,False,False,False,True,False,False,True
E00461,N,35,2980,1,25.54962354551677,0.2331084384472475,0.0,0.0,0.0,0.0,1.0,1,1566.0,2448,1.0,1640.0,2357.0,0.12256711409395973,0.0,0.0,76854142.0,1.9874999999999998,16.8875,55.5,52.681666666666665,5.099389832780648,2.4877943472640456,0.0,0.0,28.978991596638654,0.10504201680672269,0.0,57.875,65.5,0.0,0.8851351351351351,0.0,0.0,False,False,False,False,False,True,False,False,False,False,False,False,False,False,False,True,False,False,False,False,False,False,False,False,False,False,False,False,True,False,True,False
E00462,N,28,5095,1,13.639972621492129,0.4981910628727877,0.0,0.0,0.0,0.0,0.0,1,2547.0,5208,2.0,1625.0,1991.0,0.14337585868498529,0.0,0.0,88924062.0,0.5960000000000001,17.544,45.78,54.59125,8.060615782042602,-1.9908950621143664,0.0,48.615,-64.16324324324324,0.0,0.0,7.5027932960893855,109.0,0.0,1.0,0.0,0.0,True,False,False,False,False,False,True,False,False,False,False,False,False,False,False,False,False,False,False,True,False,False,False,False,True,False,False,False,False,False,True,False
E00463,Y,45,1849,0,40.26830937713895,0.1124952467868279,1518.0,1.0,0.0,1518.0,1.0,4,461.5,165,1.0,896.0,896.0,0.19753921038399133,0.0,0.0,99196885.0,8.913333333333332,25.334999999999997,68.56,74.49666666666667,19.72303982655818,8.988069282418294,68.56,82.58333333333333,8.393839383938394,0.0,9.483870967741936,8.443548387096774,106.5,0.023474178403755867,0.8949579831932774,253.0,1.0,False,False,True,False,False,False,False,False,False,False,False,False,False,False,False,False,True,False,False,False,False,False,False,False,False,False,False,False,True,False,True,False
E00464,N,39,548,1,26.614647501711158,0.03847031362431773,0.0,0.0,0.0,0.0,0.0,1,547.0,4627,0.0,0.0,0.0,0.0,0.0,0.0,0.0,0.0,0.0,0.0,0.0,0.0,0.0,0.0,0.0,0.0,0.0,0.0,0.0,0.0,0.0,0.0,0.0,0.0,True,False,False,False,False,True,False,False,True,False,False,False,False,False,False,False,False,True,False,True,False,False,False,False,False,False,False,False,True,False,True,False
E00465,Y,25,709,0,23.759069130732374,0.0776454483230664,572.0,2.0,0.0,286.0,0.0,2,354.0,165,0.0,0.0,0.0,0.0,0.0,0.0,49575096.0,-1.955,21.765,37.1,41.54,4.058965385415356,-7.957459542225226,37.1,41.54,10.338278931750741,0.0,8.202453987730062,10.338278931750741,39.0,0.02564102564102564,0.9069767441860465,0.0,0.0,False,False,False,False,False,True,False,False,False,False,True,False,False,False,False,False,True,False,False,True,False,False,False,False,False,True,False,False,False,False,False,True
E00466,N,32,2428,1,25.204654346338124,0.20773442847364817,2882.0,2.0,0.0,1441.0,0.0,5,484.6,256,1.0,230.0,346.0,0.1504324546952224,0.0,0.0,65031468.0,5.215000000000001,21.058333333333334,94.5,64.81333333333333,18.708152634613604,8.248344842286262,94.5,84.07000000000001,10.400383141762452,0.0,6.231404958677686,9.453968253968254,119.0,0.02100840336134454,0.8814814814814815,0.0,0.0,False,False,False,False,True,False,False,False,False,False,True,False,False,False,False,False,False,False,True,True,False,False,False,False,False,False,False,False,True,False,True,False
E00467,Y,40,1042,0,37.57700205338809,0.07132101300479124,0.0,0.0,0.0,0.0,0.0,2,520.5,621,0.0,0.0,0.0,0.0,0.0,0.0,61704731.0,5.07,22.11666666666667,57.5,53.708000000000006,24.962277940925187,0.5355609967463253,57.5,50.346666666666664,12.161410018552875,0.0,8.675675675675675,10.801608579088471,61.5,0.016260162601626018,0.9461538461538461,0.0,0.0,True,False,False,False,False,True,False,False,False,False,True,False,False,False,False,False,True,False,False,True,False,False,False,False,False,False,False,False,True,False,True,False
E00468,Y,26,1506,0,21.998631074606433,0.1585847417469594,1028.0,2.0,0.5,514.0,0.0,3,501.3333333333333,256,1.0,530.0,530.0,0.24252988047808763,0.0,0.0,71429088.0,8.809999999999999,21.888,29.25,63.52625,20.044258841374003,2.3351977739295164,29.25,67.82333333333334,18.81413612565445,0.45157068062827227,30.240837696335078,26.199468085106382,88.0,0.06818181818181818,0.9166666666666666,0.0,0.0,True,False,False,False,False,True,False,False,False,False,False,False,True,False,False,False,True,False,False,True,False,False,False,False,False,False,False,False,True,False,True,False
E00469,Y,43,73,0,43.238877481177276,0.004647979243270777,2721.0,2.0,0.0,1360.5,0.0,1,73.0,73,0.0,0.0,0.0,0.0,0.0,0.0,18383434.0,0.0,16.97,0.0,0.0,0.0,0.0,0.0,0.0,13.35483870967742,0.0,13.35483870967742,13.35483870967742,21.0,0.0,1.0,0.0,0.0,False,True,False,False,False,True,False,True,False,False,False,False,False,False,False,True,False,False,False,True,False,False,False,False,False,False,False,False,True,False,True,False
E00470,Y,42,4395,0,29.976728268309376,0.2864965287963235,0.0,0.0,0.0,0.0,0.0,2,2197.0,3634,2.0,1451.0,1261.0,0.16621160409556315,0.0,0.0,96086839.0,8.176666666666666,24.246666666666666,64.85,66.5488888888889,15.948599032865271,-5.793387887067047,64.85,59.15,32.633699633699635,0.6025641025641025,40.64204545454545,39.21508379888268,118.0,0.1059322033898305,0.9147286821705426,0.0,0.0,False,True,False,False,False,True,False,False,False,False,False,True,False,False,False,True,False,False,False,True,False,False,False,False,False,False,False,False,True,False,True,False
E00471,N,34,76,1,31.474332648870636,0.006119901759471756,0.0,0.0,0.0,0.0,0.0,1,75.0,1000,0.0,0.0,0.0,0.0,0.0,0.0,8555002.0,0.0,0.0,58.28,58.28,0.0,0.0,0.0,0.0,-42.48148148148148,0.0,0.0,0.0,16.0,0.21875,0.8421052631578947,0.0,0.0,False,True,False,False,False,True,False,False,False,True,False,False,False,False,False,False,False,True,False,True,False,False,False,False,False,False,False,False,True,False,True,False
E00472,Y,42,639,0,40.37234770704997,0.041654444118509826,0.0,0.0,0.0,0.0,0.0,1,639.0,639,0.0,0.0,0.0,0.0,0.0,0.0,54399991.0,-2.07,24.700000000000003,75.15,68.32666666666667,6.482332399170334,12.89792206686828,75.15,68.32666666666667,11.180379746835444,0.0,9.755555555555556,11.180379746835444,49.0,0.02040816326530612,1.0,0.0,0.0,False,False,False,False,False,True,False,False,False,False,True,False,False,False,False,False,False,True,False,True,False,False,False,False,False,False,False,False,True,False,True,False
E00473,N,39,67,1,38.91854893908282,0.004703487249688482,0.0,0.0,0.0,0.0,0.0,1,66.0,308,0.0,0.0,0.0,0.0,0.0,0.0,5042779.0,0.0,0.0,52.8,52.8,0.0,0.0,52.8,52.8,-47.111111111111114,0.0,-47.111111111111114,-47.111111111111114,22.5,0.3333333333333333,0.9375,0.0,0.0,True,False,False,False,False,True,False,False,False,False,True,False,False,False,False,True,False,False,False,True,False,False,False,False,False,False,False,False,True,True,False,False
E00474,Y,28,1149,0,25.79876796714579,0.11234966265767087,0.0,0.0,0.0,0.0,0.0,2,574.0,621,1.0,165.0,165.0,0.31788511749347254,0.0,0.0,67329300.0,11.065,18.6375,93.52,50.13333333333333,21.520106567270215,12.226495238594982,93.52,56.453333333333326,18.408849557522124,0.3929203539823009,9.17032967032967,13.033519553072626,70.5,0.028368794326241134,0.8924050632911392,0.0,0.0,False,True,False,True,False,False,False,False,False,False,False,False,False,True,False,True,False,False,False,True,False,False,False,False,False,False,False,False,True,False,False,True
E00475,Y,27,1042,0,24.468172484599588,0.10566076000709813,0.0,0.0,0.0,0.0,0.0,1,1042.0,1042,0.0,0.0,0.0,0.0,0.0,0.0,45808842.0,3.7100000000000004,23.386666666666667,53.4,62.205999999999996,10.531380726191603,-12.567459573113199,53.4,55.406666666666666,9.048561151079136,0.0,8.077319587628866,9.03598971722365,65.0,0.06153846153846154,1.0,0.0,0.0,True,False,False,False,False,True,False,False,False,False,False,False,False,False,True,False,False,True,False,True,False,False,False,False,False,False,False,False,True,False,False,True
E00476,Y,45,1866,0,40.60506502395619,0.1135295459730778,0.0,0.0,0.0,0.0,1.0,3,372.4,621,1.0,165.0,165.0,0.1957395498392283,0.0,0.0,69283598.0,15.083333333333334,24.421666666666667,94.22,63.86555555555555,18.522556593995816,3.851562504162338,94.22,70.33999999999999,7.277238403451996,0.0,7.183333333333334,5.832876712328767,112.5,0.008888888888888889,0.9375,0.0,0.0,False,False,False,False,True,False,False,False,False,False,False,False,False,False,False,False,False,False,True,True,False,False,False,False,False,False,False,False,True,False,True,False
E00477,N,43,1495,1,35.383983572895275,0.09518806806424399,0.0,0.0,0.0,0.0,0.0,3,497.6666666666667,1807,1.0,90.0,1626.0,0.24431438127090302,0.0,0.0,35963646.0,-7.96,8.655,51.25,51.465,0.30405591591021774,-0.8576502732242095,0.0,0.0,19.115755627009648,0.0,0.0,0.0,35.5,0.0,0.8875,0.0,0.0,False,False,False,True,False,False,False,False,False,False,False,True,False,False,False,False,False,True,False,False,False,False,False,False,False,False,False,False,True,False,True,False
E00478,Y,30,456,0,29.078713210130047,0.04161533196440794,857.0,2.0,0.0,428.5,0.0,1,456.0,456,0.0,0.0,0.0,0.0,0.0,0.0,62844013.0,13.105,18.96,78.52,62.589999999999996,22.528422048603403,63.895054945038176,78.52,62.589999999999996,9.482905982905983,0.0,9.634920634920634,9.482905982905983,33.0,0.0,1.0,0.0,0.0,False,False,False,False,False,True,False,False,False,False,False,False,True,False,False,False,False,True,False,True,True,False,False,False,False,False,False,False,False,False,True,False
E00479,Y,33,3663,0,23.340177960301162,0.30390143737166325,252.0,1.0,0.0,252.0,0.0,3,1220.3333333333333,2722,2.0,1086.0,165.0,0.19942669942669944,0.0,0.0,113827185.0,9.538333333333332,23.395,94.05,65.65444444444444,15.999272726526595,4.447151842134967,94.05,73.52666666666666,-51.96399639963997,0.0,8.615384615384615,7.538251366120218,119.0,0.01680672268907563,1.0,0.0,0.0,True,False,False,False,False,False,True,False,False,False,False,False,False,False,False,False,False,False,False,True,False,False,False,False,False,False,False,False,True,False,True,False
E00480,N,43,2089,1,33.23477070499658,0.13300861149578977,1504.0,2.0,0.0,752.0,1.0,1,1820.0,3452,1.0,458.0,1991.0,0.17484442316898036,0.0,0.0,37369538.0,-8.105,7.46,49.44,50.66,1.7253405460951767,-4.866666666667696,0.0,0.0,-172.73353293413174,0.0,0.0,0.0,44.0,0.0,1.0,363.0,1.0,False,True,False,False,False,True,False,False,False,False,False,False,False,False,False,False,True,False,False,True,True,False,False,False,False,False,False,False,False,False,True,False
E00481,Y,44,136,0,43.76728268309377,0.008462447887499221,0.0,0.0,0.0,0.0,0.0,1,69.5,73,0.0,0.0,0.0,0.0,0.0,0.0,21755730.0,0.0,18.02,0.0,0.0,0.0,0.0,0.0,0.0,13.120689655172415,0.0,13.120689655172415,13.120689655172415,22.0,0.0,0.9166666666666666,0.0,0.0,False,False,False,False,False,True,False,False,False,False,False,True,False,False,False,False,False,True,False,True,False,False,False,False,False,False,False,False,True,False,True,False
E00482,N,30,899,1,18.313483915126625,0.08204426192105864,191.0,1.0,0.0,191.0,0.0,2,448.5,3999,0.0,0.0,0.0,0.0,0.0,0.0,0.0,0.0,0.0,0.0,0.0,0.0,0.0,0.0,0.0,0.0,0.0,0.0,0.0,0.0,0.0,0.0,0.0,0.0,True,False,False,False,False,False,True,False,False,False,False,False,False,False,False,False,False,False,False,True,False,False,False,False,False,False,True,False,False,False,False,True
E00483,N,26,1217,1,15.214236824093087,0.12815247722845258,346.0,2.0,0.0,173.0,0.0,2,607.5,3360,0.0,0.0,0.0,0.0,0.0,0.0,0.0,0.0,0.0,0.0,0.0,0.0,0.0,0.0,0.0,0.0,0.0,0.0,0.0,0.0,0.0,0.0,0.0,0.0,False,True,False,False,False,False,True,False,False,False,False,False,False,False,False,False,False,False,False,True,False,False,False,False,False,False,False,False,True,False,False,True
E00484,Y,33,2542,0,26.847364818617386,0.21089747578453943,1648.0,2.0,0.5,824.0,0.0,4,634.75,896,1.0,530.0,530.0,0.14368607395751376,0.0,0.0,88782563.0,7.213333333333334,24.19666666666667,61.0,66.27111111111111,11.385754744904313,-0.6037950181405014,61.0,69.88666666666667,4.765581395348837,0.16465116279069766,9.192090395480227,9.083565459610028,109.0,0.045871559633027525,0.923728813559322,0.0,0.0,True,True,False,False,False,True,False,False,False,False,False,False,False,True,False,True,False,False,False,True,False,False,False,False,False,False,False,False,True,False,True,False
E00485,Y,42,1308,0,39.318275154004105,0.08526449594211401,0.0,0.0,0.0,0.0,0.0,3,326.25,165,1.0,165.0,165.0,0.27924311926605505,0.0,0.0,54099165.0,7.700000000000001,24.3375,94.82,62.73714285714285,20.553778009801274,-0.2732744054758048,94.82,60.70666666666667,9.503949447077408,0.0,8.994152046783626,9.361581920903955,81.0,0.037037037037037035,0.9,0.0,0.0,True,False,False,False,False,True,False,False,False,False,False,True,False,False,False,False,False,True,False,True,False,False,False,False,False,False,False,False,True,False,True,False
E00486,Y,29,2506,0,22.60369609856263,0.23658807146734642,79.0,1.0,0.0,79.0,0.0,1,2506.0,2506,2.0,720.5,165.0,0.2915003990422985,0.0,0.0,86015034.0,9.468333333333334,25.59166666666667,92.58,77.53444444444443,10.55998711068237,-0.33942380665802846,92.58,75.16666666666667,32.41826484018265,0.7917808219178082,31.676136363636363,32.910364145658264,112.5,0.04888888888888889,0.9146341463414634,0.0,0.0,False,False,False,False,False,False,True,False,False,False,False,False,False,False,False,False,False,False,False,True,False,False,False,False,False,False,False,False,True,False,True,False
E00487,N,38,647,1,34.965092402464066,0.04661551208617025,2350.0,1.0,1.0,2350.0,0.0,1,646.0,1133,0.0,0.0,0.0,0.0,0.0,0.0,37416134.0,22.540000000000003,14.01,28.0,50.564,16.11343321579855,-16.440104255825336,0.0,35.075,-23.633440514469452,0.0,0.0,-43.68503937007874,68.0,0.25,1.0,0.0,0.0,True,False,False,True,False,False,False,False,True,False,False,False,False,False,False,True,False,False,False,True,False,False,False,False,False,False,False,False,True,False,True,False
E00488,Y,34,422,0,33.12251882272416,0.03398155976969843,0.0,0.0,0.0,0.0,0.0,1,422.0,422,0.0,0.0,0.0,0.0,0.0,0.0,57235464.0,13.03,18.595,63.32,60.435,4.080006127446379,11.571703296700276,63.32,60.435,15.253731343283581,0.0,14.994475138121548,15.253731343283581,50.0,0.02,1.0,0.0,0.0,True,False,False,False,True,False,False,False,False,False,True,False,False,False,False,False,False,True,False,True,True,False,False,False,False,False,False,False,False,False,True,False
E00489,Y,44,4157,0,33.24572210814511,0.25866467550245786,0.0,0.0,0.0,0.0,0.0,2,2078.0,3452,3.0,1028.3333333333333,346.0,0.2635915323550637,0.0,0.0,113059942.0,9.203333333333333,24.581666666666667,87.46,69.72444444444444,14.869868956308181,1.9623369494016951,87.46,73.79666666666667,-51.422939068100355,0.0,12.811111111111112,11.981283422459892,120.0,0.008333333333333333,1.0,0.0,0.0,False,True,False,False,False,True,False,False,False,False,True,False,False,False,False,True,False,False,False,True,False,False,False,False,False,False,False,False,True,False,False,False
E00490,Y,30,2684,0,23.509924709103355,0.24494638375541866,0.0,0.0,0.0,0.0,0.0,2,1341.5,1991,1.0,712.0,712.0,0.13608420268256333,0.0,0.0,74734008.0,7.455000000000001,23.728333333333335,35.7,61.86333333333333,19.654168768991482,-8.308287031999905,35.7,44.65,9.047448522829006,0.10743061772605192,7.123655913978495,6.565683646112601,103.5,0.033816425120772944,0.8922413793103449,0.0,0.0,True,False,False,False,False,True,False,False,False,True,False,False,False,False,False,True,False,False,False,True,False,False,False,False,False,False,False,False,False,False,False,True
E00491,N,31,384,1,25.305954825462013,0.03391402265350732,1093.0,3.0,0.6666666666666666,364.3333333333333,0.0,1,383.0,2280,0.0,0.0,0.0,0.0,0.0,0.0,37496472.0,0.0,0.0,0.0,0.0,0.0,0.0,0.0,0.0,2.734375,0.0,0.0,0.0,19.5,0.0,0.8863636363636364,0.0,0.0,False,True,False,False,False,True,False,False,False,False,False,False,True,False,False,False,False,True,False,True,False,False,False,False,False,False,False,False,False,False,False,True
E00492,Y,44,1331,0,40.43805612594114,0.08281998631074607,0.0,0.0,0.0,0.0,0.0,2,443.0,621,1.0,530.0,530.0,0.2744177310293013,0.0,0.0,66394381.0,5.3825,26.7025,81.35,79.90571428571427,10.762022513051553,7.161436098349519,81.35,88.46999999999998,7.656156156156156,0.0,8.837988826815643,6.852367688022284,74.0,0.033783783783783786,0.8705882352941177,0.0,0.0,False,False,False,False,False,True,False,False,False,False,False,False,False,True,False,False,False,True,False,False,False,False,False,False,False,False,False,False,False,True,False,False
E00493,Y,26,672,0,24.750171115674195,0.07076291265202969,0.0,0.0,0.0,0.0,0.0,1,672.0,672,0.0,0.0,0.0,0.0,0.0,0.0,61274549.0,-1.81,23.665,72.26,63.943333333333335,7.457843745569719,10.523279606472341,72.26,63.943333333333335,32.371428571428574,0.0,31.825396825396826,32.371428571428574,35.0,0.02857142857142857,0.9210526315789473,0.0,0.0,False,True,False,False,True,False,False,False,False,False,False,False,False,False,True,False,False,False,True,True,False,False,False,False,False,False,False,False,True,False,False,True
E00494,N,38,2336,1,24.895277207392198,0.1683057747036997,1016.0,3.0,0.0,338.6666666666667,0.0,1,2335.0,5079,0.0,0.0,0.0,0.0,0.0,0.0,0.0,0.0,0.0,0.0,0.0,0.0,0.0,0.0,0.0,0.0,0.0,0.0,0.0,0.0,0.0,0.0,246.0,2.0,False,True,False,False,False,True,False,False,False,False,True,False,False,False,False,False,False,True,False,True,False,True,False,False,False,False,False,False,False,False,False,True
E00495,Y,31,660,0,29.626283367556468,0.05828972643571571,1847.0,3.0,0.3333333333333333,615.6666666666666,0.0,1,660.0,660,0.0,0.0,0.0,0.0,0.0,0.0,72120775.0,-2.675,28.044999999999998,97.54,84.73333333333333,13.518910212488782,26.943567289494364,97.54,84.73333333333333,5.255520504731861,0.0,4.338983050847458,5.255520504731861,37.0,0.0,0.925,0.0,0.0,False,False,False,True,False,False,False,False,False,True,False,False,False,False,False,False,True,False,False,True,False,False,False,False,False,False,False,False,True,False,True,False
E00496,N,34,3164,1,23.77549623545517,0.2547811732495873,1026.0,1.0,0.0,1026.0,1.0,3,1237.0,2448,1.0,709.0,1442.0,0.11543931731984829,0.0,0.0,84939397.0,4.8325,19.5825,73.6,78.54833333333333,8.81445725309657,-1.1408333168984075,0.0,0.0,8.08951048951049,0.0,0.0,0.0,78.5,0.012738853503184714,0.8722222222222222,0.0,0.0,False,False,False,False,False,True,False,False,False,False,False,False,False,False,False,False,True,False,False,True,False,False,False,False,False,False,False,False,True,False,True,False
E00497,Y,32,1624,0,28.008213552361397,0.13894592744695414,0.0,0.0,0.0,0.0,0.0,2,811.5,165,0.0,0.0,0.0,0.0,0.0,0.0,62521111.0,8.803999999999998,21.252000000000002,30.1,56.5275,13.373777914796019,-3.2678915636607173,30.1,51.473333333333336,9.028858218318694,0.0,7.787356321839081,7.633802816901408,79.5,0.018867924528301886,0.8833333333333333,0.0,0.0,False,False,False,False,True,False,False,False,False,False,False,False,False,False,True,False,False,True,False,True,False,False,False,False,False,False,False,False,True,False,True,False
E00498,N,33,1822,1,23.32375085557837,0.15116254951983904,290.0,2.0,0.0,145.0,0.0,3,819.0,1991,0.0,0.0,0.0,0.0,0.0,0.0,50642619.0,0.0,0.0,0.0,0.0,0.0,0.0,0.0,0.0,26.443037974683545,0.0,0.0,0.0,14.0,0.0,0.875,0.0,0.0,False,False,False,False,False,True,False,False,False,False,False,False,False,False,True,True,False,False,False,True,False,False,False,False,False,False,False,False,True,False,False,True
E00499,Y,34,4279,0,22.570841889117045,0.34456657406289004,0.0,0.0,0.0,0.0,0.0,4,1480.25,2630,3.0,967.0,165.0,0.25607618602477217,0.0,0.0,107349973.0,7.585,23.808333333333334,96.2,65.1711111111111,14.794346423925296,2.4958459608012946,96.2,74.34333333333333,9.88294930875576,0.0,5.03125,9.64627659574468,109.5,0.0273972602739726,0.8690476190476191,0.0,0.0,True,True,False,False,False,True,False,False,False,False,False,False,False,True,False,False,False,True,False,True,False,False,False,False,False,True,False,False,False,False,True,False
E00500,Y,29,2418,0,23.356605065023956,0.22828011045811797,1008.0,1.0,0.0,1008.0,0.0,2,1208.5,1717,1.0,1442.0,1442.0,0.1510545905707196,2.0,498.5,88248682.0,8.891666666666667,23.646666666666665,42.66,61.436666666666675,17.205066114374574,-7.5899101246943985,42.66,43.79333333333333,10.197860962566844,0.0,12.095477386934673,11.127272727272727,105.5,0.02843601895734597,0.8865546218487395,173.0,1.0,True,False,True,False,False,False,False,True,False,False,False,False,False,False,False,False,True,False,False,True,False,False,False,False,False,False,False,False,False,False,True,False
E00501,N,28,3154,1,14.795345653661876,0.30839933509338024,388.0,1.0,0.0,388.0,0.0,2,1576.5,4274,1.0,668.0,2357.0,0.11580532656943565,0.0,0.0,31582966.0,-5.26,9.385,54.44,54.44,0.0,0.0,0.0,0.0,-30.732758620689655,0.0,0.0,0.0,37.5,0.22666666666666666,0.9375,0.0,0.0,False,False,False,False,False,False,True,False,False,False,False,False,False,False,False,False,False,False,False,True,False,False,False,False,False,False,False,False,True,False,True,False
E00502,N,41,1648,1,33.492128678986994,0.11004824627301714,447.0,1.0,0.0,447.0,0.0,2,654.6666666666666,2448,1.0,207.0,1626.0,0.22163228155339806,0.0,0.0,4470969.0,8.306666666666667,24.333333333333332,82.92,90.33999999999999,6.546357765964215,-12.373229315743284,0.0,0.0,48.42857142857143,1.0431266846361187,0.0,0.0,50.0,0.0,0.8620689655172413,0.0,0.0,False,True,False,False,False,True,False,False,False,False,True,False,False,False,False,True,False,False,False,True,False,False,False,False,False,False,False,False,True,False,True,False
E00503,N,42,2736,1,34.392881587953454,0.17835142270460547,0.0,0.0,0.0,0.0,1.0,1,2735.0,3006,1.0,626.0,896.0,0.13349780701754385,0.0,0.0,11367742.0,1.4899999999999995,23.188333333333333,54.75,72.95333333333332,18.138200710103522,1.9374856924464001,54.75,76.45,0.6688311688311688,0.0,-42.3125,-34.46341463414634,113.5,0.2290748898678414,0.9153225806451613,0.0,0.0,True,True,False,False,False,True,False,False,False,False,False,False,False,False,False,True,False,False,False,True,False,True,False,False,False,False,False,False,False,True,False,False
E00504,Y,38,3431,0,28.632443531827516,0.24719910659605893,0.0,0.0,0.0,0.0,0.0,1,3431.0,3431,1.0,1991.0,1991.0,0.1064558437773244,0.0,0.0,79747056.0,8.516666666666666,20.351666666666667,44.22,46.84222222222222,10.568148818238907,-3.467456236371841,44.22,42.75333333333333,-54.14781834372217,0.0,4.1098901098901095,6.334254143646409,110.0,0.03636363636363636,1.0,0.0,0.0,True,False,False,True,False,False,False,False,False,False,False,False,False,False,True,False,False,True,False,True,False,False,False,False,False,False,False,False,True,False,True,False
E00505,N,45,282,1,31.71526351813826,0.017157198266027834,0.0,0.0,0.0,0.0,0.0,1,281.0,4889,0.0,0.0,0.0,0.0,0.0,0.0,0.0,0.0,0.0,0.0,0.0,0.0,0.0,0.0,0.0,0.0,0.0,0.0,0.0,0.0,0.0,0.0,0.0,0.0,False,False,False,False,False,True,False,False,False,False,False,False,True,False,False,False,False,True,False,False,False,False,False,False,False,False,False,False,True,False,False,True
E00506,N,37,1971,1,30.29158110882957,0.14584605139019924,0.0,0.0,0.0,0.0,0.0,2,984.5,712,1.0,895.0,1442.0,0.18531202435312025,0.0,0.0,25372226.0,2.151999999999999,18.98,48.26,66.03999999999999,21.00318944033659,-15.865579649050664,0.0,48.26,11.72636815920398,0.0,0.0,-44.23529411764706,89.5,0.2011173184357542,0.9226804123711341,0.0,0.0,True,False,False,False,False,True,False,False,False,True,False,False,False,False,False,False,False,True,False,True,False,False,False,False,False,False,False,False,True,False,True,False
E00507,Y,42,91,0,42.7378507871321,0.00593201003878622,1979.0,3.0,0.3333333333333333,659.6666666666666,0.0,1,91.0,91,0.0,0.0,0.0,0.0,0.0,0.0,17551226.0,0.0,20.93,0.0,0.0,0.0,0.0,0.0,0.0,11.787878787878787,0.0,11.787878787878787,11.787878787878787,18.5,0.0,0.8809523809523809,0.0,0.0,False,True,False,False,False,True,False,False,False,False,True,False,False,False,False,False,False,True,False,True,False,True,False,False,False,False,False,False,False,False,True,False
E00508,Y,40,1871,0,35.24161533196441,0.12806297056810403,3010.0,3.0,0.3333333333333333,1003.3333333333334,0.0,1,1163.5,1261,0.0,0.0,0.0,0.0,0.0,0.0,103557142.0,5.558333333333334,20.348333333333333,52.65,43.69222222222223,14.805217642589536,1.7912924841353366,52.65,48.60999999999999,11.035218783351121,0.0,16.72159090909091,12.179775280898877,118.5,0.016877637130801686,0.9045801526717557,0.0,0.0,False,False,False,False,False,True,False,False,True,False,False,False,False,False,False,False,True,False,False,False,False,False,False,False,False,False,False,False,False,False,True,False
E00509,Y,26,3406,0,17.27857631759069,0.3586584531143053,0.0,0.0,0.0,0.0,0.0,2,1702.5,2813,2.0,1268.5,1261.0,0.21447445684086905,0.0,0.0,117042402.0,8.731666666666667,27.203333333333333,78.52,83.09444444444445,12.538325357789123,3.833345083753117,78.52,83.97,-51.570035460992905,0.0,14.701570680628272,12.166666666666666,120.0,0.03333333333333333,1.0,0.0,0.0,True,False,False,False,False,False,True,False,False,False,False,False,False,False,False,False,False,False,False,True,True,False,False,False,False,False,False,False,False,False,True,False
E00510,Y,25,1690,0,20.49555099247091,0.18507871321013006,0.0,0.0,0.0,0.0,0.0,1,1690.0,1690,0.0,0.0,0.0,0.0,0.0,0.0,61111241.0,2.0079999999999996,23.360000000000003,54.34,57.72888888888888,10.475735588067838,-5.040336206686104,54.34,53.11333333333334,27.719760479041916,0.7401197604790419,34.150837988826815,29.104395604395606,87.0,0.05747126436781609,0.8969072164948454,0.0,0.0,True,False,False,False,False,False,True,False,False,False,False,False,False,False,False,False,False,False,False,True,False,False,False,False,False,False,False,False,True,False,False,True
E00511,Y,36,955,0,33.713894592744694,0.07262909726975435,0.0,0.0,0.0,0.0,0.0,2,477.0,438,0.0,0.0,0.0,0.0,0.0,0.0,58657322.0,9.056666666666667,22.586666666666662,71.84,62.736000000000004,7.882961372479258,9.280942593760797,71.84,68.23333333333333,19.09426229508197,0.0,9.689473684210526,13.551075268817204,47.0,0.0425531914893617,0.8867924528301887,0.0,0.0,True,True,False,False,False,True,False,False,False,False,False,False,False,False,True,False,True,False,False,True,False,False,False,False,False,False,False,False,True,False,False,True
E00512,N,26,1310,1,12.678986995208762,0.13794555889011742,0.0,0.0,0.0,0.0,0.0,1,654.0,4854,0.0,0.0,0.0,0.0,0.0,0.0,0.0,0.0,0.0,0.0,0.0,0.0,0.0,0.0,0.0,0.0,0.0,0.0,0.0,0.0,0.0,0.0,0.0,0.0,False,True,False,False,False,False,True,False,False,False,False,False,False,False,False,False,False,False,False,True,False,False,False,False,False,False,False,False,True,False,False,True
E00513,Y,32,2638,0,25.587953456536617,0.2257015742642026,0.0,0.0,0.0,0.0,0.0,5,526.8,73,1.0,896.0,896.0,0.13845716451857468,0.0,0.0,71839467.0,8.481666666666667,26.478333333333335,74.62,82.30666666666667,11.034437004215484,1.6207616336646429,74.62,86.28000000000002,15.475440222428174,0.0,19.6046511627907,14.46629213483146,100.5,0.03980099502487562,0.9220183486238532,0.0,0.0,False,False,False,False,False,True,False,True,False,False,False,False,False,False,False,True,False,False,False,True,False,False,False,False,False,False,False,False,True,False,True,False
E00514,Y,34,5288,0,20.50924024640657,0.4258163224221927,1878.0,3.0,0.0,626.0,0.0,4,1777.75,3452,3.0,1210.6666666666667,346.0,0.207214447806354,1.0,189.0,150568696.0,8.246666666666668,23.98,90.42,71.48555555555555,20.07383440645503,-0.9109066797822252,90.42,75.72666666666667,31.7749766573296,0.0,33.94082840236686,32.06703910614525,111.5,0.07623318385650224,0.9139344262295082,204.0,1.0,True,False,False,False,True,False,False,False,False,False,False,False,False,True,False,False,False,False,True,True,False,False,False,False,False,False,False,False,True,True,False,False
E00515,N,39,576,1,36.91991786447639,0.04043595008687411,4642.0,3.0,0.0,1547.3333333333333,0.0,2,287.0,346,0.0,0.0,0.0,0.0,0.0,0.0,29723660.0,3.0700000000000016,13.653333333333334,47.8,51.1125,5.5401767420663885,-7.618900083437591,47.8,48.73333333333333,-21.846743295019156,0.0,-45.642857142857146,-24.346774193548388,63.0,0.2777777777777778,0.9,0.0,0.0,False,False,False,False,True,False,False,False,False,False,False,False,False,False,True,False,False,False,True,True,False,False,False,False,False,False,False,False,True,False,True,False
E00516,N,25,930,1,16.438056125941138,0.10184804928131416,0.0,0.0,0.0,0.0,0.0,2,464.0,2903,0.0,0.0,0.0,0.0,0.0,0.0,0.0,0.0,0.0,0.0,0.0,0.0,0.0,0.0,0.0,0.0,0.0,0.0,0.0,0.0,0.0,0.0,0.0,0.0,False,False,False,False,False,False,True,False,False,False,False,False,False,False,False,False,False,False,False,True,False,False,False,False,True,False,False,False,False,False,False,True
E00517,N,31,588,1,22.989733059548254,0.05193084718818308,555.0,2.0,0.0,277.5,0.0,2,293.0,2630,0.0,0.0,0.0,0.0,0.0,0.0,0.0,0.0,0.0,0.0,0.0,0.0,0.0,0.0,0.0,0.0,0.0,0.0,0.0,0.0,0.0,0.0,0.0,0.0,False,False,False,False,False,False,True,False,False,False,False,False,False,False,False,False,False,False,False,True,False,False,False,False,False,False,False,False,True,False,False,True
E00518,Y,32,1570,0,28.15605749486653,0.13432580424366872,0.0,0.0,0.0,0.0,1.0,2,1104.0,804,1.0,530.0,530.0,0.23264331210191083,0.0,0.0,68401463.0,9.852,22.168,62.5,64.80875,27.542664793526633,14.569404508249436,62.5,77.69333333333333,10.68298969072165,0.0,10.879310344827585,10.043103448275861,97.5,0.010256410256410256,0.9112149532710281,0.0,0.0,False,False,False,False,False,True,False,False,False,False,False,False,False,False,False,False,False,True,False,True,False,False,False,False,False,False,False,False,True,False,True,False
E00519,Y,26,744,0,24.177960301163587,0.07834465329331859,1081.0,2.0,0.0,540.5,0.0,1,744.0,744,0.0,0.0,0.0,0.0,0.0,0.0,71635687.0,1.7066666666666668,25.400000000000002,74.24,70.9975,8.472309307384851,-3.2748671708749693,74.24,67.59666666666666,12.057142857142857,0.0,10.041176470588235,12.10344827586207,46.0,0.0,0.8679245283018868,0.0,0.0,True,False,False,False,False,True,False,False,False,False,False,True,False,False,False,False,True,False,False,True,False,False,False,False,False,False,False,False,True,False,False,True
E00520,N,30,3233,1,18.965092402464066,0.2950490531599361,716.0,2.0,0.5,358.0,0.0,1,3232.0,4191,1.0,1399.0,2357.0,0.11297556449118466,0.0,0.0,28333649.0,1.0299999999999994,15.5225,53.16,46.483999999999995,5.221923017433329,2.7361246587717685,0.0,0.0,45.258957654723126,0.5162866449511401,0.0,0.0,77.0,0.03896103896103896,0.9166666666666666,0.0,0.0,False,False,False,False,False,False,True,False,False,False,False,False,False,False,False,False,False,False,False,True,False,False,False,False,False,False,False,False,True,False,False,True
E00521,N,26,2446,1,14.004106776180699,0.25756857789712,0.0,0.0,0.0,0.0,0.0,3,814.3333333333334,3087,1.0,1436.0,3452.0,0.1493254292722813,0.0,0.0,27200626.0,0.0,0.0,0.0,0.0,0.0,0.0,0.0,0.0,14.805555555555555,1.7083333333333333,0.0,0.0,18.0,0.0,0.9473684210526315,0.0,0.0,False,True,False,False,False,False,True,False,False,False,False,False,False,False,False,False,False,False,False,True,False,False,False,False,False,False,False,False,True,False,False,True
E00522,N,26,5224,1,11.586584531143053,0.55009740430685,8.0,1.0,0.0,8.0,0.0,4,1305.0,3543,2.0,1426.0,712.0,0.1398353751914242,2.0,327.5,7290742.0,4.151666666666666,14.324999999999998,57.1,46.285555555555554,12.311834866411171,4.120329528902128,57.1,56.23,24.326760563380283,2.924882629107981,97.6917808219178,55.29179331306991,108.0,0.018518518518518517,0.9,334.0,2.0,False,False,False,False,False,False,True,False,False,False,False,False,False,False,False,False,False,False,False,True,False,False,False,False,False,False,False,False,True,False,True,False
E00523,Y,29,5118,0,15.21697467488022,0.48318345960489983,200.0,1.0,0.0,200.0,0.0,3,1278.75,3999,3.0,1088.6666666666667,165.0,0.21409730363423213,1.0,330.6666666666667,127362109.0,9.004999999999999,24.14833333333333,92.26,66.53666666666666,14.70105013255856,-1.1719084971611196,92.26,61.25333333333333,10.37590579710145,0.0,11.095238095238095,10.936842105263159,111.5,0.04484304932735426,0.8849206349206349,200.0,2.0,True,True,False,False,False,False,True,False,False,False,False,False,False,False,False,False,False,False,False,True,False,True,False,False,False,False,False,False,False,False,True,False
E00524,Y,27,2163,0,21.853524982888434,0.2193322686135828,914.0,1.0,0.0,914.0,0.0,3,1146.6666666666667,1169,1.0,1077.0,1077.0,0.1688626907073509,0.0,0.0,76752218.0,9.256666666666668,28.346666666666668,97.4,87.33888888888889,6.062265344828717,3.6232136207906542,97.4,93.75333333333333,-50.454298642533935,0.0,8.415384615384616,8.933687002652519,121.0,0.024793388429752067,1.0,0.0,0.0,False,False,False,False,False,True,False,True,False,False,False,False,False,False,False,False,False,True,False,True,False,False,False,False,False,False,False,False,True,False,True,False
E00525,Y,33,1540,0,29.062286105407257,0.12776637006616473,0.0,0.0,0.0,0.0,0.0,3,512.6666666666666,530,1.0,530.0,530.0,0.23717532467532468,0.0,0.0,63276062.0,8.094,22.316,100.0,66.79875,23.282215430605884,12.52719833236807,100.0,92.68333333333334,18.30955585464334,0.0,13.47337278106509,13.104956268221574,85.0,0.041176470588235294,0.9042553191489362,0.0,0.0,False,False,False,False,True,False,False,False,False,False,False,False,False,True,False,False,False,False,True,True,False,False,False,False,False,False,False,False,True,False,True,False
E00526,N,43,1210,1,31.132101300479125,0.07704184773092657,1623.0,1.0,0.0,1623.0,0.0,2,402.6666666666667,3909,0.0,0.0,0.0,0.0,0.0,0.0,0.0,0.0,0.0,0.0,0.0,0.0,0.0,0.0,0.0,0.0,0.0,0.0,0.0,0.0,0.0,0.0,0.0,0.0,False,False,False,False,True,False,False,False,False,False,False,True,False,False,False,False,False,False,True,True,False,False,False,False,False,False,False,False,True,False,False,True
E00527,N,45,1250,1,36.41889117043121,0.07605141075366947,3268.0,2.0,0.5,1634.0,1.0,2,415.6666666666667,2538,0.0,0.0,0.0,0.0,0.0,0.0,12688729.0,0.0,0.0,0.0,0.0,0.0,0.0,0.0,0.0,49.44444444444444,0.0,0.0,0.0,14.0,0.0,0.9333333333333333,163.0,1.0,False,True,False,False,False,True,False,False,False,False,False,False,False,False,False,False,False,True,False,False,False,False,False,False,False,False,False,False,True,False,True,False
E00528,N,30,2804,1,20.61327857631759,0.25589778690394704,147.0,1.0,0.0,147.0,0.0,2,1401.5,3268,1.0,1238.0,2173.0,0.13026034236804565,1.0,271.0,27247481.0,2.3474999999999993,16.42,57.24,55.71,2.3180595333166067,-0.5723172927155047,0.0,0.0,22.259322033898304,0.0,0.0,0.0,69.5,0.05755395683453238,0.86875,280.0,2.0,False,False,False,False,False,False,True,False,False,False,False,False,False,False,False,False,False,False,False,True,False,False,False,False,False,False,False,False,True,False,False,True
E00529,N,38,3086,1,24.859685147159478,0.22234230339709643,126.0,1.0,0.0,126.0,0.0,4,616.2,2995,2.0,1103.5,2903.0,0.23671419313026573,0.0,0.0,2751076.0,-21.26,8.425,61.6,61.6,0.0,0.0,0.0,0.0,11.882352941176471,0.0,0.0,0.0,28.0,0.0,0.9333333333333333,105.0,1.0,True,True,False,False,False,True,False,True,False,False,False,False,False,False,False,False,True,False,False,True,False,False,False,False,False,False,False,False,True,False,True,False
E00530,Y,35,3253,0,26.24229979466119,0.25446367458687785,181.0,1.0,0.0,181.0,0.0,3,1266.3333333333333,1442,2.0,1178.0,1626.0,0.22456194282201045,0.0,0.0,89532365.0,8.916666666666666,25.208333333333332,52.7,71.44222222222223,13.949946933391706,-9.756032405844396,52.7,58.73333333333333,9.583941605839415,0.0,12.17877094972067,8.639118457300276,114.5,0.013100436681222707,0.9087301587301587,218.0,1.0,False,True,False,False,True,False,False,False,False,False,True,False,False,False,False,False,False,True,False,True,False,False,False,True,False,False,False,False,False,False,True,False
E00531,Y,38,32,0,38.587268993839835,0.0023055585575849275,1084.0,1.0,0.0,1084.0,0.0,1,32.0,32,0.0,0.0,0.0,0.0,0.0,0.0,5190729.0,0.0,24.87,0.0,0.0,0.0,0.0,0.0,0.0,4.428571428571429,0.0,4.428571428571429,4.428571428571429,20.0,0.0,1.0,0.0,0.0,True,True,False,False,False,True,False,False,False,False,False,False,True,False,False,False,True,False,False,True,False,False,False,False,False,False,False,False,True,False,True,False
E00532,Y,37,5276,0,22.62012320328542,0.3904027230515937,298.0,2.0,0.0,149.0,0.0,3,2153.6666666666665,3909,3.0,1332.3333333333333,1077.0,0.20768574677786203,0.0,0.0,189389691.0,9.525,22.418333333333333,91.5,57.19444444444444,26.930427545395148,3.765190527760997,91.5,66.48,34.79779411764706,1.0689338235294117,35.27058823529412,38.83620689655172,103.5,0.08695652173913043,0.9,0.0,0.0,True,True,False,False,False,False,True,False,False,False,False,False,False,False,False,False,False,False,False,True,False,False,False,False,False,False,False,False,True,False,True,False
E00533,Y,28,1046,0,25.880903490759753,0.10227828297643493,1613.0,3.0,0.0,537.6666666666666,1.0,1,1046.0,1046,0.0,0.0,0.0,0.0,0.0,0.0,73944191.0,7.98,23.03,97.24,63.838,30.050283193341123,34.698399144362355,97.24,82.69666666666666,7.88671875,0.0,6.594285714285714,6.56824512534819,54.0,0.0,0.8571428571428571,0.0,0.0,True,False,False,True,False,False,False,False,False,False,False,False,False,False,False,False,True,False,False,True,False,False,False,False,False,False,False,False,True,False,False,True
E00534,N,33,121,1,19.260780287474333,0.01003878621948437,771.0,1.0,0.0,771.0,0.0,1,120.0,5202,0.0,0.0,0.0,0.0,0.0,0.0,0.0,0.0,0.0,0.0,0.0,0.0,0.0,0.0,0.0,0.0,0.0,0.0,0.0,0.0,0.0,0.0,0.0,0.0,True,False,False,False,False,False,True,False,False,False,False,False,False,False,False,False,False,False,False,True,False,False,False,False,False,False,False,False,True,False,False,True
E00535,Y,30,1037,0,27.392197125256672,0.0946383755418663,1027.0,2.0,0.5,513.5,1.0,2,518.0,438,0.0,0.0,0.0,0.0,0.0,0.0,76187106.0,5.0633333333333335,29.146666666666665,87.0,93.452,6.36106280428043,1.22637644137893,87.0,95.66666666666667,7.864864864864865,0.0,8.34375,9.357923497267759,52.0,0.028846153846153848,0.896551724137931,94.0,1.0,False,True,False,True,False,False,False,False,False,False,False,False,False,False,False,False,False,True,False,True,False,False,False,False,False,False,False,False,True,False,False,True
E00536,Y,28,2234,0,22.836413415468858,0.21844138065903979,451.0,2.0,0.0,225.5,0.0,2,1116.5,1534,1.0,1077.0,1077.0,0.16349597135183527,0.0,0.0,60867172.0,8.14,22.73,34.85,59.81777777777778,21.11994068278707,-13.113954968535769,34.85,37.949999999999996,30.756880733944953,0.0,37.51086956521739,34.498659517426276,112.5,0.10666666666666667,0.907258064516129,0.0,0.0,False,False,False,False,False,False,True,False,False,False,False,False,False,False,False,False,False,False,False,True,False,False,False,False,False,False,False,False,True,False,False,True
E00537,Y,41,4515,0,28.824093086926762,0.30149747082686434,594.0,1.0,1.0,594.0,0.0,5,663.7142857142857,2357,2.0,1086.0,530.0,0.16179401993355483,0.0,0.0,92683285.0,8.766666666666667,24.985,40.25,68.21444444444445,17.95783680674757,-7.877630244528863,40.25,57.98,9.198508853681268,0.0,12.239520958083832,10.540229885057471,111.0,0.013513513513513514,0.9098360655737705,0.0,0.0,True,False,False,False,True,False,False,False,False,False,False,True,False,False,False,False,False,True,False,True,False,False,False,False,False,False,False,False,True,True,False,False
E00538,N,36,4564,1,23.54277891854894,0.3470986386797475,0.0,0.0,0.0,0.0,0.0,3,1520.6666666666667,3268,3.0,1010.6666666666666,346.0,0.2400854513584575,0.0,0.0,32867961.0,7.078333333333333,21.686666666666667,96.4,70.32222222222222,21.258244152432827,3.002470935266887,96.4,78.55333333333333,23.431654676258994,0.23535457348406988,92.1774193548387,70.01234567901234,120.5,0.024896265560165973,0.9128787878787878,0.0,0.0,True,True,False,False,False,False,True,False,False,False,False,False,False,False,False,False,False,False,False,True,False,False,False,False,False,True,False,False,False,False,True,False
E00539,N,44,1188,1,32.851471594798085,0.07392197125256673,0.0,0.0,0.0,0.0,0.0,2,593.0,3634,0.0,0.0,0.0,0.0,0.0,0.0,0.0,0.0,0.0,0.0,0.0,0.0,0.0,0.0,0.0,0.0,0.0,0.0,0.0,0.0,0.0,0.0,0.0,0.0,True,False,False,True,False,False,False,True,False,False,False,False,False,False,False,False,False,True,False,True,False,False,False,False,False,False,False,False,True,False,False,True
E00540,N,36,1039,1,23.88227241615332,0.0790174157730626,1443.0,2.0,0.0,721.5,1.0,2,345.3333333333333,4091,0.0,0.0,0.0,0.0,0.0,0.0,0.0,0.0,0.0,0.0,0.0,0.0,0.0,0.0,0.0,0.0,0.0,0.0,0.0,0.0,0.0,0.0,0.0,0.0,True,False,False,False,False,True,False,False,False,False,False,False,False,False,False,False,True,False,False,True,False,False,False,False,False,False,False,False,True,False,False,True
E00541,Y,33,1727,0,28.32854209445585,0.1432808578599133,0.0,0.0,0.0,0.0,0.0,2,863.0,438,1.0,530.0,530.0,0.2114939200926462,0.0,0.0,71659892.0,4.41,24.228,72.0,63.3688888888889,15.908727513887188,-1.1517209030716036,72.0,72.08,26.973871733966746,0.0,8.63905325443787,17.79108635097493,96.0,0.07291666666666667,0.9056603773584906,0.0,0.0,True,True,False,False,False,True,False,False,False,True,False,False,False,False,False,False,False,True,False,True,False,False,False,False,False,False,False,False,True,False,True,False
E00542,N,43,201,1,33.31143052703628,0.012797860656129124,1826.0,2.0,0.0,913.0,0.0,1,200.0,3766,0.0,0.0,0.0,0.0,0.0,0.0,0.0,0.0,0.0,0.0,0.0,0.0,0.0,0.0,0.0,0.0,0.0,0.0,0.0,0.0,0.0,0.0,0.0,0.0,False,False,False,False,False,True,False,False,True,False,False,False,False,False,False,False,True,False,False,False,False,False,False,False,False,False,False,False,True,False,False,True
E00543,N,31,71,1,16.88432580424367,0.0062705614802057805,354.0,1.0,0.0,354.0,0.0,1,70.0,5401,0.0,0.0,0.0,0.0,0.0,0.0,0.0,0.0,0.0,0.0,0.0,0.0,0.0,0.0,0.0,0.0,0.0,0.0,0.0,0.0,0.0,0.0,0.0,0.0,True,True,False,False,False,False,True,False,False,False,False,False,False,False,False,False,False,False,False,False,False,False,False,False,False,False,False,False,True,False,False,True
E00544,Y,28,437,0,26.863791923340177,0.042730028356311726,101.0,1.0,1.0,101.0,0.0,1,437.0,437,0.0,0.0,0.0,0.0,1.0,436.0,49665278.0,23.3,17.225,34.0,34.46,0.650538238691625,-1.8450549450544687,34.0,34.46,29.377551020408163,0.0,27.4,29.377551020408163,41.0,0.024390243902439025,0.9111111111111111,0.0,0.0,False,False,False,False,False,True,False,False,False,True,False,False,False,False,False,False,True,False,False,True,False,False,False,False,False,False,False,False,True,False,False,True
E00545,Y,33,1995,0,27.66050650239562,0.16551552485844068,378.0,1.0,0.0,378.0,0.0,4,498.0,256,1.0,712.0,712.0,0.1830827067669173,0.0,0.0,85488223.0,9.493333333333334,26.15833333333333,66.85,80.02222222222223,9.687810353451624,-1.1155004229817829,66.85,76.98333333333333,23.929577464788732,0.6911468812877264,10.05813953488372,19.048780487804876,105.0,0.009523809523809525,0.9210526315789473,0.0,0.0,False,True,False,False,False,True,False,False,False,True,False,False,False,False,False,False,True,False,False,True,False,False,False,False,False,False,False,False,True,False,False,True
E00546,Y,38,469,0,37.190965092402465,0.03379084260960409,362.0,1.0,1.0,362.0,1.0,1,469.0,469,0.0,0.0,0.0,0.0,0.0,0.0,53201398.0,2.375,17.33,63.6,63.925,0.4596194077712524,-1.3035714285710671,63.6,63.925,9.77578475336323,0.0,8.683333333333334,9.77578475336323,33.5,0.0,0.8170731707317073,0.0,0.0,True,False,False,False,True,False,False,False,False,False,False,False,False,False,False,False,False,False,True,True,False,False,True,False,False,False,False,False,False,False,True,False
E00547,N,40,4721,1,25.911019849418206,0.32313483915126623,0.0,0.0,0.0,0.0,0.0,3,1572.6666666666667,3909,2.0,1432.0,1077.0,0.1547341664901504,0.0,0.0,32217742.0,-0.9379999999999995,17.753999999999998,53.66,56.32714285714285,10.066503388773606,-7.155154829721695,0.0,53.66,-2.3388960205391527,0.0,0.0,-43.9375,91.5,0.19672131147540983,0.905940594059406,0.0,0.0,False,True,False,False,False,True,False,False,True,False,False,False,False,False,False,False,False,True,False,True,False,False,False,False,False,False,False,False,True,False,True,False
E00548,Y,25,752,0,23.293634496919918,0.0823545516769336,3.0,1.0,0.0,3.0,0.0,2,375.5,346,0.0,0.0,0.0,0.0,0.0,0.0,50675541.0,16.709999999999997,19.03,42.56,49.2725,10.355022533373196,-14.34312269412519,42.56,44.36333333333334,12.49862258953168,0.0,13.21195652173913,12.279778393351801,55.0,0.01818181818181818,0.9016393442622951,0.0,0.0,True,False,False,False,False,True,False,False,True,False,False,False,False,False,False,True,False,False,False,True,False,False,False,False,False,False,False,False,True,False,False,True
E00549,N,32,2473,1,22.168377823408623,0.2115845311430527,844.0,2.0,0.0,422.0,0.0,3,823.3333333333334,2995,1.0,1642.0,3087.0,0.14769510715729883,1.0,259.0,63549824.0,-6.64,7.505,45.9,47.81,2.7011479041326143,-7.619125683061664,0.0,0.0,-169.55397727272728,0.0,0.0,0.0,43.0,0.0,1.0,156.0,1.0,False,False,False,False,False,False,True,False,False,False,False,False,False,False,False,False,False,False,False,True,False,False,False,False,False,False,False,False,True,False,False,True
E00550,N,31,3258,1,18.7378507871321,0.2877392859508512,697.0,3.0,0.0,232.33333333333334,0.0,2,1628.5,3634,2.0,741.0,1442.0,0.22421731123388583,1.0,298.0,5519624.0,3.393333333333333,22.37,82.86,77.08,23.25511556625768,31.434222720383676,0.0,0.0,-193.2064343163539,0.0,0.0,0.0,62.0,0.1935483870967742,1.0,315.0,1.0,False,False,False,False,False,False,True,False,False,False,False,False,False,False,False,False,False,False,False,True,False,False,False,False,False,False,False,False,True,False,True,False
E00551,Y,36,948,0,33.96851471594798,0.07209673739447867,0.0,0.0,0.0,0.0,0.0,2,473.5,346,0.0,0.0,0.0,0.0,0.0,0.0,51978107.0,-0.2599999999999998,31.686666666666667,96.92,95.224,4.68637173088094,-2.744343228428239,96.92,92.46666666666665,8.454545454545455,0.0,6.606936416184971,8.344537815126051,60.0,0.016666666666666666,1.0,0.0,0.0,True,False,False,False,False,True,False,False,False,False,False,False,False,False,True,True,False,False,False,True,False,False,False,False,False,False,False,False,True,False,False,True
E00552,Y,27,4522,0,15.41409993155373,0.4585393059041245,0.0,0.0,0.0,0.0,0.0,1,4522.0,4522,2.0,1543.0,1077.0,0.1615435647943388,0.0,0.0,90700055.0,7.805,23.23,43.86,59.71333333333333,18.352414691260662,-10.133201125618676,43.86,44.28666666666667,30.74929840972872,0.0,31.162790697674417,32.37861271676301,113.0,0.08849557522123894,0.875968992248062,0.0,0.0,True,False,False,False,False,False,True,False,False,False,False,False,False,False,False,False,False,False,False,True,False,False,False,False,False,False,False,False,True,False,True,False
E00553,Y,44,2699,0,36.85694729637235,0.16794225623794412,696.0,1.0,0.0,696.0,0.0,3,674.0,1352,1.0,896.0,896.0,0.13532789922193406,0.0,0.0,85108629.0,9.145000000000001,23.816666666666666,22.98,64.80666666666667,22.166660213031644,-11.174422921282737,22.98,43.99333333333333,-25.69099099099099,0.0,7.570652173913044,8.005333333333333,118.0,0.00847457627118644,0.9915966386554622,0.0,0.0,True,True,False,False,False,True,False,False,False,False,False,False,False,False,True,False,False,True,False,True,False,False,False,False,False,False,False,False,True,True,False,False
E00554,N,37,2230,1,29.013004791238878,0.16501100690012394,0.0,0.0,0.0,0.0,0.0,4,556.5,1261,1.0,1117.0,1991.0,0.16378923766816145,0.0,0.0,35492527.0,3.5499999999999994,16.9075,59.44,56.10666666666666,10.363178405617976,-4.061789110042481,0.0,0.0,8.989214175654853,0.0,0.0,0.0,63.0,0.0,0.863013698630137,0.0,0.0,True,False,True,False,False,False,False,False,True,False,False,False,False,False,False,False,True,False,False,True,False,False,True,False,False,False,False,False,False,False,True,False
E00555,Y,40,2461,0,33.61806981519507,0.16844626967830253,2969.0,3.0,0.3333333333333333,989.6666666666666,0.0,3,1215.3333333333333,1442,1.0,1442.0,1442.0,0.14841527834213733,0.0,0.0,132633405.0,7.82,28.236666666666665,100.0,88.54666666666667,12.3051086951721,6.785449554148635,100.0,99.73333333333333,-50.7,0.0,9.324324324324325,8.025773195876289,112.0,0.0,1.0,112.0,1.0,True,True,False,False,False,True,False,False,False,False,False,True,False,False,False,True,False,False,False,True,False,False,False,False,False,False,False,False,True,False,True,False
E00556,N,34,2272,1,27.655030800821354,0.18295285259894511,0.0,0.0,0.0,0.0,0.0,2,1135.0,1807,1.0,1015.0,1077.0,0.16076144366197181,0.0,0.0,42053263.0,3.3316666666666666,19.74,49.3,51.07666666666667,17.319234971556913,-1.8853066839997064,49.3,45.57666666666666,-21.970397779833487,0.0,10.829931972789115,9.193846153846154,106.0,0.009433962264150943,0.9636363636363636,0.0,0.0,True,False,False,True,False,False,False,False,False,False,False,False,False,False,True,True,False,False,False,True,False,False,False,False,False,False,False,False,True,False,True,False
E00557,N,37,73,1,36.93360711841205,0.005401705607044416,0.0,0.0,0.0,0.0,0.0,1,73.0,358,0.0,0.0,0.0,0.0,0.0,0.0,10508274.0,0.0,9.52,80.26,75.83000000000001,6.264966081312806,17.768681318676666,80.26,75.83000000000001,103.77777777777777,0.5,103.77777777777777,103.77777777777777,23.0,0.043478260869565216,0.92,0.0,0.0,False,False,False,False,False,True,False,False,False,False,True,False,False,False,False,True,False,False,False,True,False,False,False,False,False,False,False,False,True,False,True,False
E00558,N,28,186,1,27.49075975359343,0.01818715165737753,604.0,3.0,0.3333333333333333,201.33333333333334,0.0,1,185.0,368,0.0,0.0,0.0,0.0,0.0,0.0,21682226.0,0.0,0.0,42.4,51.325,12.621856044179877,-35.79807692306752,42.4,51.325,-43.513888888888886,0.0,-43.513888888888886,-43.513888888888886,40.0,0.2375,0.975609756097561,0.0,0.0,False,False,False,False,True,False,False,True,False,False,False,False,False,False,False,False,False,True,False,True,False,False,False,False,False,False,False,False,True,False,False,True
E00559,N,27,1750,1,14.43668720054757,0.17745329175856212,0.0,0.0,0.0,0.0,0.0,3,582.3333333333334,3360,0.0,0.0,0.0,0.0,0.0,0.0,0.0,0.0,0.0,0.0,0.0,0.0,0.0,0.0,0.0,0.0,0.0,0.0,0.0,0.0,0.0,0.0,0.0,0.0,True,False,False,False,False,False,True,False,False,False,False,False,False,False,False,False,False,False,False,True,False,False,False,False,False,False,False,False,True,False,False,True
E00560,Y,26,1772,0,21.2621492128679,0.18659506133838782,919.0,2.0,0.5,459.5,0.0,3,590.0,438,1.0,530.0,530.0,0.20612302483069977,0.0,0.0,74049417.0,7.022,25.798000000000002,56.9,69.05777777777777,12.182349709495472,-0.9559524195437914,56.9,69.09333333333333,20.83352872215709,0.5592028135990621,29.994444444444444,30.721910112359552,98.0,0.09183673469387756,0.8990825688073395,240.0,1.0,True,False,False,False,False,True,False,False,False,False,True,False,False,False,False,True,False,False,False,True,False,False,False,False,False,False,False,False,True,False,True,False
E00561,Y,27,154,0,27.411362080766597,0.015615889674753467,0.0,0.0,0.0,0.0,0.0,1,154.0,154,0.0,0.0,0.0,0.0,0.0,0.0,23557401.0,0.0,19.02,0.0,0.0,0.0,0.0,0.0,0.0,9.86111111111111,0.0,9.86111111111111,9.86111111111111,21.0,0.0,1.0,0.0,0.0,True,False,False,False,False,True,False,True,False,False,False,False,False,False,False,False,False,True,False,True,False,False,False,False,True,False,False,False,False,False,False,True
E00562,N,41,2846,1,27.10198494182067,0.19004691073604782,0.0,0.0,0.0,0.0,0.0,2,774.5,4471,1.0,482.0,2903.0,0.1283380182712579,0.0,0.0,0.0,0.0,0.0,0.0,0.0,0.0,0.0,0.0,0.0,0.0,0.0,0.0,0.0,0.0,0.0,0.0,0.0,0.0,False,False,False,False,False,True,False,True,False,False,False,False,False,False,False,False,True,False,False,True,False,False,False,False,False,False,False,False,True,False,True,False
E00563,N,44,1764,1,30.455852156057496,0.10976292701138697,0.0,0.0,0.0,0.0,0.0,2,881.0,4821,0.0,0.0,0.0,0.0,0.0,0.0,0.0,0.0,0.0,0.0,0.0,0.0,0.0,0.0,0.0,0.0,0.0,0.0,0.0,0.0,0.0,0.0,0.0,0.0,False,False,False,False,False,True,False,False,False,False,False,True,False,False,False,False,True,False,False,False,False,False,False,False,False,False,True,False,False,False,False,True
E00564,N,31,36,1,31.57015742642026,0.0031794396237663112,0.0,0.0,0.0,0.0,0.0,1,35.0,40,0.0,0.0,0.0,0.0,0.0,0.0,977420.0,0.0,0.0,0.0,0.0,0.0,0.0,0.0,0.0,-16.333333333333332,0.0,-16.333333333333332,-16.333333333333332,18.5,0.0,0.8809523809523809,0.0,0.0,True,False,False,False,False,True,False,False,False,False,True,False,False,False,False,False,True,False,False,True,False,False,False,False,False,False,False,False,True,False,False,True
E00565,N,31,2675,1,23.50171115674196,0.23625002759930228,0.0,0.0,0.0,0.0,1.0,3,891.0,1534,1.0,252.0,530.0,0.13654205607476635,0.0,0.0,10483872.0,4.301666666666667,19.776666666666667,42.2,61.02444444444445,20.881495463155357,7.056290083353256,42.2,77.75,0.27983104540654696,0.0,-46.774193548387096,-35.07943925233645,117.5,0.2723404255319149,0.8969465648854962,0.0,0.0,False,False,False,False,False,True,False,False,False,False,False,False,False,False,False,False,False,True,False,True,False,False,False,False,False,False,False,False,False,False,True,False
E00566,Y,43,2064,0,37.86173853524983,0.13141683778234087,0.0,0.0,0.0,0.0,1.0,4,412.0,73,1.0,346.0,346.0,0.17696220930232556,0.0,0.0,68242184.0,10.905000000000001,25.496666666666666,89.9,76.82222222222222,11.85575891474031,4.557348858947715,89.9,89.99666666666667,-42.720075400565506,0.0,8.473958333333334,11.294277929155314,118.0,0.00847457627118644,0.9833333333333333,0.0,0.0,False,False,False,False,True,False,False,False,False,False,False,False,False,False,False,False,False,False,True,True,False,False,False,False,False,False,False,False,True,False,True,False
E00567,Y,33,1239,0,30.480492813141684,0.10279385228050526,0.0,0.0,0.0,0.0,0.0,2,619.0,621,0.0,0.0,0.0,0.0,0.0,0.0,58079449.0,10.817499999999999,21.302500000000002,56.2,67.125,14.147460196091734,2.595208261484392,56.2,70.29,7.855555555555555,0.0,9.176470588235293,7.365079365079365,58.0,0.0,0.8923076923076924,0.0,0.0,False,False,False,False,False,True,False,False,False,False,False,True,False,False,False,False,False,True,False,True,False,False,False,False,False,False,False,False,False,False,False,True
E00568,N,28,4228,1,15.162217659137577,0.4134154688569473,10.0,1.0,0.0,10.0,0.0,2,2113.0,4091,2.0,1362.0,2173.0,0.1727767265846736,0.0,0.0,44283978.0,6.144,16.776,47.3,55.005714285714284,9.276390923814525,-4.867514798728825,0.0,47.3,27.99754601226994,0.41595092024539876,0.0,89.0909090909091,100.5,0.03980099502487562,0.9136363636363637,0.0,0.0,False,False,False,False,False,False,True,False,False,False,False,False,False,False,False,False,False,False,False,True,False,False,False,False,False,True,False,False,False,False,True,False
E00569,Y,32,5404,0,17.700205338809035,0.4623545516769336,1760.0,3.0,0.0,586.6666666666666,0.0,3,1350.25,4091,3.0,1454.0,896.0,0.2027664692820133,0.0,0.0,158635515.0,8.433333333333334,23.02,30.65,55.425555555555555,25.066318592441487,-4.685588849489591,30.65,33.38333333333333,11.911683532658694,0.0,11.674157303370787,13.627717391304348,106.5,0.03286384976525822,0.8729508196721312,0.0,0.0,True,False,False,False,False,False,True,False,False,False,False,False,False,False,False,False,False,False,False,True,False,False,True,False,False,False,False,False,False,True,False,False
E00570,N,39,321,1,34.223134839151264,0.022534618017164217,0.0,0.0,0.0,0.0,0.0,1,320.0,1823,0.0,0.0,0.0,0.0,0.0,0.0,40508160.0,0.0,0.0,28.48,30.14,2.3475945135393377,-6.62185792349862,0.0,0.0,-167.6219512195122,0.0,0.0,0.0,32.0,0.0,1.0,0.0,0.0,True,True,False,False,False,True,False,False,False,False,False,False,False,False,True,False,False,True,False,True,True,False,False,False,False,False,False,False,False,False,False,True
E00571,N,44,689,1,34.35455167693361,0.04287225437122768,2019.0,2.0,0.5,1009.5,0.0,1,688.0,3558,0.0,0.0,0.0,0.0,0.0,0.0,0.0,0.0,0.0,0.0,0.0,0.0,0.0,0.0,0.0,0.0,0.0,0.0,0.0,0.0,0.0,0.0,0.0,0.0,True,True,False,False,True,False,False,False,False,False,False,False,False,True,False,False,False,False,True,False,False,False,False,False,False,False,False,False,True,False,False,True
E00572,Y,27,482,0,26.184804928131417,0.04887570664435825,0.0,0.0,0.0,0.0,0.0,1,482.0,482,0.0,0.0,0.0,0.0,0.0,0.0,49143498.0,10.52,17.595,75.15,62.6,17.74838020778235,50.33791208789884,75.15,62.6,11.89763779527559,0.0,12.09452736318408,11.89763779527559,34.0,0.0,1.0,0.0,0.0,False,True,False,False,False,True,False,False,False,False,False,False,False,True,False,False,False,True,False,True,False,False,False,False,False,False,False,False,True,False,False,True
E00573,N,42,1537,1,28.35318275154004,0.10019230142433427,1800.0,1.0,0.0,1800.0,0.0,1,767.5,4413,1.0,198.0,3818.0,0.23763825634352634,0.0,0.0,0.0,0.0,0.0,0.0,0.0,0.0,0.0,0.0,0.0,0.0,0.0,0.0,0.0,0.0,0.0,0.0,0.0,0.0,True,True,False,False,False,True,False,False,False,True,False,False,False,False,False,False,True,False,False,True,False,True,False,False,False,False,False,False,False,False,True,False
E00574,N,32,1838,1,21.319644079397673,0.15725530458590006,0.0,0.0,0.0,0.0,0.0,2,918.0,3726,1.0,773.0,3087.0,0.19872143634385203,0.0,0.0,0.0,0.0,0.0,0.0,0.0,0.0,0.0,0.0,0.0,0.0,0.0,0.0,0.0,0.0,0.0,0.0,0.0,0.0,True,False,False,False,False,False,True,False,False,False,False,False,False,False,False,False,False,False,False,True,False,False,False,False,False,False,False,False,True,False,False,True
E00575,Y,41,1928,0,35.87679671457906,0.1287457638436754,0.0,0.0,0.0,0.0,0.0,3,855.0,712,1.0,165.0,165.0,0.18944502074688796,0.0,0.0,72678954.0,8.841666666666667,25.513333333333332,92.8,73.69,7.995379915926447,1.6017414748629284,92.8,76.68666666666667,12.251798561151078,0.06372045220966084,8.0,7.502645502645502,109.5,0.045662100456621,0.9279661016949152,0.0,0.0,False,False,False,False,False,True,False,False,True,False,False,False,False,False,False,False,False,True,False,True,False,False,False,False,False,False,False,False,False,False,True,False
E00576,Y,34,2749,0,27.110198494182068,0.2213632886419455,471.0,1.0,0.0,471.0,0.0,4,686.5,1077,1.0,346.0,346.0,0.13286649690796654,0.0,0.0,99052172.0,8.676666666666666,24.846666666666668,58.46,70.98888888888888,15.484851827224928,-5.512600452623108,58.46,64.53666666666666,-51.120598591549296,0.0,9.120218579234972,7.701333333333333,111.0,0.02702702702702703,1.0,0.0,0.0,False,True,False,False,False,True,False,False,False,False,False,False,True,False,False,True,False,False,False,True,False,False,False,False,False,False,False,False,True,False,False,True
E00577,N,36,2556,1,27.561943874058862,0.1943874058863792,2049.0,1.0,0.0,2049.0,0.0,3,1003.3333333333334,2173,1.0,26.0,896.0,0.14289906103286384,0.0,0.0,54229555.0,0.9574999999999996,15.58,48.8,50.01,9.166781332616155,-4.043956401065119,0.0,0.0,7.007541478129713,0.0,0.0,0.0,74.5,0.0,0.9085365853658537,0.0,0.0,False,True,False,False,False,True,False,True,False,False,False,False,False,False,False,True,False,False,False,True,False,False,False,False,False,False,False,False,True,False,True,False
E00578,Y,35,535,0,33.72758384668035,0.041850004889019264,0.0,0.0,0.0,0.0,0.0,1,535.0,535,0.0,0.0,0.0,0.0,0.0,0.0,54981883.0,-3.41,22.52,48.68,55.71,7.216737490029689,-14.42095021967226,48.68,55.71,27.903345724907062,0.0,28.439560439560438,27.903345724907062,32.5,0.0,0.9027777777777778,0.0,0.0,False,False,False,False,True,False,False,False,False,True,False,False,False,False,False,False,False,False,True,True,False,False,False,False,False,False,False,False,True,False,True,False
E00579,N,34,2100,1,20.251882272416154,0.16910254861698273,625.0,2.0,0.5,312.5,0.0,1,1049.0,4972,1.0,1321.0,4548.0,0.17392857142857143,0.0,0.0,0.0,0.0,0.0,0.0,0.0,0.0,0.0,0.0,0.0,0.0,0.0,0.0,0.0,0.0,0.0,0.0,239.0,1.0,True,True,False,False,False,False,True,False,False,False,False,False,False,False,False,False,False,False,False,True,False,False,False,False,False,False,False,False,True,False,False,True
E00580,N,26,1621,1,11.772758384668036,0.1706944663823514,0.0,0.0,0.0,0.0,0.0,2,809.5,4548,1.0,445.0,4183.0,0.22532387415175817,0.0,0.0,0.0,0.0,0.0,0.0,0.0,0.0,0.0,0.0,0.0,0.0,0.0,0.0,0.0,0.0,0.0,0.0,0.0,0.0,True,False,False,False,False,False,True,False,False,False,False,False,False,False,False,False,False,False,False,True,False,False,False,False,False,False,True,False,False,False,True,False
E00581,Y,40,395,0,39.89048596851472,0.0270362765229295,933.0,2.0,0.0,466.5,0.0,1,197.0,73,0.0,0.0,0.0,0.0,0.0,0.0,59916508.0,12.885,28.015,68.62,74.5,8.315575746753792,-23.584615384609187,68.62,74.5,13.551724137931034,0.0,13.313953488372093,13.551724137931034,38.5,0.0,0.9625,0.0,0.0,False,False,False,False,True,False,False,False,False,False,True,False,False,False,False,False,False,True,False,False,False,False,False,True,False,False,False,False,False,False,False,True
E00582,Y,34,487,0,33.451060917180016,0.0392156862745098,1505.0,1.0,1.0,1505.0,0.0,1,487.0,487,0.0,0.0,0.0,0.0,0.0,0.0,71702329.0,9.21,18.965,76.56,69.9,9.418662325404812,26.71318681317979,76.56,69.9,12.991666666666667,0.0,11.756613756613756,12.991666666666667,36.5,0.0,0.8902439024390244,0.0,0.0,False,False,False,True,False,False,False,True,False,False,False,False,False,False,False,False,True,False,False,True,False,False,False,False,False,False,False,False,True,False,True,False
E00583,N,34,968,1,22.699520876112253,0.07794822241011394,1180.0,2.0,0.0,590.0,0.0,1,967.0,4453,0.0,0.0,0.0,0.0,0.0,0.0,0.0,0.0,0.0,0.0,0.0,0.0,0.0,0.0,0.0,0.0,0.0,0.0,0.0,0.0,0.0,0.0,0.0,0.0,False,False,False,False,False,True,False,False,True,False,False,False,False,False,False,True,False,False,False,True,False,False,False,False,False,False,False,False,True,False,False,True
E00584,Y,32,66,0,31.906913073237508,0.005646817248459959,1431.0,1.0,0.0,1431.0,0.0,1,66.0,66,0.0,0.0,0.0,0.0,0.0,0.0,11175682.0,0.0,22.29,0.0,0.0,0.0,0.0,0.0,0.0,48.72,2.92,48.72,48.72,14.0,0.0,0.9333333333333333,0.0,0.0,False,True,False,False,False,True,False,False,True,False,False,False,False,False,False,False,True,False,False,True,False,False,False,False,False,False,False,False,True,False,True,False
E00585,Y,28,1669,0,23.457905544147845,0.1631954629901242,869.0,2.0,0.0,434.5,0.0,3,555.6666666666666,530,1.0,165.0,165.0,0.2188436189334931,2.0,522.0,87095662.0,2.728,26.528,88.82,72.19999999999999,10.075946605654476,-1.0330148998392108,88.82,69.31333333333333,15.92436974789916,0.0,11.372340425531915,14.778666666666666,87.5,0.02857142857142857,0.8663366336633663,84.0,1.0,True,False,False,False,True,False,False,False,False,False,False,True,False,False,False,False,False,True,False,True,False,False,False,False,False,False,False,False,True,False,False,True
E00586,N,38,401,1,35.05544147843943,0.028891530674736123,5045.0,3.0,0.0,1681.6666666666667,0.0,1,400.0,1314,0.0,0.0,0.0,0.0,0.0,0.0,37584279.0,-7.435,12.055,73.1,66.08666666666666,9.713214366693103,2.9096182908183397,0.0,0.0,82.0051282051282,1.2307692307692308,0.0,0.0,39.5,0.05063291139240506,0.8977272727272727,0.0,0.0,True,True,False,False,False,True,False,True,False,False,False,False,False,False,False,False,False,True,False,True,False,False,False,False,False,False,False,True,False,False,True,False
E00587,N,34,2778,1,24.073921971252567,0.22369851431332285,0.0,0.0,0.0,0.0,0.0,4,693.5,2265,1.0,1788.0,2722.0,0.13147948164146867,0.0,0.0,32958899.0,1.5099999999999998,19.32,74.28,71.15599999999999,5.821209496316037,-1.9493198880218,0.0,0.0,-94.55322580645161,0.0,0.0,0.0,87.0,0.011494252873563218,1.0,0.0,0.0,True,False,False,True,False,False,False,False,False,False,False,False,True,False,False,False,False,True,False,True,False,False,False,False,False,False,False,False,True,False,False,True
E00588,N,25,85,1,23.62217659137577,0.009308692676249144,963.0,1.0,0.0,963.0,0.0,1,84.0,574,0.0,0.0,0.0,0.0,0.0,0.0,10220219.0,0.0,0.0,52.42,56.06,5.147737367038067,-14.520218579237117,0.0,56.06,103.2,1.4857142857142858,0.0,103.2,17.0,0.058823529411764705,0.8947368421052632,0.0,0.0,True,False,False,False,False,True,False,False,True,False,False,False,False,False,False,False,True,False,False,True,False,False,False,False,False,False,False,False,True,False,False,True
E00589,N,34,1773,1,29.166324435318277,0.14277086604662398,2208.0,3.0,0.0,736.0,0.0,4,442.25,165,0.0,0.0,0.0,0.0,0.0,0.0,54830959.0,10.9,25.966666666666665,85.95,86.46555555555557,10.510551973030616,0.7464620126831573,85.95,85.25333333333333,-17.024027459954233,0.2048054919908467,91.61363636363636,53.51393188854489,123.0,0.032520325203252036,1.0,0.0,0.0,False,False,False,False,True,False,False,False,False,False,True,False,False,False,False,False,False,False,True,True,True,False,False,False,False,False,False,False,False,False,True,False
E00590,N,30,1154,1,26.625598904859686,0.1053159936116815,273.0,2.0,0.5,136.5,0.0,1,1153.0,1551,0.0,0.0,0.0,0.0,1.0,659.0,36691667.0,2.012500000000001,20.4175,66.82,79.80857142857143,11.760554732624124,-1.9112130114724648,0.0,74.25999999999999,-23.51602023608769,0.0,0.0,-45.48554913294798,81.0,0.1728395061728395,1.0,95.0,1.0,False,False,False,False,False,True,False,False,False,True,False,False,False,False,False,False,True,False,False,True,False,False,False,False,False,False,False,False,True,False,False,True
E00591,N,30,974,1,25.347022587268995,0.08888888888888889,112.0,1.0,0.0,112.0,0.0,2,486.0,1169,0.0,0.0,0.0,0.0,2.0,214.0,11278420.0,3.895,16.695,47.76,48.519999999999996,4.732103126517847,1.047407275746297,0.0,0.0,8.639737991266376,0.0,0.0,0.0,83.5,0.029940119760479042,0.9488636363636364,0.0,0.0,False,True,False,False,False,True,False,False,False,True,False,False,False,False,False,True,False,False,False,True,False,False,False,False,False,False,False,False,True,False,False,True
E00592,Y,34,2047,0,29.166324435318277,0.16483472238998267,0.0,0.0,0.0,0.0,0.0,4,511.0,346,1.0,346.0,346.0,0.17843185148998533,0.0,0.0,73174081.0,9.194999999999999,28.14833333333333,95.04,82.73333333333333,17.671986306015516,2.003227778467712,95.04,77.85333333333334,-34.0774378585086,0.37667304015296366,32.818652849740936,34.01089918256131,123.5,0.048582995951417005,0.95,0.0,0.0,False,False,False,False,False,True,False,False,False,False,True,False,False,False,False,False,True,False,False,True,False,False,False,False,False,False,False,False,True,False,False,True
E00593,N,29,2670,1,21.61259411362081,0.2520710897118176,0.0,0.0,0.0,0.0,0.0,3,889.0,1442,1.0,1521.0,1626.0,0.13679775280898876,0.0,0.0,50219824.0,4.3533333333333335,24.78333333333333,80.98,84.63666666666667,13.138497821288398,-6.848370101848144,80.98,72.52666666666667,18.473438956197576,0.0,17.244604316546763,13.914826498422713,118.5,0.05907172995780591,0.9634146341463414,0.0,0.0,False,False,False,False,False,False,True,False,False,False,False,False,False,False,False,False,False,False,False,True,False,False,False,False,False,False,False,False,True,False,False,True
E00594,N,25,2281,1,15.312799452429843,0.24980150581793292,1520.0,1.0,0.0,1520.0,0.0,4,569.25,2173,1.0,358.0,1807.0,0.1601271372205173,0.0,0.0,70868826.0,-2.03,6.445,50.32,52.54,3.1395541084682694,-8.855737704919843,0.0,0.0,-197.99727520435968,0.0,0.0,0.0,40.0,0.225,1.0,0.0,0.0,True,False,False,False,False,False,True,False,False,False,False,False,False,False,False,False,False,False,False,True,True,False,False,False,False,False,False,False,False,False,True,False
E00595,Y,34,3805,0,24.569472963723477,0.3063977130893425,860.0,2.0,0.0,430.0,1.0,4,950.5,1991,2.0,1451.0,1077.0,0.19198423127463865,0.0,0.0,105710431.0,8.591666666666667,25.208333333333332,84.92,73.36222222222221,17.10419449855633,9.135015184601876,84.92,91.57000000000001,11.234911792014856,0.0,9.303867403314918,8.930232558139535,105.5,0.023696682464454975,0.9017094017094017,0.0,0.0,False,True,False,False,False,True,False,False,False,False,False,False,False,False,False,True,False,False,False,True,False,False,True,False,False,False,False,False,False,False,True,False
E00596,N,45,329,1,33.713894592744694,0.02001673131036581,444.0,2.0,0.0,222.0,0.0,1,328.0,4122,0.0,0.0,0.0,0.0,0.0,0.0,0.0,0.0,0.0,0.0,0.0,0.0,0.0,0.0,0.0,0.0,0.0,0.0,0.0,0.0,0.0,0.0,0.0,0.0,True,False,False,False,False,True,False,False,False,False,False,False,True,False,False,False,True,False,False,False,True,False,False,False,False,False,False,False,False,False,False,True
E00597,N,36,2411,1,23.288158795345655,0.18335995132709712,389.0,1.0,0.0,389.0,0.0,1,2410.0,4671,1.0,278.0,2538.0,0.15149315636665284,0.0,0.0,0.0,0.0,0.0,0.0,0.0,0.0,0.0,0.0,0.0,0.0,0.0,0.0,0.0,0.0,0.0,0.0,0.0,0.0,True,True,False,False,False,False,True,False,False,False,False,False,False,False,False,False,False,False,False,True,False,False,False,False,False,False,False,False,True,False,False,True
E00598,N,33,2781,1,23.21971252566735,0.23072615269740526,169.0,1.0,1.0,169.0,0.0,2,1389.5,3087,1.0,1284.0,2357.0,0.1313376483279396,0.0,0.0,1821237.0,21.9125,28.995,82.26,56.644000000000005,16.537577815387596,15.394568051422182,0.0,0.0,35.992660550458716,0.363302752293578,0.0,0.0,49.0,0.02040816326530612,0.8448275862068966,0.0,0.0,True,False,False,False,False,False,True,False,False,False,False,False,False,False,False,False,False,False,False,True,False,False,False,False,False,False,False,False,True,False,False,True
E00599,N,39,581,1,25.34154688569473,0.04078695659804489,526.0,2.0,0.5,263.0,0.0,1,289.5,4882,0.0,0.0,0.0,0.0,0.0,0.0,0.0,0.0,0.0,0.0,0.0,0.0,0.0,0.0,0.0,0.0,0.0,0.0,0.0,0.0,0.0,0.0,0.0,0.0,False,True,False,False,False,True,False,True,False,False,False,False,False,False,False,False,True,False,False,True,False,False,False,False,False,False,False,False,True,False,False,True
E00600,N,33,543,1,30.034223134839152,0.04505009022462821,2966.0,3.0,0.0,988.6666666666666,0.0,2,271.0,712,0.0,0.0,0.0,0.0,0.0,0.0,19580835.0,11.37,12.069999999999999,56.3,59.595,3.7091733131072018,-5.525374370680958,0.0,56.3,62.445736434108525,0.7441860465116279,0.0,99.04444444444445,56.5,0.0,0.8692307692307693,0.0,0.0,True,False,True,False,False,False,False,False,False,False,False,False,True,False,False,False,False,True,False,True,False,False,False,False,False,False,False,False,True,False,True,False
E00601,N,31,432,1,20.637919233401778,0.03815327548519573,0.0,0.0,0.0,0.0,0.0,1,431.0,4122,0.0,0.0,0.0,0.0,0.0,0.0,0.0,0.0,0.0,0.0,0.0,0.0,0.0,0.0,0.0,0.0,0.0,0.0,0.0,0.0,0.0,0.0,0.0,0.0,False,False,False,False,False,False,True,False,False,False,False,False,False,False,False,False,False,False,False,True,False,False,False,False,False,False,False,False,True,False,False,True
E00602,N,45,838,1,36.57494866529774,0.05098486576926002,3083.0,3.0,0.0,1027.6666666666667,1.0,2,418.0,2448,0.0,0.0,0.0,0.0,0.0,0.0,0.0,0.0,0.0,0.0,0.0,0.0,0.0,0.0,0.0,0.0,0.0,0.0,0.0,0.0,0.0,0.0,41.0,1.0,True,True,False,True,False,False,False,False,False,False,False,False,False,False,False,False,True,False,False,False,False,False,False,False,False,False,False,False,True,False,True,False
E00603,N,35,1516,1,31.189596167008897,0.11858805123692187,0.0,0.0,0.0,0.0,0.0,1,1515.0,1531,0.0,0.0,0.0,0.0,0.0,0.0,40831119.0,9.082,19.022,48.75,60.222500000000004,16.18211777593667,5.614168705415539,48.75,65.77,13.06283422459893,0.0,-45.03932584269663,-6.625,87.0,0.20114942528735633,0.8877551020408163,0.0,0.0,False,False,False,False,False,True,False,False,False,False,False,False,True,False,False,False,False,True,False,True,False,False,False,False,False,False,False,False,True,False,False,True
E00604,N,35,1219,1,30.562628336755647,0.0953554317004009,1814.0,2.0,0.0,907.0,0.0,2,608.5,1261,0.0,0.0,0.0,0.0,0.0,0.0,32656811.0,-3.6325000000000003,17.71,58.72,55.445,7.687529790883044,-1.396338676606326,0.0,55.94,-28.6832,0.0,0.0,11.6875,79.0,0.012658227848101266,1.0,0.0,0.0,False,False,False,False,False,True,False,False,False,False,False,False,True,False,False,True,False,False,False,True,False,False,False,False,True,False,False,False,False,False,False,True
E00605,N,30,1027,1,25.412731006160165,0.09372575861282227,396.0,1.0,0.0,396.0,0.0,2,513.0,1352,0.0,0.0,0.0,0.0,1.0,378.0,46185560.0,-8.606666666666667,15.753333333333332,51.4,48.11666666666667,5.826716628313638,-0.13710968414728505,0.0,0.0,-67.61302681992338,0.0,0.0,0.0,58.0,0.1724137931034483,1.0,197.0,1.0,True,False,False,False,False,True,False,False,False,False,False,False,False,True,False,False,True,False,False,True,False,False,False,False,True,False,False,False,False,False,False,True
E00606,N,29,1385,1,21.519507186858316,0.13075597724751586,218.0,1.0,0.0,218.0,0.0,3,461.0,1534,0.0,0.0,0.0,0.0,0.0,0.0,8856878.0,-0.7233333333333327,14.143333333333333,46.5,49.330000000000005,2.500339976883147,-3.74475775378044,0.0,0.0,55.01282051282051,0.6692307692307692,0.0,0.0,51.0,0.029411764705882353,0.9107142857142857,0.0,0.0,True,True,False,False,False,False,True,False,False,False,False,False,False,False,False,False,False,False,False,True,False,False,False,False,False,False,False,True,False,False,False,True
E00607,N,37,1492,1,26.477754962354553,0.1104019830919215,0.0,0.0,0.0,0.0,0.0,3,496.3333333333333,2813,0.0,0.0,0.0,0.0,0.0,0.0,0.0,0.0,0.0,0.0,0.0,0.0,0.0,0.0,0.0,0.0,0.0,0.0,0.0,0.0,0.0,0.0,0.0,0.0,False,False,False,False,True,False,False,False,True,False,False,False,False,False,False,False,False,False,True,True,False,False,False,False,False,False,False,False,True,False,False,True
E00608,N,39,1080,1,27.67419575633128,0.07581740641288896,0.0,0.0,0.0,0.0,0.0,2,539.5,3634,0.0,0.0,0.0,0.0,0.0,0.0,0.0,0.0,0.0,0.0,0.0,0.0,0.0,0.0,0.0,0.0,0.0,0.0,0.0,0.0,0.0,0.0,0.0,0.0,True,False,False,True,False,False,False,False,False,False,True,False,False,False,False,False,False,True,False,True,False,False,False,False,False,False,False,False,True,False,False,True
E00609,N,28,2714,1,21.045859000684462,0.2653759655813044,0.0,0.0,0.0,0.0,0.0,1,2713.0,2758,1.0,1217.0,1261.0,0.13457995578481946,0.0,0.0,56984924.0,5.1883333333333335,23.12833333333333,58.38,71.92444444444445,15.520679842641488,-9.952702703751514,58.38,56.23,10.085901027077497,0.0,11.48125,10.848396501457726,117.0,0.02564102564102564,0.9140625,0.0,0.0,False,False,False,False,False,False,True,False,False,False,False,False,False,False,False,False,False,False,False,True,False,False,False,False,False,False,False,False,True,False,False,True
E00610,Y,36,3107,0,28.20807665982204,0.2362917332116511,0.0,0.0,0.0,0.0,0.0,5,595.3333333333334,712,1.0,896.0,896.0,0.11755712906340521,0.0,0.0,78303695.0,10.473333333333334,23.833333333333332,57.12,70.49333333333334,12.381190370881145,2.8443610532580963,57.12,70.75666666666667,23.678171641791046,0.0,30.437869822485208,31.881159420289855,112.5,0.057777777777777775,0.907258064516129,0.0,0.0,True,False,False,False,False,True,False,False,False,False,False,False,True,False,False,False,True,False,False,True,False,False,False,False,False,False,False,False,True,False,True,False
E00611,N,29,990,1,23.06091718001369,0.09346456135382002,0.0,0.0,0.0,0.0,0.0,2,494.0,1807,0.0,0.0,0.0,0.0,0.0,0.0,24280020.0,0.6100000000000007,15.886666666666665,89.48,74.99333333333334,12.865462810693337,24.567902000615362,0.0,0.0,30.67337807606264,0.0,0.0,0.0,54.0,0.08333333333333333,0.9,0.0,0.0,True,False,False,False,False,False,True,False,False,False,False,False,False,False,False,False,False,False,False,True,False,False,False,False,False,False,False,False,True,False,False,True
E00612,Y,38,2483,0,32.134154688569474,0.17889693432760545,1805.0,3.0,0.0,601.6666666666666,0.0,1,2483.0,2483,1.0,1077.0,1077.0,0.14710028191703586,0.0,0.0,97723757.0,9.991666666666667,24.58,44.1,68.65222222222222,18.82731245941503,-12.158460446205122,44.1,49.22,-47.184,0.0,9.516304347826088,11.518229166666666,108.0,0.009259259259259259,1.0,0.0,0.0,False,False,False,False,True,False,False,False,False,False,False,False,True,False,False,False,False,True,False,True,False,False,False,False,True,False,False,False,False,False,True,False
E00613,Y,42,2019,0,36.7501711156742,0.13161239855285028,0.0,0.0,0.0,0.0,0.0,3,672.3333333333334,896,0.0,0.0,0.0,0.0,0.0,0.0,69290721.0,11.011666666666668,28.09166666666667,88.6,84.88777777777779,11.665540898065737,6.707665987045781,88.6,95.53333333333335,-41.798828125,0.0,14.545454545454545,10.807909604519773,115.0,0.008695652173913044,0.9426229508196722,0.0,0.0,False,False,False,False,False,True,False,False,False,False,False,False,False,False,True,False,False,True,False,True,False,False,False,False,False,False,False,False,True,False,False,True
E00614,N,38,439,1,29.418206707734427,0.03162938146186822,1214.0,3.0,0.0,404.6666666666667,0.0,1,438.0,3378,0.0,0.0,0.0,0.0,0.0,0.0,0.0,0.0,0.0,0.0,0.0,0.0,0.0,0.0,0.0,0.0,0.0,0.0,0.0,0.0,0.0,0.0,0.0,0.0,False,False,False,True,False,False,False,False,False,False,False,True,False,False,False,False,False,True,False,True,False,False,False,False,False,False,False,False,True,False,False,True
E00615,Y,25,1657,0,21.09514031485284,0.18146475017111569,0.0,0.0,0.0,0.0,0.0,3,551.6666666666666,165,0.0,0.0,0.0,0.0,0.0,0.0,59448233.0,0.28200000000000003,24.534,15.42,59.037777777777784,25.426217659031487,-13.891663806079324,15.42,28.91333333333333,16.086269744835967,0.2770352369380316,13.625,10.640326975476839,89.0,0.016853932584269662,0.8476190476190476,0.0,0.0,False,False,False,False,False,False,True,False,False,False,False,False,False,False,False,False,False,False,False,True,False,False,False,False,False,False,False,False,True,False,False,True
E00616,Y,36,93,0,36.41615331964408,0.0070727812000912615,2218.0,1.0,1.0,2218.0,0.0,1,93.0,93,0.0,0.0,0.0,0.0,0.0,0.0,17396748.0,0.0,20.61,0.0,0.0,0.0,0.0,0.0,0.0,0.7837837837837838,0.0,0.7837837837837838,0.7837837837837838,22.5,0.0,0.9,0.0,0.0,True,False,False,False,False,True,False,False,False,False,False,False,False,False,True,False,True,False,False,True,False,False,False,False,False,False,False,False,True,False,True,False
E00617,N,39,2365,1,26.247775496235455,0.16602607978377998,0.0,0.0,0.0,0.0,0.0,1,2365.0,4897,1.0,1286.0,3818.0,0.15443974630021143,0.0,0.0,0.0,0.0,0.0,0.0,0.0,0.0,0.0,0.0,0.0,0.0,0.0,0.0,0.0,0.0,0.0,0.0,0.0,0.0,False,False,False,False,False,True,False,False,False,False,True,False,False,False,False,True,False,False,False,True,False,False,False,False,False,False,False,True,False,False,False,True
E00618,N,36,2567,1,29.125256673511295,0.19522397140466954,1858.0,1.0,0.0,1858.0,0.0,4,823.5,987,1.0,86.0,165.0,0.14228671601090767,1.0,489.0,61277784.0,4.161666666666667,19.18166666666667,52.68,55.35444444444445,12.449563356912474,-2.00989970557704,52.68,51.846666666666664,8.35899814471243,0.0,-43.52142857142857,-14.984567901234568,115.0,0.1956521739130435,0.9349593495934959,590.0,2.0,False,False,False,False,True,False,False,False,False,False,False,True,False,False,False,False,False,True,False,True,False,False,False,False,False,False,False,True,False,False,True,False
E00619,Y,34,1776,0,29.519507186858316,0.14301244111607683,518.0,1.0,1.0,518.0,0.0,4,443.25,256,0.0,0.0,0.0,0.0,0.0,0.0,70280152.0,-0.20800000000000018,28.083999999999996,46.1,74.78444444444443,15.88510238486922,-6.080055653744696,46.1,60.120000000000005,9.537610619469026,0.0,7.395833333333333,8.986876640419947,95.0,0.015789473684210527,0.9693877551020408,0.0,0.0,False,False,False,False,True,False,False,False,False,False,True,False,False,False,False,False,False,False,True,True,False,False,False,False,True,False,False,False,False,False,False,True
E00620,N,26,601,1,15.288158795345653,0.06328647396409204,0.0,0.0,0.0,0.0,0.0,1,600.0,4221,0.0,0.0,0.0,0.0,0.0,0.0,0.0,0.0,0.0,0.0,0.0,0.0,0.0,0.0,0.0,0.0,0.0,0.0,0.0,0.0,0.0,0.0,0.0,0.0,True,False,False,False,False,False,True,False,False,False,False,False,False,False,False,False,False,False,False,True,False,False,False,False,False,False,False,False,True,False,False,True
E00621,Y,33,402,0,32.355920602327174,0.03335200049779105,0.0,0.0,0.0,0.0,0.0,1,402.0,402,0.0,0.0,0.0,0.0,0.0,0.0,61530753.0,32.96,23.505000000000003,66.8,71.24000000000001,6.279108216936554,-17.808791208786516,66.8,71.24000000000001,23.055,0.48,26.058201058201057,23.055,33.5,0.0,0.8375,0.0,0.0,False,False,False,False,False,True,False,False,False,False,False,True,False,False,False,False,False,True,False,True,False,False,False,False,False,False,False,False,True,False,True,False
E00622,N,45,822,1,36.75838466803559,0.05001140771161305,3148.0,3.0,0.0,1049.3333333333333,1.0,2,410.0,2722,0.0,0.0,0.0,0.0,0.0,0.0,0.0,0.0,0.0,0.0,0.0,0.0,0.0,0.0,0.0,0.0,0.0,0.0,0.0,0.0,0.0,0.0,88.0,1.0,True,False,False,False,False,True,False,False,False,False,False,False,False,False,False,False,False,True,False,False,False,False,False,False,False,False,False,False,True,False,True,False
E00623,N,42,1331,1,36.37234770704997,0.08676379518268636,0.0,0.0,0.0,0.0,0.0,3,331.75,1077,0.0,0.0,0.0,0.0,0.0,0.0,37878903.0,1.147499999999999,17.177500000000002,50.05,55.01833333333334,8.014747448713942,-5.04093252231409,0.0,0.0,8.906389301634473,0.0,0.0,0.0,71.0,0.0,0.9102564102564102,0.0,0.0,False,False,False,False,False,True,False,False,False,False,False,False,False,False,True,False,True,False,False,True,False,False,False,True,False,False,False,False,False,False,True,False
E00624,N,29,4010,1,14.965092402464066,0.3785786778068871,0.0,0.0,0.0,0.0,0.0,2,2004.0,4639,1.0,1633.0,2903.0,0.09108478802992519,0.0,0.0,43882225.0,0.05999999999999991,15.163333333333332,52.7,52.49333333333334,3.7542686815588113,-3.450548444236764,0.0,0.0,-12.083885209713024,0.0,0.0,0.0,46.5,0.0967741935483871,0.9117647058823529,0.0,0.0,True,True,False,False,False,False,True,False,False,False,False,False,False,False,False,False,False,False,False,True,False,False,False,False,False,False,False,False,True,False,True,False
E00625,N,42,1875,1,31.430527036276523,0.12222548156839738,0.0,0.0,0.0,0.0,0.0,1,1874.0,3925,0.0,0.0,0.0,0.0,0.0,0.0,16895164.0,0.0,0.0,0.0,0.0,0.0,0.0,0.0,0.0,-45.04,0.0,0.0,0.0,20.5,0.3170731707317073,0.8913043478260869,0.0,0.0,True,False,False,False,False,True,False,False,False,False,False,True,False,False,False,False,False,True,False,True,False,False,False,False,False,False,False,False,True,False,True,False
E00626,Y,35,102,0,35.676933607118414,0.007978879436784981,0.0,0.0,0.0,0.0,0.0,1,102.0,102,0.0,0.0,0.0,0.0,0.0,0.0,13598256.0,0.0,20.83,0.0,0.0,0.0,0.0,0.0,0.0,9.045454545454545,0.0,9.045454545454545,9.045454545454545,21.5,0.0,0.8958333333333334,0.0,0.0,True,False,False,False,False,True,False,False,True,False,False,False,False,False,False,False,True,False,False,True,False,False,True,False,False,False,False,False,False,False,True,False
E00627,Y,34,1864,0,29.71937029431896,0.1500986431533599,1649.0,2.0,0.0,824.5,0.0,2,931.5,1261,1.0,346.0,346.0,0.19594957081545064,1.0,159.0,107208043.0,15.568333333333335,23.185,100.0,63.272222222222226,25.127624130515095,12.234388111324916,100.0,92.23333333333333,23.009605122732125,0.0,29.652173913043477,28.674863387978142,105.5,0.061611374407582936,0.8865546218487395,164.0,1.0,True,False,False,False,False,True,False,False,False,False,False,False,False,True,False,True,False,False,False,True,False,False,False,False,False,False,False,False,True,False,True,False
E00628,Y,44,1996,0,39.460643394934976,0.12419886752535624,0.0,0.0,0.0,0.0,0.0,4,288.42857142857144,165,1.0,165.0,165.0,0.18299098196392785,0.0,0.0,62439223.0,7.741666666666667,20.831666666666667,91.26,51.57222222222222,22.53355873901068,11.243650699195893,91.26,77.42333333333333,19.643504531722055,0.0,12.558011049723756,13.164804469273744,115.0,0.021739130434782608,0.9126984126984127,0.0,0.0,False,False,False,False,False,True,False,False,False,False,False,False,False,True,False,False,False,True,False,False,False,False,False,False,False,False,False,False,True,False,True,False
E00629,N,35,1374,1,29.04312114989733,0.10748019947198592,1679.0,2.0,0.5,839.5,0.0,1,1373.0,2338,1.0,478.0,1442.0,0.26582969432314413,0.0,0.0,21895000.0,6.9575000000000005,23.035,99.3,88.068,14.868648896251468,9.847259075466901,0.0,0.0,-8.542372881355933,0.0,0.0,0.0,83.5,0.19161676646706588,0.9382022471910112,0.0,0.0,True,False,False,False,False,True,False,True,False,False,False,False,False,False,False,False,False,True,False,True,False,False,False,False,False,False,False,False,True,False,True,False
E00630,N,32,2534,1,19.630390143737166,0.21680355920602326,880.0,2.0,0.5,440.0,0.0,3,844.0,3087,1.0,806.0,3087.0,0.1441397000789266,0.0,0.0,0.0,0.0,0.0,0.0,0.0,0.0,0.0,0.0,0.0,0.0,0.0,0.0,0.0,0.0,0.0,0.0,0.0,0.0,True,False,False,False,False,False,True,False,False,False,False,False,False,False,False,False,False,False,False,True,False,False,False,False,False,False,False,False,True,False,True,False
E00631,Y,34,3297,0,25.82067077344285,0.2654910013286629,0.0,0.0,0.0,0.0,0.0,2,1648.0,2903,1.0,1442.0,1442.0,0.11078252957233849,0.0,0.0,88012407.0,6.913333333333333,23.298333333333332,36.6,58.26555555555555,22.78083465937492,-11.011145284249995,36.6,40.656666666666666,8.728093947606142,0.0,10.71808510638298,9.909574468085106,118.5,0.02109704641350211,0.92578125,0.0,0.0,False,False,False,False,False,True,False,False,False,False,True,False,False,False,False,False,False,True,False,True,False,False,False,False,False,False,False,False,True,False,False,True
E00632,Y,30,2824,0,22.491444216290212,0.2577230207620351,954.0,2.0,0.0,477.0,0.0,1,2824.0,2824,1.0,530.0,530.0,0.12933781869688385,0.0,0.0,111392259.0,7.0183333333333335,25.418333333333333,59.7,76.42,14.490033643853277,4.325441952133309,59.7,81.33333333333333,32.141784037558686,0.5427230046948357,32.30386740331492,30.383152173913043,107.5,0.05116279069767442,0.9033613445378151,0.0,0.0,False,True,False,False,False,False,True,False,False,False,False,False,False,False,False,False,False,False,False,True,False,False,False,False,False,False,False,False,True,False,False,True
E00633,N,42,2870,1,33.308692676249144,0.18708647045402693,0.0,0.0,0.0,0.0,0.0,4,1173.0,1352,1.0,345.0,896.0,0.12726480836236934,0.0,0.0,36220062.0,1.2280000000000002,16.264,55.36,49.44857142857143,9.656984395713168,5.9674294596929505,0.0,55.36,34.56590084643289,0.5574365175332527,0.0,88.75294117647059,85.0,0.011764705882352941,0.9042553191489362,0.0,0.0,True,True,False,False,False,True,False,False,False,False,False,True,False,False,False,False,True,False,False,True,False,False,False,False,False,False,False,True,False,False,True,False
E00634,Y,37,2254,0,31.017111567419576,0.16678691011339883,1214.0,2.0,0.0,607.0,1.0,1,2254.0,2254,1.0,712.0,712.0,0.1620452528837622,0.0,0.0,89010986.0,10.148333333333333,25.810000000000002,72.96,81.68666666666667,7.837855255106463,-3.5843511142959708,72.96,72.87666666666667,30.683823529411764,0.0,30.93820224719101,30.24376731301939,107.0,0.037383177570093455,0.9067796610169492,0.0,0.0,True,True,False,False,False,True,False,False,False,False,False,False,False,False,False,True,False,False,False,True,False,False,False,False,False,False,False,False,True,False,True,False
E00635,N,42,628,1,39.983572895277206,0.04093738795997523,711.0,1.0,0.0,711.0,0.0,2,313.5,438,0.0,0.0,0.0,0.0,0.0,0.0,17283335.0,1.0033333333333327,13.469999999999999,52.42,53.535,5.965442146228559,-6.589143737075071,52.42,51.300000000000004,-16.45928338762215,0.0,-45.9811320754717,-26.677551020408163,47.5,0.09473684210526316,0.9313725490196079,0.0,0.0,False,False,False,False,False,True,False,False,False,True,False,False,False,False,False,False,False,True,False,True,False,False,False,False,False,False,False,False,True,False,False,True
E00636,Y,41,1333,0,37.97946611909651,0.08901353900602661,3192.0,2.0,0.0,1596.0,0.0,1,1333.0,1333,0.0,0.0,0.0,0.0,0.0,0.0,95924596.0,4.59,26.475,100.0,75.61428571428571,14.316357610722607,2.2784358147027883,100.0,75.73333333333333,9.0,0.0,8.48469387755102,9.691891891891892,67.5,0.02962962962962963,0.8653846153846154,251.0,1.0,True,True,False,False,False,True,False,False,False,False,False,False,False,True,False,False,False,True,False,True,False,False,False,False,False,False,False,False,True,False,True,False
E00637,N,42,1278,1,27.60574948665298,0.08330888823701965,1215.0,1.0,1.0,1215.0,0.0,1,855.5,4889,1.0,386.0,4548.0,0.2857981220657277,0.0,0.0,0.0,0.0,0.0,0.0,0.0,0.0,0.0,0.0,0.0,0.0,0.0,0.0,0.0,0.0,0.0,0.0,339.0,1.0,False,False,False,False,True,False,False,False,False,False,False,False,False,True,False,False,False,False,True,True,False,False,False,False,False,False,False,False,True,False,True,False
E00638,N,30,3015,1,17.880903490759753,0.2751540041067762,0.0,0.0,0.0,0.0,0.0,2,1506.5,3999,1.0,1405.0,2903.0,0.12114427860696518,0.0,0.0,55213339.0,-5.12,7.935,52.2,54.225,2.863782463805516,-8.07786885246067,0.0,0.0,-132.50571428571428,0.36,0.0,0.0,35.0,0.0,1.0,0.0,0.0,True,False,False,False,False,False,True,False,False,False,False,False,False,False,False,False,False,False,False,True,True,False,False,False,False,False,False,False,False,False,True,False
E00639,N,31,3338,1,21.560574948665298,0.29480470733699854,262.0,1.0,1.0,262.0,0.0,2,1668.0,2538,1.0,946.0,1261.0,0.10942180946674655,0.0,0.0,8173811.0,7.8133333333333335,24.635,83.9,79.74111111111112,16.834193212361296,6.638151719459627,83.9,81.57333333333334,24.206174200661522,0.21168687982359427,125.9090909090909,78.66666666666667,130.0,0.011538461538461539,0.9090909090909091,0.0,0.0,False,False,False,False,False,False,True,False,False,False,False,False,False,False,False,False,False,False,False,True,False,False,False,False,False,False,False,False,True,False,False,True
E00640,N,38,2621,1,25.623545516769337,0.18883965560719046,0.0,0.0,0.0,0.0,0.0,1,2620.0,4885,1.0,1554.0,3818.0,0.1393552079359023,0.0,0.0,0.0,0.0,0.0,0.0,0.0,0.0,0.0,0.0,0.0,0.0,0.0,0.0,0.0,0.0,0.0,0.0,0.0,0.0,False,True,False,True,False,False,False,False,False,False,True,False,False,False,False,True,False,False,False,True,False,False,False,False,False,False,False,False,True,False,False,True
E00641,N,45,907,1,40.53388090349076,0.055182903642862574,0.0,0.0,0.0,0.0,0.0,2,301.3333333333333,1261,0.0,0.0,0.0,0.0,0.0,0.0,6344644.0,13.1725,23.365000000000002,92.85,57.88199999999999,19.86105284218337,17.917099477927,0.0,0.0,9.517006802721088,0.0,0.0,0.0,69.5,0.0,0.9266666666666666,0.0,0.0,False,False,False,False,False,True,False,True,False,False,False,False,False,False,False,False,True,False,False,False,False,False,False,False,False,False,False,False,True,False,True,False
E00642,N,27,720,1,18.55167693360712,0.07300935432352271,0.0,0.0,0.0,0.0,0.0,2,359.0,2630,0.0,0.0,0.0,0.0,0.0,0.0,0.0,0.0,0.0,0.0,0.0,0.0,0.0,0.0,0.0,0.0,0.0,0.0,0.0,0.0,0.0,0.0,0.0,0.0,True,True,False,False,False,False,True,False,False,False,False,False,False,False,False,False,False,False,False,True,False,False,False,False,False,False,False,False,True,False,False,True
E00643,N,29,39,1,24.147843942505133,0.0036819372654535156,0.0,0.0,0.0,0.0,1.0,1,38.0,1804,0.0,0.0,0.0,0.0,0.0,0.0,1714755.0,0.0,0.0,54.52,54.52,0.0,0.0,0.0,0.0,14.6,0.0,0.0,0.0,21.5,0.0,0.9347826086956522,0.0,0.0,False,False,False,False,False,True,False,False,False,False,False,False,False,False,False,False,False,True,False,True,False,False,False,False,False,False,False,False,True,False,False,True
E00644,N,45,1312,1,36.18069815195072,0.07982356072705149,3271.0,3.0,0.3333333333333333,1090.3333333333333,0.0,1,655.0,2173,0.0,0.0,0.0,0.0,0.0,0.0,28823662.0,0.0,0.0,0.0,0.0,0.0,0.0,0.0,0.0,-45.507462686567166,0.0,0.0,0.0,19.0,0.21052631578947367,0.9047619047619048,324.0,1.0,False,True,False,False,True,False,False,False,True,False,False,False,False,False,False,False,False,False,True,True,False,False,False,False,False,False,False,True,False,False,True,False
E00645,N,36,282,1,35.04175222450377,0.021446497832534793,1868.0,1.0,1.0,1868.0,0.0,1,281.0,692,0.0,0.0,0.0,0.0,0.0,0.0,36364886.0,0.0,0.0,53.78,49.11,6.604377336282356,18.628961748636605,0.0,49.11,6.423357664233577,0.0,0.0,6.423357664233577,13.5,0.0,0.9,57.0,1.0,False,True,False,False,False,True,False,False,True,False,False,False,False,False,False,False,True,False,False,True,False,False,False,False,False,False,False,False,False,False,True,False
E00646,Y,34,4381,0,22.075290896646134,0.35278012642428636,0.0,0.0,0.0,0.0,0.0,3,1459.6666666666667,3178,2.0,1360.5,896.0,0.16674275279616527,0.0,0.0,92316361.0,7.7749999999999995,22.804999999999996,41.22,56.89444444444444,22.926748085539252,1.249695508622377,41.22,53.28666666666667,9.818428184281842,0.0,11.118918918918919,11.185676392572944,102.5,0.04390243902439024,0.8991228070175439,0.0,0.0,True,False,False,False,False,False,True,False,False,False,False,False,False,False,False,False,False,False,False,True,False,False,False,False,False,False,False,False,True,False,True,False
E00647,N,33,1844,1,20.0,0.15298778337792712,0.0,0.0,0.0,0.0,0.0,2,921.0,4548,0.0,0.0,0.0,0.0,0.0,0.0,0.0,0.0,0.0,0.0,0.0,0.0,0.0,0.0,0.0,0.0,0.0,0.0,0.0,0.0,0.0,0.0,0.0,0.0,False,False,False,False,False,False,True,False,False,False,False,False,False,False,False,False,False,False,False,True,False,False,False,False,False,False,False,True,False,False,False,True
E00648,Y,40,1065,0,37.828884325804246,0.0728952772073922,0.0,0.0,0.0,0.0,0.0,1,532.0,987,0.0,0.0,0.0,0.0,0.0,0.0,54164489.0,7.366666666666667,23.723333333333333,56.44,67.42,20.69838520271569,10.99994628302248,56.44,74.65333333333332,9.22803738317757,0.0,7.4728260869565215,10.241847826086957,62.0,0.03225806451612903,0.8985507246376812,0.0,0.0,False,True,False,False,False,True,False,False,False,True,False,False,False,False,False,False,True,False,False,True,False,False,False,False,False,False,False,False,True,False,True,False
E00649,N,39,5279,1,24.438056125941138,0.3705926744941119,0.0,0.0,0.0,0.0,0.0,3,1237.6,4183,3.0,1297.0,712.0,0.20756772115931046,0.0,0.0,78119044.0,6.253333333333333,21.763333333333332,44.95,68.43111111111111,19.296447499763037,-13.31705406228947,44.95,48.07,45.728718428437794,0.9036482694106641,92.2520325203252,62.671826625387,98.0,0.0,0.9158878504672897,0.0,0.0,True,False,False,False,True,False,False,False,False,False,False,False,False,True,False,False,False,False,True,True,False,False,False,False,False,False,True,False,False,True,False,False
E00650,N,45,3602,1,33.949349760438054,0.21914974522777397,764.0,2.0,0.0,382.0,0.0,2,1565.0,2813,1.0,1069.0,1626.0,0.10140199888950582,0.0,0.0,33057937.0,4.651999999999999,17.648000000000003,30.0,56.11285714285714,19.325324244184294,-17.718876283411234,0.0,30.0,27.546019900497512,0.2300995024875622,0.0,92.84615384615384,92.5,0.005405405405405406,0.8894230769230769,249.0,1.0,True,False,False,False,False,True,False,False,False,False,False,False,False,True,False,True,False,False,False,True,False,True,False,False,False,False,False,False,False,False,True,False
E00651,N,40,65,1,40.04380561259411,0.004449007529089665,2101.0,3.0,0.3333333333333333,700.3333333333334,0.0,1,64.0,148,0.0,0.0,0.0,0.0,0.0,0.0,8021004.0,0.0,0.0,0.0,0.0,0.0,0.0,0.0,0.0,89.5,4.954545454545454,89.5,89.5,17.0,0.058823529411764705,0.8947368421052632,0.0,0.0,True,False,False,False,False,True,False,False,False,False,False,False,False,False,True,False,True,False,False,True,False,False,False,False,False,False,False,False,True,False,True,False
E00652,Y,25,863,0,22.65571526351814,0.09451060917180014,0.0,0.0,0.0,0.0,0.0,2,431.0,438,0.0,0.0,0.0,0.0,0.0,0.0,57965939.0,17.496666666666666,15.463333333333333,26.7,27.53,1.866369023889256,-1.615063504832297,26.7,27.393333333333334,17.404819277108434,0.0,9.961538461538462,15.383333333333333,46.5,0.021505376344086023,0.8157894736842105,0.0,0.0,False,True,False,False,True,False,False,False,False,False,False,False,True,False,False,False,False,False,True,True,False,False,False,False,False,False,False,False,True,False,False,True
E00653,N,25,3471,1,15.11567419575633,0.38012320328542093,1067.0,3.0,0.0,355.6666666666667,0.0,4,866.75,2082,1.0,1294.0,1626.0,0.10522904062229904,1.0,673.0,4217743.0,6.5249999999999995,21.415000000000003,47.96,64.76666666666667,20.77815920624346,-13.573492103228618,47.96,49.03333333333333,26.706135629709365,0.42734122712594186,54.333333333333336,87.26984126984127,105.5,0.04739336492890995,0.9254385964912281,274.0,2.0,True,False,False,False,False,False,True,False,False,False,False,False,False,False,False,False,False,False,False,True,False,False,False,False,False,False,False,False,True,False,True,False
E00654,N,28,2974,1,13.850787132101301,0.29079886574753105,227.0,1.0,0.0,227.0,0.0,4,593.8,3634,1.0,1872.0,4364.0,0.12281439139206456,0.0,0.0,0.0,0.0,0.0,0.0,0.0,0.0,0.0,0.0,0.0,0.0,0.0,0.0,0.0,0.0,0.0,0.0,0.0,0.0,True,False,False,False,False,False,True,False,False,False,False,False,False,False,False,False,False,False,False,True,False,False,False,False,False,False,False,False,True,False,False,True
E00655,N,43,1130,1,30.702258726899384,0.07194817184789011,0.0,0.0,0.0,0.0,0.0,2,405.5,4157,1.0,295.0,3999.0,0.3232300884955752,0.0,0.0,0.0,0.0,0.0,0.0,0.0,0.0,0.0,0.0,0.0,0.0,0.0,0.0,0.0,0.0,0.0,0.0,0.0,0.0,False,False,False,False,False,True,False,False,False,False,True,False,False,False,False,False,False,True,False,True,False,False,False,False,False,False,False,False,True,False,True,False
E00656,N,44,709,1,40.681724845995895,0.04411673200174227,4691.0,2.0,0.0,2345.5,0.0,2,353.5,804,0.0,0.0,0.0,0.0,0.0,0.0,22279512.0,-1.3133333333333332,13.546666666666667,51.9,54.05800000000001,4.42982166683942,-4.427597057098451,0.0,51.9,48.0,0.32044198895027626,0.0,94.28888888888889,66.0,0.015151515151515152,1.0,0.0,0.0,False,False,False,False,False,True,False,False,False,False,False,False,False,True,False,False,False,True,False,True,False,False,False,False,False,False,False,False,True,True,False,False
E00657,N,43,1995,1,36.35318275154004,0.1270235423332219,2300.0,3.0,0.6666666666666666,766.6666666666666,0.0,2,755.6666666666666,1717,1.0,107.0,712.0,0.1830827067669173,0.0,0.0,28315399.0,2.2479999999999998,16.808,57.45,55.31,7.576377762493104,-2.0140520994244753,0.0,57.45,33.96623376623376,0.0,0.0,29.291666666666668,90.5,0.06629834254143646,0.923469387755102,285.0,2.0,False,True,False,False,False,True,False,True,False,False,False,False,False,False,False,False,True,False,False,False,False,False,False,False,False,False,False,False,True,False,True,False
E00658,Y,27,775,0,25.1088295687885,0.0785864577787918,0.0,0.0,0.0,0.0,0.0,2,387.0,165,0.0,0.0,0.0,0.0,0.0,0.0,53557697.0,10.286666666666667,19.843333333333334,91.6,63.599999999999994,33.11039615186344,44.12277650704283,91.6,72.01666666666667,11.86472148541114,0.0,10.041420118343195,11.409470752089137,66.0,0.015151515151515152,1.0,0.0,0.0,True,False,False,False,False,True,False,False,False,False,True,False,False,False,False,False,True,False,False,True,False,False,False,False,False,False,False,False,True,False,False,True
E00659,Y,41,865,0,39.15400410677618,0.05776197392364067,0.0,0.0,0.0,0.0,0.0,2,287.6666666666667,256,0.0,0.0,0.0,0.0,0.0,0.0,61243913.0,8.399999999999999,19.463333333333335,68.91,63.67,7.649884530718967,8.501166439730774,68.91,67.27333333333333,6.847926267281106,0.0,6.624365482233503,7.008219178082192,47.5,0.010526315789473684,0.8636363636363636,0.0,0.0,False,False,False,True,False,False,False,False,False,False,False,False,False,True,False,False,False,True,False,True,False,False,False,False,False,False,False,False,True,False,True,False
E00660,Y,26,2547,0,19.54551676933607,0.2682040751855947,0.0,0.0,0.0,0.0,0.0,1,2547.0,2547,1.0,712.0,712.0,0.1434040047114252,0.0,0.0,72863383.0,8.950000000000001,25.930000000000003,66.45,77.25777777777779,14.956753305595582,-2.096060562998545,66.45,66.29666666666667,8.418943533697632,0.0,8.508474576271187,8.678474114441418,107.5,0.046511627906976744,0.8884297520661157,0.0,0.0,True,False,False,False,False,False,True,False,False,False,False,False,False,False,False,False,False,False,False,True,False,True,False,False,False,False,False,False,False,False,False,True
E00661,N,43,1925,1,33.503080082135526,0.122566575935565,2278.0,1.0,0.0,2278.0,0.0,2,715.75,2813,0.0,0.0,0.0,0.0,0.0,0.0,1035780.0,0.0,0.0,0.0,0.0,0.0,0.0,0.0,0.0,90.37086092715232,1.8741721854304636,0.0,0.0,19.0,0.0,0.7916666666666666,338.0,2.0,True,False,False,False,False,True,False,False,False,False,False,True,False,False,False,True,False,False,False,False,False,False,False,False,False,False,False,False,True,False,True,False
E00662,Y,40,3452,0,31.367556468172484,0.23627652292950035,0.0,0.0,0.0,0.0,0.0,1,2644.5,2903,2.0,1178.0,165.0,0.2116164542294322,0.0,0.0,114713092.0,10.743333333333334,21.87,95.44,57.337777777777774,22.554189066433853,0.28284635103177946,95.44,61.973333333333336,10.786238532110092,0.0,14.55232558139535,11.162087912087912,103.0,0.014563106796116505,0.9035087719298246,0.0,0.0,False,False,False,False,False,True,False,True,False,False,False,False,False,False,False,False,True,False,False,False,False,False,False,False,False,False,False,False,True,False,True,False
E00663,Y,38,2583,0,31.408624229979466,0.18610180482005836,437.0,2.0,0.5,218.5,0.0,3,860.3333333333334,1534,1.0,896.0,896.0,0.14140534262485482,1.0,499.5,83972746.0,9.091666666666667,24.541666666666668,33.3,67.15444444444444,24.192840423930747,-14.829105021603008,33.3,38.73333333333333,-43.29990884229717,0.0,10.311827956989248,10.203856749311294,116.0,0.008620689655172414,1.0,270.0,2.0,False,True,False,False,False,True,False,False,True,False,False,False,False,False,False,False,True,False,False,True,False,False,False,False,True,False,False,False,False,False,False,True
E00664,Y,28,133,0,27.857631759069132,0.013004791238877482,0.0,0.0,0.0,0.0,0.0,1,133.0,133,0.0,0.0,0.0,0.0,0.0,0.0,16948313.0,0.0,20.61,0.0,0.0,0.0,0.0,0.0,0.0,5.173076923076923,0.0,5.173076923076923,5.173076923076923,19.0,0.0,0.8260869565217391,0.0,0.0,True,False,False,False,False,True,False,False,False,False,False,False,False,False,True,False,False,True,False,True,False,False,False,False,False,False,False,False,True,False,False,True
E00665,N,43,942,1,38.50513347022587,0.0599780335227544,3565.0,3.0,0.0,1188.3333333333333,1.0,2,313.0,1352,1.0,61.0,896.0,0.3877388535031847,0.0,0.0,49400000.0,-8.53,17.586666666666666,59.62,60.06333333333333,12.206368283263727,-5.89620464267791,0.0,0.0,-10.866952789699571,0.0,0.0,0.0,57.5,0.23478260869565218,0.8984375,0.0,0.0,False,False,False,False,False,True,False,False,False,False,False,False,False,False,False,False,False,True,False,True,False,False,False,True,False,False,False,False,False,False,True,False
E00666,N,33,1499,1,27.362080766598222,0.1243647978760915,460.0,2.0,0.5,230.0,0.0,4,373.75,896,0.0,0.0,0.0,0.0,0.0,0.0,55148947.0,3.66,17.53,55.6,57.370000000000005,3.102353944990806,-1.6497290071659898,0.0,0.0,27.778975741239893,2.129380053908356,0.0,0.0,61.0,0.00819672131147541,0.8714285714285714,0.0,0.0,False,False,False,False,False,True,False,True,False,False,False,False,False,False,False,False,False,True,False,True,False,False,False,False,False,False,False,False,True,False,False,True
E00667,N,44,2532,1,31.548254620123203,0.15755086802314727,0.0,0.0,0.0,0.0,0.0,2,843.0,2722,1.0,67.0,2357.0,0.14425355450236968,0.0,0.0,0.0,0.0,0.0,0.0,0.0,0.0,0.0,0.0,0.0,0.0,0.0,0.0,0.0,0.0,0.0,0.0,0.0,0.0,False,False,False,False,True,False,False,False,True,False,False,False,False,False,False,False,False,False,True,False,False,False,True,False,False,False,False,False,False,False,True,False
E00668,N,33,2024,1,22.732375085557837,0.1679215149441022,0.0,0.0,0.0,0.0,0.0,1,2024.0,4016,1.0,730.0,2722.0,0.1804594861660079,0.0,0.0,21820034.0,0.0,0.0,0.0,0.0,0.0,0.0,0.0,0.0,14.118421052631579,0.0,0.0,0.0,22.0,0.0,0.9166666666666666,0.0,0.0,False,False,False,False,False,False,True,False,False,False,False,False,False,False,False,False,False,False,False,True,False,False,False,False,False,False,False,False,True,False,True,False
E00669,N,26,594,1,24.10403832991102,0.06254936029063339,213.0,1.0,0.0,213.0,0.0,1,594.0,777,0.0,0.0,0.0,0.0,0.0,0.0,21767409.0,3.1966666666666677,12.683333333333332,50.7,49.93,1.555934874386885,-0.5860015248961158,50.7,49.70666666666667,29.776978417266186,0.0,28.91764705882353,29.984732824427482,47.5,0.021052631578947368,0.8796296296296297,0.0,0.0,False,False,False,False,False,False,True,False,False,False,False,False,False,False,False,False,False,False,False,True,False,False,False,False,False,False,False,False,True,False,False,True
E00670,N,33,475,1,23.515400410677618,0.03940845829962873,126.0,1.0,1.0,126.0,1.0,1,475.0,3583,0.0,0.0,0.0,0.0,0.0,0.0,0.0,0.0,0.0,0.0,0.0,0.0,0.0,0.0,0.0,0.0,0.0,0.0,0.0,0.0,0.0,0.0,0.0,0.0,True,False,False,False,True,False,False,False,False,False,False,False,False,False,False,False,False,False,True,True,False,False,False,False,False,False,False,False,True,False,False,True
E00671,N,32,1469,1,20.438056125941138,0.12568446269678302,792.0,2.0,0.0,396.0,0.0,3,488.6666666666667,3543,0.0,0.0,0.0,0.0,0.0,0.0,0.0,0.0,0.0,0.0,0.0,0.0,0.0,0.0,0.0,0.0,0.0,0.0,0.0,0.0,0.0,0.0,175.0,1.0,True,False,False,False,False,False,True,False,False,False,False,False,False,False,False,False,False,False,False,True,False,False,False,False,False,False,False,False,True,False,False,True
E00672,Y,40,3531,0,30.89390828199863,0.24168377823408624,0.0,0.0,0.0,0.0,0.0,1,3531.0,3531,1.0,1442.0,1442.0,0.10344095157179269,0.0,0.0,102702528.0,7.31,25.421666666666667,51.92,68.46111111111111,16.92847781435505,-10.6439789846872,51.92,50.723333333333336,9.106344950848973,0.0,4.39572192513369,7.690217391304348,110.0,0.00909090909090909,0.8943089430894309,0.0,0.0,False,False,False,False,False,True,False,False,False,False,False,False,True,False,False,False,False,True,False,True,False,False,True,False,False,False,False,False,False,False,True,False
E00673,N,34,701,1,21.207392197125255,0.056448041228811856,0.0,0.0,0.0,0.0,0.0,2,349.5,4183,0.0,0.0,0.0,0.0,0.0,0.0,0.0,0.0,0.0,0.0,0.0,0.0,0.0,0.0,0.0,0.0,0.0,0.0,0.0,0.0,0.0,0.0,0.0,0.0,True,False,False,False,False,False,True,False,False,False,False,False,False,False,False,False,False,False,False,True,False,False,False,False,False,False,False,False,True,False,False,True
E00674,N,33,1179,1,23.920602327173167,0.09781594175844689,953.0,1.0,0.0,953.0,0.0,3,392.0,2357,0.0,0.0,0.0,0.0,0.0,0.0,0.0,0.0,0.0,0.0,0.0,0.0,0.0,0.0,0.0,0.0,0.0,0.0,0.0,0.0,0.0,0.0,0.0,0.0,True,False,False,False,False,True,False,False,False,False,False,False,False,False,True,False,True,False,False,True,False,False,False,False,False,False,False,False,True,False,False,True
E00675,Y,43,1659,0,38.770704996577685,0.10563010362446874,0.0,0.0,0.0,0.0,0.0,2,829.0,896,1.0,346.0,346.0,0.2201627486437613,0.0,0.0,79859473.0,3.4559999999999995,24.84,85.55,69.15666666666667,14.738671921173902,8.358613380213068,85.55,81.11666666666666,32.68176400476758,0.0,29.381720430107528,32.51206434316354,97.0,0.08762886597938144,0.9150943396226415,0.0,0.0,True,False,False,False,False,True,False,False,False,False,False,False,False,False,True,True,False,False,False,True,False,False,False,False,False,False,False,False,True,False,True,False
E00676,Y,30,4058,0,19.77549623545517,0.3703399498060689,0.0,0.0,0.0,0.0,0.0,2,2028.5,3360,2.0,1086.0,530.0,0.18001478560867423,0.0,0.0,102237453.0,9.288333333333332,25.40833333333333,62.65,77.72,11.820112097607193,0.6227491262823298,62.65,74.89,27.638086642599276,0.6263537906137184,22.91304347826087,27.520833333333332,101.0,0.0297029702970297,0.9099099099099099,0.0,0.0,False,False,False,False,False,False,True,False,False,False,False,False,False,False,False,False,False,False,False,True,False,False,False,False,False,False,False,False,True,False,True,False
E00677,N,39,603,1,33.44284736481862,0.04233138524719634,0.0,0.0,0.0,0.0,0.0,1,602.0,2267,0.0,0.0,0.0,0.0,0.0,0.0,14136561.0,-10.5,9.215,41.2,41.2,0.0,0.0,0.0,0.0,-175.70229007633588,0.0,0.0,0.0,34.0,0.0,1.0,0.0,0.0,False,False,False,False,True,False,False,True,False,False,False,False,False,False,False,False,False,False,True,True,False,False,False,False,True,False,False,False,False,False,False,True
E00678,N,31,3680,1,20.862422997946613,0.3250093837627785,983.0,3.0,0.0,327.6666666666667,0.0,2,1839.5,3268,2.0,1292.0,712.0,0.1985054347826087,0.0,0.0,41436548.0,2.28,20.97,60.38,63.443333333333335,13.090915743369521,-1.508918212974379,60.38,52.51,-59.37202380952381,0.0,10.834782608695653,11.124567474048442,133.0,0.007518796992481203,1.0,689.0,2.0,False,False,False,False,False,False,True,False,False,False,False,False,False,False,False,False,False,False,False,True,False,False,False,False,False,False,False,False,True,False,True,False
E00679,Y,27,455,0,26.21492128678987,0.04613785585722615,290.0,2.0,0.0,145.0,0.0,1,455.0,455,0.0,0.0,0.0,0.0,1.0,411.0,49095838.0,10.455,16.33,39.02,40.09,1.5132085117392096,-4.291758241757092,39.02,40.09,7.085714285714285,0.0,6.715976331360947,7.085714285714285,36.5,0.0,0.9125,0.0,0.0,True,True,False,False,False,True,False,False,False,False,True,False,False,False,False,False,False,True,False,True,False,False,False,False,False,False,False,False,True,False,False,True
E00680,Y,27,5072,0,13.385352498288844,0.5143103404568155,888.0,2.0,0.0,444.0,0.0,5,844.5,2448,2.0,1633.5,896.0,0.14402602523659308,2.0,280.5,135513266.0,8.081666666666665,23.926666666666666,41.75,67.69666666666666,15.996080769988628,-0.10081559437206333,41.75,61.73666666666667,-53.044843049327355,0.0,8.566666666666666,9.086720867208673,124.0,0.024193548387096774,1.0,409.0,2.0,True,False,False,False,False,False,True,False,False,False,False,False,False,False,False,False,False,False,False,True,False,False,False,False,False,False,False,False,True,False,True,False
E00681,Y,36,4290,0,24.566735112936346,0.32626055213324207,0.0,0.0,0.0,0.0,0.0,2,2784.5,3818,2.0,1360.5,1261.0,0.17027972027972027,0.0,0.0,132450860.0,10.075000000000001,25.116666666666664,75.5,75.64555555555555,16.89693101654196,3.257839603862794,75.5,70.51333333333334,9.867223769730733,0.0,8.346368715083798,8.837465564738292,119.0,0.029411764705882353,0.8947368421052632,0.0,0.0,False,False,False,False,False,True,False,False,True,False,False,False,False,False,False,False,True,False,False,True,False,False,False,False,False,False,False,False,True,False,True,False
E00682,N,31,4442,1,18.702258726899384,0.39230752246583206,0.0,0.0,0.0,0.0,0.0,4,1109.5,2630,2.0,1054.0,896.0,0.1644529491220171,0.0,0.0,86247050.0,6.728333333333334,19.62333333333333,62.4,57.21111111111111,16.887326938006236,0.7431582640198846,62.4,53.63333333333333,-1.8305243445692885,0.0,-47.08441558441559,-21.417867435158502,102.0,0.16176470588235295,0.8947368421052632,0.0,0.0,False,False,False,False,False,False,True,False,False,False,False,False,False,False,False,False,False,False,False,True,False,False,False,False,False,False,False,False,True,False,True,False
E00683,N,32,1639,1,19.145790554414784,0.14022929500342232,1292.0,1.0,0.0,1292.0,0.0,3,408.75,3909,1.0,582.0,3999.0,0.22284929835265405,0.0,0.0,0.0,0.0,0.0,0.0,0.0,0.0,0.0,0.0,0.0,0.0,0.0,0.0,0.0,0.0,0.0,0.0,0.0,0.0,False,True,False,False,False,False,True,False,False,False,False,False,False,False,False,False,False,False,False,True,False,False,False,False,False,False,False,False,True,False,True,False
E00684,Y,42,2069,0,36.70636550308008,0.13487174472800756,0.0,0.0,0.0,0.0,0.0,3,449.6,256,2.0,630.0,165.0,0.3530691155147414,0.0,0.0,66405292.0,10.34,26.71166666666667,95.81,79.01555555555555,15.377495009844024,8.098736855369232,95.81,87.94333333333334,24.160117878192533,0.656188605108055,34.94219653179191,33.146408839779006,102.5,0.05853658536585366,0.8913043478260869,0.0,0.0,True,False,False,False,False,True,False,False,False,True,False,False,False,False,False,False,False,True,False,False,False,False,False,False,False,False,False,False,True,True,False,False
E00685,Y,44,2525,0,37.1170431211499,0.15711530085246717,0.0,0.0,0.0,0.0,0.0,3,659.6666666666666,598,1.0,1261.0,1261.0,0.14465346534653464,0.0,0.0,72070558.0,8.008333333333333,25.266666666666666,46.15,69.5988888888889,18.179317537000973,-11.229574412043437,46.15,56.839999999999996,10.787906137184116,0.0,8.38341968911917,10.477922077922077,98.5,0.01015228426395939,0.9120370370370371,0.0,0.0,False,False,False,False,False,True,False,False,False,True,False,False,False,False,False,True,False,False,False,True,False,False,True,False,False,False,False,False,False,False,True,False
E00686,N,31,1108,1,22.532511978097194,0.09785608619814092,0.0,0.0,0.0,0.0,0.0,3,368.6666666666667,2357,0.0,0.0,0.0,0.0,0.0,0.0,5195021.0,0.0,0.0,0.0,0.0,0.0,0.0,0.0,0.0,-42.46153846153846,0.0,0.0,0.0,18.5,0.10810810810810811,0.9736842105263158,0.0,0.0,True,False,False,False,False,True,False,False,False,False,True,False,False,False,False,False,False,True,False,True,False,False,False,False,False,False,False,False,True,False,False,True
E00687,Y,42,1954,0,36.80766598220397,0.12737524852514587,0.0,0.0,0.0,0.0,0.0,2,976.5,1352,2.0,538.0,165.0,0.3738485158648925,0.0,0.0,64444729.0,12.355000000000002,25.99166666666667,94.66,71.37444444444445,19.141989911651756,-5.1387437884958524,94.66,59.553333333333335,23.89311408016444,0.0,30.62295081967213,29.879781420765028,101.5,0.0,0.9227272727272727,0.0,0.0,False,False,False,False,False,True,False,False,False,False,False,False,True,False,False,False,False,True,False,True,False,False,False,False,False,False,False,False,True,True,False,False
E00688,N,39,186,1,35.63586584531143,0.013057442215553099,1536.0,1.0,0.0,1536.0,1.0,1,185.0,1311,0.0,0.0,0.0,0.0,1.0,168.0,25835838.0,0.0,0.0,40.0,48.620000000000005,12.190520907656083,-34.38579234974032,0.0,0.0,88.5909090909091,0.8181818181818182,0.0,0.0,15.5,0.0,0.9117647058823529,0.0,0.0,True,False,False,False,False,True,False,False,False,False,False,False,False,False,False,False,True,False,False,True,False,True,False,False,False,False,False,False,False,False,True,False
E00689,Y,33,1270,0,30.316221765913756,0.10536577271690208,0.0,0.0,0.0,0.0,0.0,2,634.5,804,1.0,165.0,165.0,0.28759842519685036,0.0,0.0,73002177.0,9.21,24.21,99.24,66.25,22.823698940647926,16.08470057010189,99.24,81.1,10.848,0.0,9.804469273743017,10.918478260869565,80.5,0.006211180124223602,0.9044943820224719,0.0,0.0,False,False,False,False,True,False,False,False,True,False,False,False,False,False,False,False,False,False,True,True,False,False,False,False,False,False,False,False,False,False,False,True
E00690,N,44,3009,1,35.879534565366185,0.1872316595109203,2248.0,2.0,0.5,1124.0,0.0,3,1002.0,1717,1.0,1971.0,1991.0,0.12138584247258226,0.0,0.0,103310739.0,6.173333333333333,21.086666666666666,52.35,63.30444444444444,8.157033944871003,-3.831808696771516,52.35,53.41,28.556473829201103,0.26905417814508725,83.06395348837209,48.27298050139276,103.0,0.009708737864077669,0.9279279279279279,292.0,1.0,True,False,False,False,False,True,False,False,False,False,False,False,True,False,False,False,False,True,False,True,False,False,False,False,False,False,False,False,True,False,True,False
E00691,N,31,338,1,21.560574948665298,0.02985140535647259,0.0,0.0,0.0,0.0,0.0,1,337.0,3606,0.0,0.0,0.0,0.0,0.0,0.0,0.0,0.0,0.0,0.0,0.0,0.0,0.0,0.0,0.0,0.0,0.0,0.0,0.0,0.0,0.0,0.0,0.0,0.0,True,False,False,False,False,False,True,False,False,False,False,False,False,False,False,False,False,False,False,True,False,False,False,False,False,False,True,False,False,False,False,True
E00692,N,36,182,1,24.098562628336754,0.013841356757167845,0.0,0.0,0.0,0.0,0.0,1,182.0,4577,0.0,0.0,0.0,0.0,0.0,0.0,0.0,0.0,0.0,0.0,0.0,0.0,0.0,0.0,0.0,0.0,0.0,0.0,0.0,0.0,0.0,0.0,0.0,0.0,False,False,False,False,False,True,False,False,False,False,False,False,True,False,False,False,False,True,False,True,False,False,False,False,False,False,False,False,True,False,False,True
E00693,Y,37,2074,0,32.24093086926762,0.15346763601383726,375.0,1.0,0.0,375.0,0.0,2,1036.5,1352,0.0,0.0,0.0,0.0,1.0,361.0,67325296.0,9.701666666666666,22.863333333333333,54.98,65.05333333333334,7.150468516118365,-1.1051896312838179,54.98,65.38,-34.61318051575931,0.0,27.122994652406415,28.497282608695652,120.0,0.058333333333333334,0.9375,242.0,2.0,False,True,False,False,False,True,False,False,False,False,False,False,False,True,False,False,False,True,False,True,False,False,False,False,False,False,False,False,True,False,False,True
E00694,Y,30,364,0,29.5523613963039,0.03321925621720283,0.0,0.0,0.0,0.0,0.0,1,364.0,364,0.0,0.0,0.0,0.0,0.0,0.0,57604171.0,0.0,19.11,81.62,77.1,6.3922453019263985,18.129670329665583,81.62,77.1,7.428571428571429,0.0,7.428571428571429,7.428571428571429,28.0,0.03571428571428571,0.9032258064516129,0.0,0.0,True,False,False,False,False,True,False,False,False,False,False,True,False,False,False,False,True,False,False,True,False,False,False,False,False,False,False,False,False,False,False,True
E00695,N,30,1068,1,26.406570841889117,0.0974674880219028,1395.0,2.0,0.5,697.5,0.0,3,355.3333333333333,346,0.0,0.0,0.0,0.0,0.0,0.0,7205690.0,0.41000000000000014,17.9025,46.22,52.604285714285716,9.636254211990012,-4.654963139775094,46.22,45.699999999999996,17.585412667946258,0.2821497120921305,53.90909090909091,28.197916666666668,75.0,0.013333333333333334,0.9259259259259259,0.0,0.0,True,False,False,False,False,True,False,False,False,True,False,False,False,False,False,False,False,True,False,True,False,False,False,False,False,False,False,False,True,False,False,True
E00696,N,25,2617,1,16.386036960985628,0.28659822039698835,2269.0,3.0,0.3333333333333333,756.3333333333334,0.0,3,871.3333333333334,2173,1.0,246.0,1077.0,0.1395682078716087,0.0,0.0,68875285.0,4.532500000000001,16.0175,49.4,52.02,7.485089177825471,-6.174849326956577,0.0,0.0,31.17910447761194,0.3194029850746269,0.0,0.0,71.0,0.028169014084507043,0.8658536585365854,0.0,0.0,True,False,False,False,False,False,True,False,False,False,False,False,False,False,False,False,False,False,False,True,False,False,False,False,False,False,False,False,True,False,True,False
E00697,N,27,93,1,23.46611909650924,0.009430374933455016,593.0,3.0,0.3333333333333333,197.66666666666666,0.0,1,92.0,1385,0.0,0.0,0.0,0.0,0.0,0.0,10820212.0,0.0,0.0,41.05,41.05,0.0,0.0,0.0,0.0,11.4375,0.0,0.0,0.0,22.0,0.0,0.88,0.0,0.0,True,False,False,False,True,False,False,True,False,False,False,False,False,False,False,False,False,False,True,True,False,False,False,False,False,False,False,False,True,False,False,True
E00698,Y,30,902,0,27.865845311430526,0.08231804699977184,806.0,2.0,0.0,403.0,0.0,2,450.5,165,0.0,0.0,0.0,0.0,0.0,0.0,58121285.0,2.3633333333333333,23.55,58.06,62.331999999999994,8.551498114365694,-9.466121556577102,58.06,56.78666666666667,13.44343891402715,0.004524886877828055,18.176136363636363,15.233333333333333,51.5,0.019417475728155338,0.9363636363636364,0.0,0.0,True,False,False,False,False,True,False,False,False,True,False,False,False,False,False,True,False,False,False,True,False,False,False,False,False,False,False,False,True,False,False,True
E00699,N,36,1689,1,30.39561943874059,0.12845083276294775,0.0,0.0,0.0,0.0,0.0,1,1688.0,2095,0.0,0.0,0.0,0.0,0.0,0.0,38154340.0,4.771999999999999,18.476,63.24,64.8975,11.08985862334206,-6.775579599827583,0.0,60.09,-39.4448275862069,0.39195402298850573,0.0,91.47398843930635,96.0,0.020833333333333332,1.0,0.0,0.0,False,True,False,False,False,True,False,False,False,False,False,True,False,False,False,False,True,False,False,True,False,False,False,False,False,False,False,False,True,False,False,True
E00700,Y,43,2125,0,37.55783709787816,0.13530076564315616,0.0,0.0,0.0,0.0,1.0,2,1062.0,1717,0.0,0.0,0.0,0.0,0.0,0.0,76437027.0,8.19,20.503333333333334,67.68,48.56555555555556,14.45875436466703,7.974229334952044,67.68,61.22666666666667,27.84319248826291,0.723943661971831,31.900523560209425,28.405333333333335,101.0,0.0891089108910891,0.8938053097345132,0.0,0.0,True,False,False,True,False,False,False,False,False,False,False,False,False,False,False,False,True,False,False,True,False,False,False,False,False,False,False,False,True,False,True,False
E00701,Y,35,1692,0,31.07460643394935,0.13235552948078616,0.0,0.0,0.0,0.0,0.0,3,563.3333333333334,530,1.0,165.0,165.0,0.21586879432624112,0.0,0.0,67743183.0,5.5040000000000004,23.088,94.94,54.72222222222222,17.358622337168477,5.797591829234492,94.94,63.51,13.724256292906178,0.11441647597254005,11.312820512820513,14.396325459317586,86.0,0.029069767441860465,0.9052631578947369,0.0,0.0,False,False,False,False,False,True,False,False,False,False,False,False,True,False,False,False,False,True,False,True,False,False,False,False,False,False,False,False,True,False,True,False
E00702,N,40,3180,1,30.105407255304584,0.21765913757700206,0.0,0.0,0.0,0.0,1.0,3,1059.3333333333333,2722,1.0,894.0,1442.0,0.11485849056603774,0.0,0.0,21997539.0,0.30600000000000094,18.804,49.74,59.61142857142857,15.179722690233213,-9.551636489823034,0.0,49.74,-70.48974668275031,0.0,0.0,14.75,113.0,0.017699115044247787,1.0,0.0,0.0,True,False,False,False,False,True,False,False,False,False,False,False,False,False,False,True,False,False,False,True,False,False,False,False,False,False,False,False,True,False,True,False
E00703,N,40,2446,1,29.675564681724847,0.16741957563312798,0.0,0.0,0.0,0.0,0.0,2,1222.0,3543,1.0,802.0,2357.0,0.1493254292722813,0.0,0.0,32387048.0,-7.825,7.79,59.75,56.975,3.924442635585337,11.06967213114984,0.0,0.0,-22.692063492063493,0.0,0.0,0.0,33.5,0.1791044776119403,0.881578947368421,0.0,0.0,False,False,False,False,False,True,False,False,False,False,True,False,False,False,False,False,True,False,False,True,False,False,False,False,False,False,False,False,True,False,True,False
E00704,N,26,901,1,19.277207392197127,0.09487705996946243,546.0,1.0,0.0,546.0,0.0,2,449.5,2082,0.0,0.0,0.0,0.0,0.0,0.0,2898195.0,-23.635,7.935,42.28,42.28,0.0,0.0,0.0,0.0,78.2303664921466,7.319371727748691,0.0,0.0,33.5,0.0,0.9305555555555556,0.0,0.0,True,False,False,False,False,False,True,False,False,False,False,False,False,False,False,False,False,False,False,True,False,False,False,False,False,False,False,False,True,False,False,True
E00705,N,38,105,1,35.175906913073234,0.007565114017075543,0.0,0.0,0.0,0.0,0.0,1,104.0,1327,0.0,0.0,0.0,0.0,0.0,0.0,11431119.0,0.0,0.0,49.0,56.05,9.970205614730318,-28.122950819683204,0.0,0.0,14.08695652173913,0.0,0.0,0.0,15.0,0.0,1.0,0.0,0.0,False,False,False,True,False,False,False,False,False,True,False,False,False,False,False,False,False,True,False,True,False,False,False,False,False,False,False,False,True,False,True,False
E00706,Y,29,3771,0,18.869267624914443,0.3560150109750053,1.0,1.0,0.0,1.0,0.0,4,942.0,2265,2.0,1178.0,530.0,0.19371519490851236,0.0,0.0,80916606.0,7.933333333333333,22.173333333333332,75.22,61.016666666666666,21.77486165283261,11.23144571234139,75.22,86.67,9.296532846715328,0.0,8.748538011695906,10.373961218836564,119.5,0.02510460251046025,0.93359375,0.0,0.0,True,True,False,False,False,False,True,False,False,False,False,False,False,False,False,False,False,False,False,True,False,False,False,False,False,False,False,False,True,False,True,False
E00707,N,40,2164,1,28.744695414099933,0.14811772758384667,1888.0,2.0,0.0,944.0,0.0,1,1979.5,3969,0.0,0.0,0.0,0.0,0.0,0.0,23175630.0,0.0,0.0,0.0,0.0,0.0,0.0,0.0,0.0,-44.19298245614035,0.0,0.0,0.0,17.5,0.14285714285714285,0.875,0.0,0.0,True,True,False,False,False,True,False,False,False,True,False,False,False,False,False,False,False,True,False,True,False,False,False,False,False,False,False,False,True,False,False,True
E00708,Y,41,2080,0,35.34017796030116,0.13889584481060416,2453.0,1.0,0.0,2453.0,0.0,3,443.6,712,1.0,530.0,530.0,0.17560096153846155,0.0,0.0,85360638.0,7.801666666666667,26.32166666666667,65.36,73.99666666666667,19.04863118441848,4.2256183333184785,65.36,73.17333333333333,8.194174757281553,0.0,9.91304347826087,8.225895316804408,111.0,0.018018018018018018,0.8809523809523809,0.0,0.0,False,True,False,False,False,True,False,False,True,False,False,False,False,False,False,False,False,True,False,True,False,False,False,False,False,False,False,False,True,False,True,False
E00709,N,41,4482,1,27.422313483915126,0.2992938348274653,3983.0,3.0,0.0,1327.6666666666667,0.0,1,2415.0,4913,2.0,1158.0,1077.0,0.16298527443105756,0.0,0.0,126893334.0,0.02999999999999936,18.62,54.05,61.098333333333336,19.604408092739416,0.278610258198172,0.0,0.0,9.281073446327683,0.5734463276836158,0.0,0.0,74.5,0.21476510067114093,0.8869047619047619,0.0,0.0,False,True,False,False,True,False,False,False,False,False,False,False,True,False,False,False,False,False,True,False,False,False,False,False,False,False,False,False,True,True,False,False
E00710,Y,30,2226,0,24.82135523613963,0.20314852840520192,0.0,0.0,0.0,0.0,0.0,3,1197.6666666666667,712,1.0,1261.0,1261.0,0.16408355795148247,0.0,0.0,81790171.0,8.013333333333334,25.006666666666664,70.04,70.52555555555556,13.708531204245691,4.825640562066828,70.04,78.51,-53.590493601462526,0.0,9.0625,8.793871866295264,124.0,0.016129032258064516,1.0,0.0,0.0,True,True,False,False,False,True,False,False,False,True,False,False,False,False,False,False,False,True,False,True,False,False,False,False,False,False,False,False,True,False,False,True
E00711,N,45,4451,1,31.67419575633128,0.2708038634116663,760.0,1.0,0.0,760.0,0.0,2,1248.0,2079,2.0,1669.5,2903.0,0.16412042237699395,0.0,0.0,15770117.0,0.2700000000000003,17.27,56.33,51.91571428571428,3.81180996878061,0.562648316261892,0.0,56.33,-90.5425667090216,0.0,0.0,-46.5,102.0,0.24509803921568626,1.0,0.0,0.0,False,True,False,False,False,True,False,False,False,False,False,False,False,True,False,True,False,False,False,True,False,False,False,False,False,False,False,False,True,False,True,False
E00712,Y,44,1542,0,40.591375770020534,0.09594922531267501,2172.0,3.0,0.3333333333333333,724.0,0.0,3,513.3333333333334,256,0.0,0.0,0.0,0.0,0.0,0.0,102279539.0,6.717999999999999,17.54,34.25,38.4525,12.871670720728416,-2.711050683348393,34.25,34.73333333333333,27.419098143236074,0.4960212201591512,9.668639053254438,18.46,90.0,0.022222222222222223,0.9090909090909091,0.0,0.0,True,False,False,False,False,True,False,False,False,False,True,False,False,False,False,True,False,False,False,True,False,False,False,False,False,False,False,False,True,False,True,False
E00713,Y,36,1089,0,33.360711841204655,0.08281998631074607,0.0,0.0,0.0,0.0,1.0,2,544.0,165,0.0,0.0,0.0,0.0,0.0,0.0,49321083.0,3.1366666666666667,19.7,17.84,43.27333333333333,19.62591314223791,-15.8457042138315,17.84,27.88,9.966480446927374,0.0,8.742690058479532,9.625352112676056,77.0,0.0,1.0,0.0,0.0,True,False,False,False,False,True,False,False,False,False,False,False,False,False,False,False,False,True,False,True,False,False,False,False,False,False,False,False,True,False,True,False
E00714,Y,41,796,0,39.40588637919233,0.05315437137944275,2301.0,3.0,0.0,767.0,0.0,2,397.5,256,0.0,0.0,0.0,0.0,0.0,0.0,66633336.0,20.560000000000002,22.953333333333333,68.35,76.6475,7.049479295191476,-2.3491400371730338,68.35,77.43666666666667,9.101694915254237,0.0,9.104712041884817,9.537467700258398,60.0,0.0,1.0,41.0,1.0,True,True,False,False,False,True,False,True,False,False,False,False,False,False,False,False,False,True,False,True,False,False,False,False,False,False,False,False,True,False,True,False
E00715,N,45,996,1,40.84052019164955,0.06059776408852384,1547.0,2.0,0.0,773.5,0.0,2,497.0,1442,0.0,0.0,0.0,0.0,2.0,205.5,29506452.0,4.1049999999999995,17.6025,50.82,52.025,3.4003043981384944,-0.8784752976803969,0.0,0.0,-1.4514767932489452,0.4008438818565401,0.0,0.0,65.0,0.16153846153846155,0.8666666666666667,330.0,1.0,True,False,False,False,True,False,False,False,False,False,False,False,True,False,False,False,False,True,False,False,False,False,False,False,False,True,False,False,False,False,True,False
E00716,Y,25,2794,0,18.203969883641342,0.3059822039698836,263.0,1.0,0.0,263.0,0.0,1,2794.0,2794,1.0,1442.0,1442.0,0.13072655690765927,0.0,0.0,95968799.0,11.276666666666666,23.94,55.6,70.02444444444444,15.629727373750885,-8.504141219297207,55.6,52.44,30.21488372093023,1.0195348837209302,35.70053475935829,34.050666666666665,117.0,0.05555555555555555,0.9069767441860465,0.0,0.0,True,False,False,False,False,False,True,False,False,False,False,False,False,False,False,False,False,False,False,True,False,False,False,False,False,False,True,False,False,False,False,True
E00717,Y,35,1799,0,30.50513347022587,0.14072553045859001,336.0,1.0,0.0,336.0,0.0,3,599.0,621,0.0,0.0,0.0,0.0,0.0,0.0,63263890.0,4.2139999999999995,26.863999999999997,73.35,71.99333333333334,19.718422857825118,7.253982343007433,73.35,76.83333333333333,-27.920515574650913,0.0,12.911602209944752,9.611260053619302,96.0,0.020833333333333332,0.96,241.0,1.0,False,True,False,False,True,False,False,False,False,False,True,False,False,False,False,False,False,False,True,True,False,False,False,True,False,False,False,False,False,False,False,True
E00718,Y,29,2833,0,21.574264202600958,0.26745969930845664,1188.0,2.0,0.5,594.0,0.0,4,707.5,1169,1.0,1077.0,1077.0,0.12892693258030355,0.0,0.0,81314716.0,6.101666666666667,22.77333333333333,41.56,54.36333333333333,19.812954095742512,-3.9019899544593613,41.56,38.086666666666666,-52.88621646623497,0.0,6.214659685863874,7.981333333333334,129.0,0.015503875968992248,1.0,0.0,0.0,True,False,False,True,False,False,False,False,False,True,False,False,False,False,False,False,False,True,False,True,True,False,False,False,False,False,False,False,False,False,True,False
E00719,N,32,1247,1,19.942505133470227,0.10669062286105407,0.0,0.0,0.0,0.0,0.0,3,414.6666666666667,3543,0.0,0.0,0.0,0.0,0.0,0.0,0.0,0.0,0.0,0.0,0.0,0.0,0.0,0.0,0.0,0.0,0.0,0.0,0.0,0.0,0.0,0.0,0.0,0.0,True,True,False,False,False,False,True,False,False,False,False,False,False,False,False,False,False,False,False,True,False,False,False,False,False,False,False,False,True,False,False,True
E00720,Y,34,182,0,33.69199178644764,0.014655554213471837,0.0,0.0,0.0,0.0,0.0,1,182.0,182,0.0,0.0,0.0,0.0,0.0,0.0,23070490.0,0.0,13.8,19.9,19.9,0.0,0.0,19.9,19.9,24.941176470588236,0.0,24.941176470588236,24.941176470588236,20.0,0.1,0.9523809523809523,0.0,0.0,True,True,False,False,False,True,False,True,False,False,False,False,False,False,False,False,False,True,False,True,False,False,False,False,False,False,False,False,True,False,False,True
E00721,Y,44,2932,0,36.761122518822724,0.18244042063343913,0.0,0.0,0.0,0.0,0.0,3,732.25,621,1.0,1442.0,1442.0,0.12457366984993179,0.0,0.0,84073261.0,9.745,26.84,62.14,80.86555555555555,21.062483893828325,-0.5948421145511312,62.14,73.79666666666667,-49.60365296803653,0.0,8.696808510638299,7.940217391304348,125.0,0.024,1.0,0.0,0.0,True,False,False,False,False,True,False,False,False,True,False,False,False,False,False,True,False,False,False,False,True,False,False,False,False,False,False,False,False,False,True,False
E00722,Y,37,319,0,37.059548254620125,0.023604713543111902,2441.0,3.0,0.3333333333333333,813.6666666666666,0.0,1,319.0,319,0.0,0.0,0.0,0.0,0.0,0.0,64201878.0,0.0,16.37,59.35,59.35,0.0,0.0,59.35,59.35,8.324503311258278,0.0,8.324503311258278,8.324503311258278,23.0,0.08695652173913043,1.0,0.0,0.0,True,False,False,False,False,True,False,True,False,False,False,False,False,False,False,False,False,True,False,True,False,False,False,False,False,False,False,False,True,False,True,False
E00723,N,37,3026,1,23.0362765229295,0.22391179680707402,1780.0,3.0,0.3333333333333333,593.3333333333334,0.0,3,989.5,3452,1.0,476.0,2903.0,0.12070389953734302,0.0,0.0,0.0,0.0,0.0,0.0,0.0,0.0,0.0,0.0,0.0,0.0,0.0,0.0,0.0,0.0,0.0,0.0,0.0,0.0,True,True,False,False,False,True,False,False,False,True,False,False,False,False,False,False,False,True,False,True,False,False,False,False,False,False,False,False,True,False,True,False
E00724,N,26,3245,1,14.661190965092402,0.3417048386247565,0.0,0.0,0.0,0.0,0.0,5,648.0,2173,2.0,1034.0,1261.0,0.22511556240369798,0.0,0.0,12526613.0,0.06500000000000039,20.28,78.68,63.41600000000001,19.522564636850355,15.171585238576997,0.0,0.0,-7.336267605633803,0.0,0.0,0.0,69.5,0.18705035971223022,0.8580246913580247,0.0,0.0,False,True,False,False,False,False,True,False,False,False,False,False,False,False,False,False,False,False,False,True,False,False,False,False,False,False,False,False,True,False,True,False
E00725,Y,34,2764,0,27.37577002053388,0.22257116398920965,0.0,0.0,0.0,0.0,0.0,4,690.25,530,2.0,995.0,530.0,0.26429088277858176,0.0,0.0,87137449.0,8.68,23.22666666666667,38.3,64.44666666666666,13.641554163657453,-2.904554276000746,38.3,65.2,30.478220574606116,0.0,34.30601092896175,34.40331491712707,113.0,0.09734513274336283,0.8692307692307693,0.0,0.0,True,True,False,False,False,True,False,False,False,True,False,False,False,False,False,False,False,True,False,True,False,False,False,False,False,False,False,True,False,False,True,False
E00726,Y,44,1425,0,40.21081451060917,0.08866903117416465,0.0,0.0,0.0,0.0,0.0,1,712.0,1077,0.0,0.0,0.0,0.0,0.0,0.0,55786757.0,4.385,23.6,92.33,67.05571428571429,18.76138486105868,13.374770103099229,92.33,84.10000000000001,27.880112834978842,0.0,28.55056179775281,27.64364640883978,74.5,0.06711409395973154,0.8465909090909091,0.0,0.0,False,False,False,False,False,True,False,False,False,False,False,True,False,False,False,False,True,False,False,False,False,False,False,False,False,False,False,False,True,False,True,False
E00727,N,37,487,1,33.360711841204655,0.036036036036036036,0.0,0.0,0.0,0.0,0.0,1,486.0,1576,0.0,0.0,0.0,0.0,0.0,0.0,39237904.0,-3.64,8.49,40.0,46.21,5.502753856025181,-10.48528883396685,0.0,0.0,-75.81447963800905,0.0,0.0,0.0,50.0,0.24,1.0,0.0,0.0,False,False,False,False,True,False,False,False,False,False,False,False,False,False,True,False,False,False,True,True,True,False,False,False,False,False,False,False,False,False,False,True
E00728,Y,39,424,0,38.64750171115674,0.02976535214728233,0.0,0.0,0.0,0.0,0.0,1,424.0,424,0.0,0.0,0.0,0.0,0.0,0.0,50439380.0,15.55,16.335,36.35,38.075,2.4395183950935886,-6.918956043954236,36.35,38.075,33.68062827225131,1.2356020942408377,33.25730994152047,33.68062827225131,37.5,0.02666666666666667,0.9146341463414634,0.0,0.0,False,True,False,False,False,True,False,False,False,False,False,False,True,False,False,False,True,False,False,True,False,False,False,False,False,False,False,False,True,False,False,True
E00729,N,45,1611,1,40.73921971252567,0.09801505817932922,2112.0,2.0,0.0,1056.0,1.0,2,561.75,346,1.0,494.0,530.0,0.22672253258845437,0.0,0.0,58624452.0,-1.6460000000000001,19.218,54.64,51.38111111111111,6.301357878355356,1.254341139253025,54.64,53.04666666666666,14.507334963325183,0.0,-44.482142857142854,-7.68169014084507,80.5,0.10559006211180125,0.9252873563218391,0.0,0.0,False,False,False,False,False,True,False,False,False,False,False,False,False,False,False,False,False,True,False,True,False,False,False,False,False,False,False,False,True,False,True,False
E00730,N,33,2445,1,24.479123887748116,0.2028498537738784,0.0,0.0,0.0,0.0,0.0,4,610.5,1534,2.0,415.0,896.0,0.2987730061349693,0.0,0.0,42110219.0,0.03000000000000025,19.087500000000002,70.5,69.65333333333334,23.162914036594504,-1.7997203041875462,0.0,0.0,1.393632416787265,0.0,0.0,0.0,76.0,0.19078947368421054,0.8735632183908046,0.0,0.0,False,True,False,False,False,True,False,False,False,False,True,False,False,False,False,False,True,False,False,True,False,False,False,False,False,False,False,False,True,False,True,False
E00731,N,34,2413,1,19.613963039014372,0.19430688086322825,0.0,0.0,0.0,0.0,0.0,4,481.6,3818,1.0,1520.0,4548.0,0.1513675922088686,0.0,0.0,0.0,0.0,0.0,0.0,0.0,0.0,0.0,0.0,0.0,0.0,0.0,0.0,0.0,0.0,0.0,0.0,0.0,0.0,True,False,False,False,False,False,True,False,False,False,False,False,False,False,False,False,False,False,False,True,False,False,False,False,False,False,False,False,True,False,False,True
E00732,Y,33,3225,0,24.416153319644078,0.2675626905606372,828.0,1.0,0.0,828.0,0.0,3,1470.3333333333333,2265,2.0,995.0,530.0,0.22651162790697676,0.0,0.0,128613269.0,9.875000000000002,22.825,76.45,60.19888888888889,29.881179463185703,5.525168110282157,76.45,86.71666666666665,10.15988647114475,0.0,11.867403314917127,10.339943342776204,117.0,0.0,0.9069767441860465,0.0,0.0,True,False,False,False,True,False,False,False,False,False,True,False,False,False,False,False,False,False,True,True,False,False,False,False,False,False,False,False,True,False,True,False
E00733,N,28,578,1,17.357973990417523,0.05651706267722695,0.0,0.0,0.0,0.0,0.0,1,577.0,3987,0.0,0.0,0.0,0.0,0.0,0.0,0.0,0.0,0.0,0.0,0.0,0.0,0.0,0.0,0.0,0.0,0.0,0.0,0.0,0.0,0.0,0.0,0.0,0.0,False,False,False,False,False,False,True,False,False,False,False,False,False,False,False,False,False,False,False,True,False,False,False,False,False,False,False,False,True,False,False,True
E00734,Y,39,2549,0,32.2135523613963,0.17894311939486476,0.0,0.0,0.0,0.0,1.0,3,642.25,1534,2.0,720.5,346.0,0.28658297371518243,0.0,0.0,72112178.0,8.26,27.924999999999997,81.85,87.78666666666668,8.337405171874524,0.23241707725246774,81.85,87.75666666666666,8.534246575342467,0.0,8.459016393442623,8.485333333333333,118.0,0.01694915254237288,0.9007633587786259,0.0,0.0,False,False,True,False,False,False,False,False,False,False,False,False,False,False,False,False,True,False,False,True,False,True,False,False,False,False,False,False,False,False,True,False
E00735,N,39,1933,1,30.034223134839152,0.1356991172186244,1182.0,3.0,0.3333333333333333,394.0,0.0,1,1042.5,3530,0.0,0.0,0.0,0.0,0.0,0.0,33776855.0,-9.015,8.935,51.84,47.545,6.074047250392446,17.133060109293137,0.0,0.0,25.01023890784983,0.32764505119453924,0.0,0.0,34.0,0.1323529411764706,0.918918918918919,0.0,0.0,False,False,False,False,True,False,False,False,False,False,False,False,False,False,True,False,False,True,False,False,False,False,False,False,False,False,True,False,False,False,False,True
E00736,Y,28,3121,0,20.202600958247775,0.3051725823799746,0.0,0.0,0.0,0.0,0.0,2,1560.0,1807,1.0,1442.0,1442.0,0.11702979814162127,0.0,0.0,89893046.0,9.528333333333334,23.438333333333333,59.18,66.26666666666667,18.314523608327903,-9.003841815356125,59.18,50.09,28.41704442429737,0.958295557570263,43.67977528089887,37.07887323943662,95.5,0.015706806282722512,0.9095238095238095,0.0,0.0,True,True,False,False,False,False,True,False,False,False,False,False,False,False,False,False,False,False,False,True,False,False,False,False,False,False,False,False,True,False,True,False
E00737,N,43,1056,1,38.217659137577,0.06723652165608138,0.0,0.0,0.0,0.0,0.0,2,527.0,1442,0.0,0.0,0.0,0.0,0.0,0.0,20285004.0,-2.562500000000001,17.515,50.05,57.21,6.3008332782259835,-3.2571587100052097,0.0,0.0,-6.657088122605364,0.19348659003831417,0.0,0.0,72.0,0.20833333333333334,0.8888888888888888,0.0,0.0,False,True,False,False,False,True,False,False,False,False,False,False,False,True,False,False,False,True,False,True,False,False,False,False,False,False,False,False,True,False,True,False
E00738,Y,37,3425,0,27.704312114989733,0.2534361877277688,2559.0,3.0,0.0,853.0,0.0,3,1323.3333333333333,2173,2.0,995.0,346.0,0.21328467153284672,2.0,452.3333333333333,6112468.0,14.365,17.51,88.68,56.99555555555556,23.231392075762006,11.198390598700753,88.68,81.54,29.2653810835629,0.0,32.539267015706805,31.594164456233422,108.5,0.08755760368663594,0.8966942148760331,337.0,2.0,False,False,False,False,True,False,False,False,False,False,True,False,False,False,False,False,False,False,True,True,False,False,False,False,False,False,False,True,False,True,False,False
E00739,Y,45,770,0,43.063655030800824,0.0468476690242604,0.0,0.0,0.0,0.0,0.0,2,256.0,73,0.0,0.0,0.0,0.0,0.0,0.0,58091213.0,23.566666666666663,27.900000000000002,51.67,66.2925,16.31806233390881,-23.2626804446515,51.67,61.163333333333334,9.597222222222221,0.0,10.307262569832401,9.166189111747851,63.5,0.0,0.9921875,0.0,0.0,True,False,False,False,False,True,False,False,False,False,False,False,True,False,False,True,False,False,False,False,False,False,True,False,False,False,False,False,False,False,True,False
E00740,N,43,2120,1,36.780287474332646,0.1349824109004664,0.0,0.0,0.0,0.0,1.0,3,673.0,530,0.0,0.0,0.0,0.0,0.0,0.0,31195924.0,6.4799999999999995,22.46166666666667,62.96,75.93111111111111,11.522325551342103,-3.135522696136499,62.96,70.34,23.413239719157474,0.1905717151454363,91.5875,59.63197026022305,95.5,0.010471204188481676,0.9455445544554455,0.0,0.0,True,False,False,False,False,True,False,False,False,False,False,False,False,False,False,False,True,False,False,True,False,False,False,False,False,False,False,False,True,False,True,False
E00741,N,26,400,1,15.811088295687885,0.042120781340493865,323.0,2.0,0.0,161.5,0.0,1,399.0,3841,0.0,0.0,0.0,0.0,0.0,0.0,0.0,0.0,0.0,0.0,0.0,0.0,0.0,0.0,0.0,0.0,0.0,0.0,0.0,0.0,0.0,0.0,0.0,0.0,True,True,False,False,False,False,True,False,False,False,False,False,False,False,False,False,False,False,False,True,False,False,False,False,False,False,False,False,True,False,False,True
E00742,N,39,3280,1,25.760438056125942,0.23026027132803314,139.0,1.0,0.0,139.0,0.0,1,1935.5,4183,2.0,609.5,1991.0,0.22271341463414632,1.0,20.0,28570794.0,-3.34,9.255,37.85,37.85,0.0,0.0,0.0,0.0,-30.02991452991453,0.0,0.0,0.0,38.0,0.21052631578947367,0.926829268292683,246.0,1.0,True,True,False,True,False,False,False,False,True,False,False,False,False,False,False,False,True,False,False,False,False,False,False,False,False,False,False,False,True,False,True,False
E00743,Y,34,1821,0,29.78507871321013,0.1466360671578693,0.0,0.0,0.0,0.0,0.0,1,1821.0,1821,0.0,0.0,0.0,0.0,0.0,0.0,48054271.0,3.518,21.296,49.1,47.43111111111111,11.817092963631584,0.8048813902447504,49.1,47.69,-24.96815286624204,0.0,9.192708333333334,9.310704960835508,110.0,0.01818181818181818,1.0,0.0,0.0,True,False,False,False,False,True,False,False,False,True,False,False,False,False,False,False,True,False,False,True,False,False,False,False,True,False,False,False,False,False,False,True
E00744,N,45,3010,1,33.2539356605065,0.1831317970948361,0.0,0.0,0.0,0.0,0.0,1,2307.5,3726,2.0,1040.0,2357.0,0.2426910299003322,0.0,0.0,48880679.0,-7.955,7.215,72.3,64.91,10.451038225937172,29.47923497268363,0.0,0.0,36.701298701298704,0.961038961038961,0.0,0.0,33.5,0.0,0.9054054054054054,0.0,0.0,True,False,False,False,False,True,False,False,False,True,False,False,False,False,False,False,True,False,False,True,False,False,False,False,False,False,False,False,True,True,False,False
E00745,Y,37,744,0,35.05270362765229,0.05505299961152117,0.0,0.0,0.0,0.0,0.0,2,371.5,165,0.0,0.0,0.0,0.0,0.0,0.0,54808433.0,9.409999999999998,18.19333333333333,57.22,54.445,3.215892825743212,-0.3622624466950464,57.22,53.66,35.93623188405797,0.6347826086956522,34.166666666666664,35.93623188405797,59.5,0.025210084033613446,0.9153846153846154,0.0,0.0,True,False,False,False,True,False,False,False,False,False,False,False,False,True,False,False,False,True,False,True,False,False,False,False,False,False,False,False,True,False,True,False
E00746,Y,34,4617,0,22.143737166324435,0.37178403188790915,1079.0,3.0,0.3333333333333333,359.6666666666667,0.0,4,1153.5,1899,2.0,1360.5,1807.0,0.15821962313190385,0.0,0.0,151821619.0,8.348333333333334,23.328333333333333,77.64,60.30555555555556,16.73004267112842,0.6326711105652475,77.64,63.95333333333334,11.59119496855346,0.0,10.634920634920634,11.86720867208672,113.5,0.0,0.9227642276422764,0.0,0.0,False,True,False,False,False,False,True,False,False,False,False,False,False,False,False,False,False,False,False,True,False,False,False,False,False,False,False,False,True,False,True,False
E00747,N,26,2086,1,18.072553045859,0.21965987469067552,0.0,0.0,0.0,0.0,0.0,4,520.5,1077,0.0,0.0,0.0,0.0,0.0,0.0,35716117.0,-0.28749999999999964,15.615,44.7,50.78,6.009672204039083,-4.015971128395464,0.0,0.0,19.626307922272048,0.0,0.0,0.0,72.0,0.05555555555555555,0.8780487804878049,0.0,0.0,False,True,False,False,False,False,True,False,False,False,False,False,False,False,False,False,False,False,False,True,False,False,False,False,False,False,False,False,True,False,False,True
E00748,Y,32,1676,0,27.980835044490075,0.1433949349760438,0.0,0.0,0.0,0.0,1.0,1,1676.0,1676,1.0,530.0,530.0,0.21792959427207637,0.0,0.0,61812129.0,6.347999999999999,24.538,52.05,62.654444444444444,21.28805011685612,2.4014994815428774,52.05,79.08333333333333,-12.749419953596288,0.0,7.8469945355191255,11.61307901907357,109.0,0.01834862385321101,1.0,0.0,0.0,True,False,False,False,True,False,False,False,False,False,False,False,False,False,False,False,False,False,True,True,False,False,False,False,False,False,False,False,True,False,False,True
E00749,Y,30,5034,0,16.511978097193705,0.4594113620807666,0.0,0.0,0.0,0.0,0.0,1,5034.0,5034,2.0,1360.5,896.0,0.14511323003575685,0.0,0.0,118718442.0,9.41,24.375,49.0,71.68555555555555,18.394702437869928,-0.7162478878663611,49.0,64.85333333333334,11.54561717352415,0.0,13.887096774193548,11.93732970027248,94.0,0.026595744680851064,0.8785046728971962,0.0,0.0,True,False,False,False,False,False,True,False,False,False,False,False,False,False,False,False,False,False,False,True,False,False,False,False,False,False,False,False,True,False,True,False
E00750,N,33,116,1,19.540041067761805,0.009623960342646174,639.0,1.0,0.0,639.0,0.0,1,115.0,4998,0.0,0.0,0.0,0.0,0.0,0.0,0.0,0.0,0.0,0.0,0.0,0.0,0.0,0.0,0.0,0.0,0.0,0.0,0.0,0.0,0.0,0.0,0.0,0.0,True,False,False,False,False,False,True,False,False,False,False,False,False,False,False,False,False,False,False,True,False,False,False,True,False,False,False,False,False,False,False,True
E00751,N,34,519,1,31.06091718001369,0.04179248701534002,0.0,0.0,0.0,0.0,0.0,1,518.0,1209,0.0,0.0,0.0,0.0,0.0,0.0,4017205.0,10.146666666666667,20.633333333333336,92.22,74.07,19.629640852547457,29.625302170352303,0.0,92.22,10.605150214592275,0.0,0.0,0.36363636363636365,51.5,0.0,0.9035087719298246,0.0,0.0,False,False,False,False,False,True,False,False,True,False,False,False,False,False,False,False,False,True,False,True,False,False,False,False,False,False,False,False,True,False,False,True
E00752,Y,29,2389,0,22.524298425735797,0.22554225967098587,0.0,0.0,0.0,0.0,0.0,3,795.6666666666666,438,1.0,896.0,896.0,0.1528882377563834,0.0,0.0,70424080.0,7.451666666666667,23.376666666666665,21.36,60.39333333333333,27.315878623979867,-9.269341763733529,21.36,29.52,13.857938718662952,0.0,6.715083798882682,7.838888888888889,105.0,0.023809523809523808,0.9292035398230089,0.0,0.0,False,False,False,True,False,False,False,False,False,False,True,False,False,False,False,False,False,True,False,True,False,False,False,False,False,False,False,False,True,False,False,True
E00753,Y,29,2884,0,21.806981519507186,0.2722745403478959,0.0,0.0,0.0,0.0,0.0,1,2884.0,2884,1.0,1442.0,1442.0,0.12664701803051318,0.0,0.0,79289721.0,9.951666666666666,23.855,59.16,64.55555555555556,17.355110278467773,-5.83340668533126,59.16,51.57,8.4922515952598,0.0,8.163934426229508,6.19060773480663,123.5,0.032388663967611336,0.9216417910447762,0.0,0.0,True,False,False,False,False,False,True,False,False,False,False,False,False,False,False,False,False,False,False,True,False,False,False,False,False,False,False,False,True,False,True,False
E00754,N,26,1388,1,14.16290212183436,0.1461591112515137,731.0,2.0,0.0,365.5,0.0,2,966.5,3999,1.0,363.0,3634.0,0.2631484149855908,0.0,0.0,0.0,0.0,0.0,0.0,0.0,0.0,0.0,0.0,0.0,0.0,0.0,0.0,0.0,0.0,0.0,0.0,405.0,2.0,True,False,False,False,False,False,True,False,False,False,False,False,False,False,False,False,False,False,False,True,False,False,False,False,False,False,False,False,True,False,False,True
E00755,N,41,4241,1,27.731690622861056,0.2832006143470059,0.0,0.0,0.0,0.0,0.0,2,1412.6666666666667,4183,1.0,1620.0,2538.0,0.08612355576514974,0.0,0.0,32574964.0,-2.905,16.05,26.95,40.174,13.8073741167537,0.1097818189278802,0.0,0.0,-95.03365384615384,0.0,0.0,0.0,90.0,0.022222222222222223,1.0,0.0,0.0,True,False,False,False,False,True,False,False,False,False,False,True,False,False,False,False,False,True,False,True,False,False,False,False,False,False,False,False,True,False,False,True
E00756,Y,26,195,0,25.87816563997262,0.02053388090349076,0.0,0.0,0.0,0.0,0.0,1,195.0,195,0.0,0.0,0.0,0.0,0.0,0.0,31813191.0,0.0,16.72,67.55,67.55,0.0,0.0,67.55,67.55,8.905882352941177,0.0,8.905882352941177,8.905882352941177,24.0,0.041666666666666664,1.0,0.0,0.0,False,False,False,False,False,True,False,False,False,False,False,True,False,False,False,False,False,True,False,True,False,False,False,False,False,False,False,False,True,False,False,True
E00757,Y,42,1864,0,37.711156741957566,0.12150842540986279,1729.0,1.0,1.0,1729.0,0.0,1,1864.0,1864,1.0,530.0,530.0,0.19594957081545064,0.0,0.0,96138994.0,14.549999999999999,22.638333333333335,48.9,53.355555555555554,33.34712960327737,8.131926096422992,48.9,81.78666666666666,28.857297297297297,0.0,26.358288770053477,26.547169811320753,107.5,0.06046511627906977,0.9033613445378151,0.0,0.0,False,False,False,False,False,True,False,False,False,False,True,False,False,False,False,False,True,False,False,True,False,False,False,False,False,False,False,False,True,False,True,False
E00758,N,44,604,1,33.84804928131417,0.037583224441540664,1628.0,2.0,0.0,814.0,0.0,1,301.0,3726,0.0,0.0,0.0,0.0,0.0,0.0,0.0,0.0,0.0,0.0,0.0,0.0,0.0,0.0,0.0,0.0,0.0,0.0,0.0,0.0,0.0,0.0,0.0,0.0,True,False,False,False,True,False,False,False,False,False,False,False,False,False,True,False,False,False,True,False,False,False,False,False,False,False,False,False,True,False,False,True
E00759,Y,43,5452,0,28.27652292950034,0.34713401142893524,0.0,0.0,0.0,0.0,0.0,4,1119.4,1866,4.0,1045.0,165.0,0.26797505502567864,0.0,0.0,132016219.0,7.695,25.868333333333336,90.82,78.11888888888888,21.559869227597627,7.774396101905957,90.82,81.19666666666667,7.5650994575045205,0.0,7.320652173913044,7.018817204301075,117.0,0.01282051282051282,0.8796992481203008,0.0,0.0,True,False,False,False,False,True,False,True,False,False,False,False,False,False,False,True,False,False,False,False,False,False,False,False,False,False,False,False,True,True,False,False
E00760,Y,27,2913,0,19.750855578370977,0.29538367936725224,0.0,0.0,0.0,0.0,0.0,3,970.3333333333334,1899,1.0,1077.0,1077.0,0.12538619979402676,0.0,0.0,81866802.0,8.201666666666666,27.348333333333333,69.74,81.62666666666667,10.72131988143251,-2.2121589834226376,69.74,71.64,-27.349419124218052,0.0,12.088888888888889,9.532786885245901,106.0,0.0,1.0,0.0,0.0,False,True,False,False,False,False,True,False,False,False,False,False,False,False,False,False,False,False,False,True,False,False,False,False,False,False,False,False,True,False,False,True
E00761,N,43,258,1,42.35455167693361,0.01642710472279261,0.0,0.0,0.0,0.0,0.0,1,257.0,447,0.0,0.0,0.0,0.0,0.0,0.0,15578299.0,-3.96,9.515,58.66,59.04,0.5374011537017798,-1.5241758241754222,58.66,59.04,9.806722689075631,0.0,10.037974683544304,9.806722689075631,37.0,0.0,1.0,0.0,0.0,False,False,False,False,False,True,False,True,False,False,False,False,False,False,False,False,True,False,False,True,False,False,False,False,True,False,False,False,False,False,True,False
E00762,N,43,682,1,35.85763175906913,0.043423586902885884,1784.0,3.0,0.0,594.6666666666666,0.0,2,226.33333333333334,2538,0.0,0.0,0.0,0.0,0.0,0.0,0.0,0.0,0.0,0.0,0.0,0.0,0.0,0.0,0.0,0.0,0.0,0.0,0.0,0.0,0.0,0.0,0.0,0.0,False,True,False,False,False,True,False,False,True,False,False,False,False,False,False,False,False,True,False,True,False,False,False,False,False,False,False,False,True,False,True,False
E00763,N,29,213,1,26.913073237508556,0.020109041988246125,0.0,0.0,0.0,0.0,0.0,1,212.0,1042,0.0,0.0,0.0,0.0,0.0,0.0,25880795.0,0.0,0.0,71.9,54.300000000000004,24.890158697766473,70.20765027321038,0.0,0.0,85.7090909090909,1.1454545454545455,0.0,0.0,17.0,0.0,1.0,0.0,0.0,True,True,False,False,False,True,False,False,False,False,False,False,False,False,True,False,False,True,False,True,False,False,False,False,False,False,False,False,True,False,False,True
E00764,Y,38,3745,0,27.82751540041068,0.269822399942361,0.0,0.0,0.0,0.0,0.0,3,1247.6666666666667,2265,2.0,812.5,530.0,0.1950600801068091,0.0,0.0,102594727.0,9.665000000000001,24.94666666666667,78.34,75.75,13.641277432850636,-1.0094208341289024,78.34,83.88666666666667,30.713493530499075,0.0,34.30285714285714,31.521246458923514,117.0,0.07692307692307693,0.9,0.0,0.0,True,True,False,False,False,True,False,True,False,False,False,False,False,False,False,False,True,False,False,True,False,False,False,False,False,False,False,False,True,False,True,False
E00765,N,40,1227,1,27.939767282683093,0.0839835728952772,960.0,1.0,1.0,960.0,0.0,1,1226.0,4531,1.0,148.0,3452.0,0.29767726161369196,0.0,0.0,0.0,0.0,0.0,0.0,0.0,0.0,0.0,0.0,0.0,0.0,0.0,0.0,0.0,0.0,0.0,0.0,300.0,1.0,True,False,False,False,False,True,False,False,True,False,False,False,False,False,False,False,False,True,False,True,False,False,False,False,False,False,False,False,True,False,True,False
E00766,Y,35,1148,0,32.380561259411365,0.08980150581793292,0.0,0.0,0.0,0.0,0.0,2,573.5,438,0.0,0.0,0.0,0.0,0.0,0.0,61197693.0,11.6975,16.45,77.2,36.92666666666667,25.62580782466509,10.568521788086665,77.2,44.56,18.818505338078293,0.3932384341637011,31.613756613756614,23.69041095890411,72.0,0.006944444444444444,0.8888888888888888,0.0,0.0,True,True,True,False,False,False,False,False,True,False,False,False,False,False,False,False,True,False,False,True,False,False,False,False,False,False,False,False,True,False,True,False
E00767,Y,36,425,0,35.54277891854894,0.03232184957030953,0.0,0.0,0.0,0.0,0.0,1,425.0,425,0.0,0.0,0.0,0.0,0.0,0.0,53542458.0,17.26,20.130000000000003,84.14,72.27,16.786714985368643,47.61043956042703,84.14,72.27,33.70984455958549,0.0,34.04624277456647,33.70984455958549,42.5,0.03529411764705882,0.8854166666666666,0.0,0.0,True,True,False,False,False,True,False,True,False,False,False,False,False,False,False,True,False,False,False,True,False,False,False,False,False,False,False,False,True,False,True,False
E00768,Y,41,5214,0,27.20328542094456,0.3481744879050433,1493.0,2.0,0.5,746.5,1.0,2,1737.3333333333333,4548,4.0,816.25,346.0,0.2802071346375144,0.0,0.0,173203255.0,9.576666666666666,26.371666666666666,75.5,81.86222222222221,13.460615492779091,5.8367766872647175,75.5,90.04,29.36730945821855,0.0,34.22727272727273,31.602702702702704,107.5,0.06976744186046512,0.8739837398373984,542.0,2.0,False,False,False,False,True,False,False,False,False,False,False,False,False,False,False,False,False,True,False,True,False,False,False,False,False,False,False,True,False,False,False,False
E00769,Y,38,1055,0,35.96167008898015,0.07601138369537808,0.0,0.0,0.0,0.0,0.0,2,527.0,346,0.0,0.0,0.0,0.0,0.0,0.0,54634372.0,2.8333333333333335,21.483333333333334,69.4,58.96,15.25680831628949,-3.1936522395941362,69.4,56.06,26.133580705009276,1.3970315398886828,24.39673913043478,25.904891304347824,48.5,0.0,0.8981481481481481,0.0,0.0,True,False,False,False,False,True,False,False,False,False,True,False,False,False,False,False,True,False,False,True,False,False,False,False,False,False,False,False,True,False,True,False
E00770,Y,30,3627,0,20.528405201916495,0.33100616016427103,0.0,0.0,0.0,0.0,0.0,2,1813.0,2538,2.0,538.0,165.0,0.20140612076095946,0.0,0.0,80836140.0,7.986666666666667,24.628333333333334,90.52,69.18333333333334,19.901254357451943,-3.3444449862782215,90.52,59.82333333333333,9.228467815049864,0.0,11.931818181818182,10.799457994579946,105.5,0.004739336492890996,0.8940677966101694,0.0,0.0,True,False,False,False,False,False,True,False,False,False,False,False,False,False,False,False,False,False,False,True,False,False,False,True,False,False,False,False,False,False,True,False
E00771,N,43,3990,1,31.57015742642026,0.2540470846664438,0.0,0.0,0.0,0.0,0.0,4,977.8,1626,1.0,2314.0,2722.0,0.09154135338345865,0.0,0.0,69750000.0,0.3539999999999999,16.328,52.0,47.63375,9.388209836202607,3.0169777233016877,0.0,50.989999999999995,5.255079006772009,0.4142212189616253,0.0,-45.351851851851855,90.5,0.18232044198895028,0.8872549019607843,0.0,0.0,True,False,False,False,False,True,False,False,False,False,False,True,False,False,False,False,True,False,False,True,False,False,False,False,False,False,False,False,True,False,True,False
E00772,Y,36,3602,0,26.614647501711158,0.27393718153471747,0.0,0.0,0.0,0.0,0.0,2,1800.5,2813,3.0,906.6666666666666,712.0,0.3042059966685175,0.0,0.0,119733703.0,12.703333333333335,25.485,97.8,82.24888888888889,13.625262790534025,7.5524598056273415,97.8,97.55,29.519925857275254,0.0,28.518716577540108,26.31179775280899,121.5,0.06584362139917696,0.8933823529411765,0.0,0.0,False,False,False,False,False,True,False,False,True,False,False,False,False,False,False,False,True,False,False,True,False,False,False,False,False,False,False,True,False,False,True,False
E00773,N,40,397,1,38.23134839151266,0.027173169062286104,0.0,0.0,0.0,0.0,0.0,1,396.0,731,0.0,0.0,0.0,0.0,0.0,0.0,1313979.0,-17.645,15.28,68.1,61.46,5.9006666290061425,8.534124241485475,68.1,63.053333333333335,-42.22159090909091,0.0,-45.1,-42.22159090909091,53.0,0.1509433962264151,1.0,0.0,0.0,True,False,False,False,True,False,False,False,False,False,False,False,False,True,False,False,False,True,False,True,False,False,False,False,False,False,False,False,True,False,True,False
E00774,N,39,361,1,24.922655715263517,0.025342670106530477,313.0,1.0,0.0,313.0,0.0,1,360.0,5448,0.0,0.0,0.0,0.0,0.0,0.0,0.0,0.0,0.0,0.0,0.0,0.0,0.0,0.0,0.0,0.0,0.0,0.0,0.0,0.0,0.0,0.0,0.0,0.0,True,False,False,False,False,True,False,True,False,False,False,False,False,False,False,False,True,False,False,False,False,False,False,False,False,False,False,False,True,False,False,True
E00775,Y,31,3885,0,20.982888432580424,0.3431145260647811,470.0,2.0,0.5,235.0,0.0,3,1294.3333333333333,2538,2.0,995.0,1077.0,0.18803088803088802,0.0,0.0,125581648.0,8.951666666666666,23.718333333333334,46.52,59.806666666666665,14.689355840199394,-5.339314519709424,46.52,49.64000000000001,10.566427289048473,0.0,7.886486486486486,9.383033419023135,101.5,0.009852216748768473,0.9485981308411215,0.0,0.0,False,True,False,False,False,False,True,False,False,False,False,False,False,False,False,False,False,False,False,True,False,False,False,True,False,False,False,False,False,False,True,False
E00776,N,36,926,1,27.460643394934976,0.07042360635789793,0.0,0.0,0.0,0.0,0.0,2,462.0,2630,0.0,0.0,0.0,0.0,0.0,0.0,0.0,0.0,0.0,0.0,0.0,0.0,0.0,0.0,0.0,0.0,0.0,0.0,0.0,0.0,0.0,0.0,0.0,0.0,False,False,False,True,False,False,False,False,False,False,False,False,False,True,False,False,True,False,False,True,False,True,False,False,False,False,False,False,False,False,False,True
E00777,Y,43,366,0,42.34360027378508,0.02330356716489184,0.0,0.0,0.0,0.0,0.0,1,366.0,366,0.0,0.0,0.0,0.0,0.0,0.0,43515072.0,0.0,14.57,41.35,45.625,6.045762979144979,-17.1469780219735,41.35,45.625,7.6608187134502925,0.0,7.6608187134502925,7.6608187134502925,29.5,0.0,0.921875,0.0,0.0,False,True,False,False,True,False,False,False,False,False,False,False,True,False,False,False,False,False,True,True,False,False,False,False,False,False,False,False,True,False,True,False
E00778,N,42,4024,1,28.692676249144423,0.2623121801766566,2869.0,3.0,0.6666666666666666,956.3333333333334,0.0,1,2011.0,4729,1.0,1680.0,2538.0,0.09076789264413518,0.0,0.0,71120273.0,3.1900000000000004,16.095,54.2,52.18,9.994926713087997,-3.5041992957035357,0.0,0.0,9.332833583208396,0.0,0.0,0.0,74.0,0.013513513513513514,0.9135802469135802,0.0,0.0,True,False,False,False,True,False,False,False,False,False,True,False,False,False,False,False,False,True,False,True,False,False,False,False,False,False,False,False,True,False,True,False
E00779,Y,32,2077,0,26.99520876112252,0.17770362765229294,973.0,2.0,0.5,486.5,0.0,4,518.5,621,1.0,896.0,896.0,0.1758545979778527,0.0,0.0,104366436.0,9.231666666666667,25.881666666666664,37.35,69.73777777777778,20.59994950101685,-9.145080818940494,37.35,45.196666666666665,10.083984375,0.0,13.585635359116022,11.149171270718233,115.5,0.05627705627705628,0.875,0.0,0.0,True,False,False,False,False,True,False,False,True,False,False,False,False,False,False,False,True,False,False,True,False,False,False,False,False,False,False,False,True,False,True,False
E00780,N,33,1928,1,19.540041067761805,0.15995685810880883,0.0,0.0,0.0,0.0,0.0,1,963.5,4912,0.0,0.0,0.0,0.0,0.0,0.0,0.0,0.0,0.0,0.0,0.0,0.0,0.0,0.0,0.0,0.0,0.0,0.0,0.0,0.0,0.0,0.0,0.0,0.0,True,True,False,False,False,False,True,False,False,False,False,False,False,False,False,False,False,False,False,True,False,False,False,False,False,False,False,False,False,False,False,True
E00781,Y,39,3299,0,30.099931553730322,0.23159409607048212,0.0,0.0,0.0,0.0,0.0,5,549.0,621,3.0,723.6666666666666,165.0,0.33214610488026675,0.0,0.0,96070293.0,10.913333333333334,24.64,91.92,72.72777777777777,15.13794303875016,-1.2142417024519012,91.92,67.29,-4.190875232774674,0.6918063314711359,27.461988304093566,25.002890173410403,108.0,0.041666666666666664,0.9310344827586207,0.0,0.0,False,True,False,False,False,True,False,False,False,False,False,False,True,False,False,False,True,False,False,True,False,False,False,False,False,False,False,False,True,True,False,False
E00782,Y,41,1060,0,38.8062970568104,0.07078345937463482,3398.0,3.0,0.6666666666666666,1132.6666666666667,0.0,2,529.5,530,0.0,0.0,0.0,0.0,0.0,0.0,89501742.0,3.8833333333333333,25.430000000000003,82.16,77.424,8.460699143687826,6.1374463578411795,82.16,80.11,19.66171003717472,0.0,10.273224043715848,16.61917808219178,59.0,0.05084745762711865,0.9365079365079365,0.0,0.0,True,False,False,False,True,False,False,False,False,False,True,False,False,False,False,False,False,False,True,True,True,False,False,False,False,False,False,False,False,False,True,False
E00783,N,43,287,1,32.73648186173853,0.018273562230393326,0.0,0.0,0.0,0.0,0.0,1,286.0,3886,0.0,0.0,0.0,0.0,0.0,0.0,0.0,0.0,0.0,0.0,0.0,0.0,0.0,0.0,0.0,0.0,0.0,0.0,0.0,0.0,0.0,0.0,0.0,0.0,True,False,False,False,False,True,False,False,False,False,False,True,False,False,False,False,False,True,False,True,False,False,False,False,False,False,False,False,True,False,True,False
E00784,N,38,571,1,33.086926762491444,0.04113981051190605,1375.0,3.0,0.0,458.3333333333333,0.0,1,570.0,2042,0.0,0.0,0.0,0.0,0.0,0.0,47611484.0,-6.095,7.005,60.88,50.6,14.53811542119542,41.0076502732325,0.0,0.0,-25.730215827338128,0.0,0.0,0.0,31.5,0.09523809523809523,0.8513513513513513,0.0,0.0,True,False,False,False,False,True,False,False,False,False,False,True,False,False,False,False,True,False,False,True,False,False,False,False,False,False,False,False,True,False,False,True
E00785,N,38,3056,1,25.19917864476386,0.22018084224936058,0.0,0.0,0.0,0.0,0.0,2,1527.0,4183,1.0,443.0,2173.0,0.11951897905759161,0.0,0.0,12278828.0,-9.725,7.765,47.35,47.35,0.0,0.0,0.0,0.0,28.696682464454977,0.24170616113744076,0.0,0.0,39.0,0.05128205128205128,0.9069767441860465,0.0,0.0,True,True,False,False,False,True,False,True,False,False,False,False,False,False,False,True,False,False,False,True,False,False,False,False,False,False,True,False,False,False,True,False
E00786,Y,30,2425,0,23.71252566735113,0.2213096052931782,0.0,0.0,0.0,0.0,0.0,3,807.6666666666666,896,1.0,1261.0,1261.0,0.15061855670103094,0.0,0.0,74604936.0,8.105,26.363333333333333,55.7,79.27888888888889,15.436276627189311,1.1195019583728845,55.7,78.13,22.31088560885609,0.5507380073800738,11.224598930481283,10.424657534246576,98.5,0.025380710659898477,0.8873873873873874,0.0,0.0,True,False,False,False,False,True,False,False,False,False,False,True,False,False,False,True,False,False,False,True,False,False,False,False,False,False,False,False,True,False,True,False
E00787,Y,36,703,0,34.16563997262149,0.05346414175982964,0.0,0.0,0.0,0.0,0.0,2,351.0,73,0.0,0.0,0.0,0.0,0.0,0.0,56891698.0,-1.355,22.78,62.22,57.50666666666667,7.991153441984036,13.95233038761157,62.22,57.50666666666667,34.298630136986304,0.8493150684931506,35.48924731182796,34.298630136986304,35.0,0.1,0.9210526315789473,0.0,0.0,True,True,False,True,False,False,False,False,False,False,True,False,False,False,False,False,True,False,False,True,False,False,False,False,False,False,False,False,True,False,True,False
E00788,N,31,988,1,25.72210814510609,0.08725795411891987,982.0,1.0,0.0,982.0,0.0,2,493.0,1717,0.0,0.0,0.0,0.0,1.0,378.0,29461717.0,2.1433333333333326,14.466666666666667,53.1,54.39000000000001,1.1607325273291844,-2.2490902631126124,0.0,0.0,-109.22595078299776,0.6241610738255033,0.0,0.0,60.0,0.03333333333333333,1.0,272.0,1.0,True,True,False,False,False,True,False,False,False,False,True,False,False,False,False,False,False,True,False,True,False,False,False,False,False,False,False,False,True,False,False,True
E00789,Y,26,1517,0,22.798083504449007,0.15974306323382298,0.0,0.0,0.0,0.0,0.0,4,378.5,73,0.0,0.0,0.0,0.0,0.0,0.0,51509597.0,11.242,21.728,82.7,62.67125,13.475316521593953,7.18190788138708,82.7,71.96,26.733601070950467,0.0,31.12041884816754,27.18970189701897,99.0,0.05555555555555555,0.9252336448598131,0.0,0.0,True,False,False,False,False,False,True,False,False,False,False,False,False,False,False,False,False,False,False,True,False,False,False,False,False,False,False,False,True,False,False,True
E00790,Y,42,607,0,40.761122518822724,0.039568462566409175,2595.0,3.0,0.3333333333333333,865.0,0.0,1,607.0,607,0.0,0.0,0.0,0.0,0.0,0.0,70893897.0,-3.38,24.61,61.38,64.13333333333334,7.822284406318482,3.3441742811729687,61.38,64.13333333333334,6.1092715231788075,0.0,5.072222222222222,6.1092715231788075,37.0,0.0,0.9024390243902439,0.0,0.0,True,True,False,False,False,True,False,False,False,False,True,False,False,False,False,True,False,False,False,True,False,False,False,False,False,False,False,False,True,False,True,False
E00791,N,36,117,1,32.53661875427789,0.00889801505817933,0.0,0.0,0.0,0.0,0.0,1,116.0,1483,0.0,0.0,0.0,0.0,0.0,0.0,9808279.0,-4.945,7.155,55.72,48.16,10.691454531540598,30.323076923034268,0.0,0.0,-48.97727272727273,0.0,0.0,0.0,36.0,0.0,1.0,0.0,0.0,True,True,False,False,False,True,False,False,False,False,False,True,False,False,False,True,False,False,False,True,False,False,False,False,False,False,False,False,True,False,False,True
E00792,N,32,2768,1,23.446954140999317,0.23682409308692676,0.0,0.0,0.0,0.0,0.0,2,1748.5,2448,1.0,356.0,712.0,0.13195447976878613,0.0,0.0,56893549.0,1.4040000000000006,19.144,58.02,67.20625,18.740506882533506,5.471480015442642,0.0,75.83500000000001,16.3948772678762,0.0,-42.6,-43.32124352331606,92.5,0.1945945945945946,0.9158415841584159,0.0,0.0,False,True,False,False,False,False,True,False,False,False,False,False,False,False,False,False,False,False,False,True,False,False,False,False,False,False,False,False,True,False,False,True
E00793,N,34,876,1,23.54551676933607,0.07053992028022708,2045.0,3.0,0.3333333333333333,681.6666666666666,1.0,1,876.0,3864,0.0,0.0,0.0,0.0,0.0,0.0,0.0,0.0,0.0,0.0,0.0,0.0,0.0,0.0,0.0,0.0,0.0,0.0,0.0,0.0,0.0,0.0,0.0,0.0,False,False,False,False,False,True,False,False,False,False,False,False,False,False,False,False,True,False,False,True,False,False,False,False,False,False,False,False,True,False,False,True
E00794,Y,25,894,0,23.531827515400412,0.09790554414784394,0.0,0.0,0.0,0.0,0.0,1,894.0,894,0.0,0.0,0.0,0.0,0.0,0.0,61356689.0,11.106666666666664,22.073333333333334,54.48,66.2925,12.195166733860868,-17.729815664477275,54.48,60.60999999999999,8.621004566210045,0.0,9.435754189944134,7.826923076923077,64.0,0.0,1.0,0.0,0.0,True,True,False,False,False,True,False,True,False,False,False,False,False,False,False,False,False,True,False,True,False,False,False,False,False,False,False,False,True,False,False,True
E00795,N,29,4272,1,17.297741273100616,0.40331374353890814,0.0,0.0,0.0,0.0,0.0,4,1067.0,2903,1.0,1897.0,2173.0,0.08549859550561799,0.0,0.0,13071507.0,4.748333333333334,21.333333333333332,57.05,63.690000000000005,15.528463381803105,-9.400401671721266,57.05,52.96666666666667,-2.0172786177105833,0.0,-48.541666666666664,-34.91549295774648,108.5,0.16129032258064516,0.875,0.0,0.0,False,False,False,False,False,False,True,False,False,False,False,False,False,False,False,False,False,False,False,True,False,False,False,False,False,False,False,False,True,False,True,False
E00796,Y,32,2921,0,24.58590006844627,0.24991444216290212,0.0,0.0,0.0,0.0,0.0,1,2921.0,2921,2.0,630.0,165.0,0.250085587127696,0.0,0.0,89792324.0,7.953333333333333,25.296666666666667,97.04,76.32666666666667,22.60525823785254,6.312853434034504,97.04,72.54666666666667,30.25497287522604,0.9556962025316456,33.99470899470899,30.913279132791327,103.5,0.033816425120772944,0.915929203539823,0.0,0.0,True,False,False,False,False,True,False,False,False,False,False,False,False,False,True,False,True,False,False,True,False,False,False,False,False,False,False,False,True,True,False,False
E00797,Y,30,1194,0,27.515400410677618,0.10896646132785763,698.0,1.0,0.0,698.0,0.0,2,596.5,438,0.0,0.0,0.0,0.0,0.0,0.0,61365779.0,11.700000000000001,19.32,40.9,51.696666666666665,13.681095959997746,-11.100643925026503,40.9,40.72,27.51227495908347,0.0,28.16062176165803,26.164948453608247,68.5,0.014598540145985401,0.8896103896103896,0.0,0.0,False,False,False,False,True,False,False,False,True,False,False,False,False,False,False,False,False,False,True,True,False,False,False,False,False,False,False,True,False,False,False,True
E00798,N,26,2989,1,12.060232717316905,0.3147475385668404,185.0,2.0,0.5,92.5,0.0,4,596.8,2995,1.0,404.0,2722.0,0.12219805955168953,0.0,0.0,0.0,0.0,0.0,0.0,0.0,0.0,0.0,0.0,0.0,0.0,0.0,0.0,0.0,0.0,0.0,0.0,0.0,0.0,True,False,False,False,False,False,True,False,False,False,False,False,False,False,False,False,False,False,False,True,False,False,False,False,False,False,False,False,True,False,False,True
E00799,N,33,3209,1,21.930184804928132,0.26623524775475493,853.0,2.0,0.0,426.5,0.0,3,1068.6666666666667,2903,1.0,1037.0,1991.0,0.11382050483016516,0.0,0.0,22167742.0,0.8574999999999999,16.0375,47.54,47.94,4.831624985447442,3.97161286099855,0.0,0.0,-4.822660098522167,0.0,0.0,0.0,74.5,0.18791946308724833,0.93125,0.0,0.0,False,False,False,False,False,False,True,False,False,False,False,False,False,False,False,False,False,False,False,True,False,False,False,False,False,False,False,False,True,False,True,False
E00800,Y,38,1134,0,35.68514715947981,0.08170323138441586,2982.0,2.0,0.0,1491.0,0.0,2,566.5,621,0.0,0.0,0.0,0.0,0.0,0.0,91571871.0,25.6475,23.02,56.0,66.18166666666667,10.249742273182612,-3.0972547175328207,56.0,62.050000000000004,18.0754039497307,0.3644524236983842,11.63276836158192,12.604395604395604,76.5,0.0196078431372549,0.9107142857142857,0.0,0.0,False,True,False,False,False,True,False,False,False,False,False,False,False,True,False,False,True,False,False,True,False,False,False,False,False,True,False,False,False,False,True,False
E00801,Y,42,3615,0,32.257357973990416,0.23565072846387014,1620.0,3.0,0.0,540.0,0.0,1,1863.0,277,2.0,1268.5,1077.0,0.20207468879668047,0.0,0.0,99168175.0,7.338333333333334,25.46666666666667,64.26,75.44111111111111,14.433248460104577,3.951967611918232,64.26,74.37333333333333,-51.07678729037952,0.0,8.01063829787234,8.169665809768638,133.0,0.022556390977443608,1.0,325.0,2.0,True,True,False,False,False,True,False,False,False,False,False,False,False,False,True,False,False,True,False,False,False,False,False,False,False,False,False,False,True,False,True,False
E00802,N,45,3877,1,31.770020533880903,0.23588105559358127,0.0,0.0,0.0,0.0,0.0,1,2783.0,3338,2.0,819.5,1442.0,0.18841888057776632,0.0,0.0,76382804.0,-4.533333333333333,14.263333333333334,40.0,43.322500000000005,4.602509279367796,-1.652564571663158,0.0,0.0,4.436697247706422,0.0,0.0,0.0,51.5,0.18446601941747573,0.9035087719298246,0.0,0.0,False,False,False,False,False,True,False,False,False,False,False,False,False,True,False,False,False,True,False,True,False,False,False,False,False,False,False,True,False,False,True,False
E00803,N,45,1892,1,37.204654346338124,0.11511141531675413,1202.0,1.0,0.0,1202.0,0.0,1,1583.5,2903,1.0,48.0,1261.0,0.19304968287526428,0.0,0.0,37128766.0,5.526666666666667,16.043333333333333,55.0,68.535,18.56421916842541,4.8891880705947575,0.0,0.0,-148.83261802575106,0.0,0.0,0.0,63.0,0.20634920634920634,1.0,329.0,2.0,False,False,False,False,False,True,False,False,False,False,False,False,True,False,False,False,True,False,False,True,False,False,False,False,False,False,False,False,True,True,False,False
E00804,Y,28,799,0,25.960301163586585,0.0781265278185196,0.0,0.0,0.0,0.0,0.0,2,399.0,165,0.0,0.0,0.0,0.0,0.0,0.0,64504659.0,26.149999999999995,21.316666666666666,79.48,63.7275,12.666310630961176,10.045027314786607,79.48,62.870000000000005,17.252659574468087,0.0,23.624309392265193,17.07183908045977,58.5,0.05128205128205128,0.9140625,0.0,0.0,False,False,False,False,False,True,False,False,False,False,False,False,False,True,False,False,False,True,False,True,False,False,False,False,False,False,False,False,True,False,False,True
E00805,Y,45,492,0,44.145106091718,0.02993383527264431,0.0,0.0,0.0,0.0,0.0,1,309.0,256,0.0,0.0,0.0,0.0,0.0,0.0,54198826.0,10.37,17.645,49.84,52.52,3.790092347159894,-10.749450549447715,49.84,52.52,11.986784140969164,0.0,11.421052631578947,11.986784140969164,37.5,0.02666666666666667,0.8522727272727273,0.0,0.0,True,True,False,False,False,True,False,False,False,False,False,False,False,False,True,False,True,False,False,True,False,False,False,False,False,True,False,False,False,False,False,True
E00806,Y,37,1495,0,33.72210814510609,0.11062397099358084,0.0,0.0,0.0,0.0,0.0,2,747.0,896,1.0,530.0,530.0,0.24431438127090302,0.0,0.0,61458840.0,13.262,22.631999999999998,89.9,64.04875,24.01527456640877,15.829212668808866,89.9,91.41666666666667,4.272965879265092,0.0,4.672043010752688,8.147138964577657,103.0,0.009708737864077669,1.0,0.0,0.0,True,False,False,False,True,False,False,False,False,False,False,False,False,False,True,False,False,False,True,True,False,False,False,False,False,False,False,False,True,False,False,True
E00807,Y,36,5423,0,21.869952087611225,0.4124268005171496,0.0,0.0,0.0,0.0,0.0,1,3413.0,5421,2.0,1633.5,1626.0,0.13470403835515396,0.0,0.0,132472339.0,8.485000000000001,24.935000000000002,87.25,73.47111111111111,15.258171126026577,-0.6639572416486857,87.25,81.64666666666666,30.896551724137932,0.0,30.357142857142858,29.582872928176794,105.0,0.05238095238095238,0.8823529411764706,0.0,0.0,True,False,False,False,False,True,False,False,False,False,False,False,True,False,False,False,False,True,False,True,False,False,False,False,False,False,False,False,True,False,True,False
E00808,Y,37,2556,0,30.67488021902806,0.18913369221377435,0.0,0.0,0.0,0.0,0.0,2,1277.5,1991,1.0,346.0,346.0,0.14289906103286384,0.0,0.0,86901168.0,10.131666666666668,27.77,91.6,89.04444444444444,9.229997441916101,2.5256696573295105,91.6,93.32666666666667,30.409683426443202,0.0,37.621468926553675,31.91160220994475,102.5,0.06829268292682927,0.8686440677966102,0.0,0.0,False,True,False,False,False,True,False,False,True,False,False,False,False,False,False,False,False,True,False,True,False,False,False,False,False,False,False,False,True,False,False,True
E00809,Y,34,1446,0,30.587268993839835,0.11643918347626525,0.0,0.0,0.0,0.0,0.0,3,481.3333333333333,530,1.0,530.0,530.0,0.2525933609958506,0.0,0.0,56120758.0,3.6600000000000006,23.970000000000002,20.66,61.53125,22.720537869324936,-3.8478038509753687,20.66,55.63666666666666,9.986577181208053,0.0,12.776649746192893,9.832460732984293,91.0,0.01098901098901099,1.0,0.0,0.0,True,False,False,False,False,True,False,False,True,False,False,False,False,False,False,False,True,False,False,True,False,False,False,False,True,False,False,False,False,False,False,True
E00810,N,38,220,1,28.28747433264887,0.015850715083396374,0.0,0.0,0.0,0.0,0.0,1,219.0,3553,0.0,0.0,0.0,0.0,0.0,0.0,0.0,0.0,0.0,0.0,0.0,0.0,0.0,0.0,0.0,0.0,0.0,0.0,0.0,0.0,0.0,0.0,0.0,0.0,False,False,False,False,False,True,False,True,False,False,False,False,False,False,False,True,False,False,False,True,False,False,False,False,False,False,False,False,True,False,False,True
E00811,Y,33,3508,0,23.65776865160849,0.29104183518967913,872.0,1.0,1.0,872.0,0.0,1,3508.0,3508,2.0,1178.0,1261.0,0.20823831242873433,0.0,0.0,118761850.0,8.681666666666667,26.936666666666667,71.6,81.29444444444444,11.865580591685253,-2.6990747245611173,71.6,72.44333333333333,-52.33712784588441,0.0,8.888324873096447,8.568,116.0,0.008620689655172414,1.0,360.0,2.0,True,True,False,False,False,True,False,False,False,True,False,False,False,False,False,False,True,False,False,True,False,False,False,False,False,False,False,False,True,False,True,False
E00812,Y,43,4414,0,31.679671457905545,0.2810435668465371,940.0,1.0,0.0,940.0,0.0,3,1159.6,1717,3.0,967.0,1077.0,0.24824422292705028,2.0,266.6666666666667,128288540.0,8.866666666666667,25.076666666666668,41.46,68.41333333333334,21.14446736146361,-10.318912079181306,41.46,54.49,9.263940520446097,0.0,11.710227272727273,8.261627906976743,104.0,0.014423076923076924,0.9122807017543859,106.0,1.0,False,True,False,False,False,True,False,True,False,False,False,False,False,False,False,False,True,False,False,False,False,False,False,False,False,False,False,False,True,True,False,False
E00813,N,43,356,1,32.06023271731691,0.022666857679512282,0.0,0.0,0.0,0.0,1.0,1,355.0,4350,0.0,0.0,0.0,0.0,0.0,0.0,0.0,0.0,0.0,0.0,0.0,0.0,0.0,0.0,0.0,0.0,0.0,0.0,0.0,0.0,0.0,0.0,0.0,0.0,False,False,False,False,False,True,False,False,False,False,False,False,False,False,False,False,True,False,False,False,False,False,False,False,False,False,False,False,True,False,False,True
E00814,Y,26,384,0,25.61806981519507,0.04043595008687411,736.0,2.0,0.0,368.0,0.0,1,384.0,384,0.0,0.0,0.0,0.0,0.0,0.0,61491194.0,11.905,18.3,53.28,55.065,2.5243712088359724,-7.1596153846135,53.28,55.065,12.13888888888889,0.0,12.132183908045977,12.13888888888889,32.0,0.03125,0.8888888888888888,0.0,0.0,True,True,False,False,False,True,False,False,False,True,False,False,False,False,False,False,False,True,False,True,False,True,False,False,False,False,False,False,False,False,False,True
E00815,Y,31,606,0,29.713894592744694,0.05352056700006624,0.0,0.0,0.0,0.0,0.0,1,606.0,606,0.0,0.0,0.0,0.0,0.0,0.0,49727179.0,-3.425,25.86,70.4,70.57333333333334,6.9216279395336855,6.679179635507229,70.4,70.57333333333334,4.754208754208754,0.0,4.1807909604519775,4.754208754208754,32.0,0.0,0.9142857142857143,0.0,0.0,False,False,False,False,False,True,False,False,False,False,False,False,False,True,False,False,False,True,False,True,False,False,False,False,False,False,False,False,True,False,True,False
E00816,Y,32,1022,0,29.935660506502394,0.08744010951403149,0.0,0.0,0.0,0.0,0.0,1,1022.0,1022,0.0,0.0,0.0,0.0,0.0,0.0,59604071.0,4.506666666666667,21.95,51.96,59.251999999999995,8.606245987653384,2.218748331630473,51.96,62.31,9.711764705882352,0.0,10.803370786516854,9.651474530831099,61.0,0.01639344262295082,1.0,0.0,0.0,True,False,False,False,False,True,False,False,False,False,False,False,False,True,False,False,False,True,False,True,False,False,False,False,False,False,False,False,True,False,False,True
E00817,Y,41,461,0,40.388774811772755,0.03078412714311948,2234.0,3.0,0.0,744.6666666666666,0.0,1,461.0,461,0.0,0.0,0.0,0.0,0.0,0.0,63954940.0,15.92,16.14,37.4,33.89,4.963889603929562,14.07857142856773,37.4,33.89,11.089285714285714,0.0,13.005405405405405,11.089285714285714,35.0,0.0,1.0,0.0,0.0,True,False,False,False,False,True,False,False,False,True,False,False,False,False,False,False,False,True,False,True,False,False,False,False,True,False,False,False,False,False,True,False
E00818,Y,27,517,0,25.60438056125941,0.052424772479529494,218.0,2.0,0.5,109.0,0.0,1,517.0,517,0.0,0.0,0.0,0.0,0.0,0.0,50629702.0,7.625,18.615000000000002,65.26,68.755,4.9426764004939585,-14.018406593402904,65.26,68.755,9.65,0.0,9.443298969072165,9.65,39.0,0.0,0.8666666666666667,0.0,0.0,True,True,False,False,False,True,False,False,False,True,False,False,False,False,False,False,False,True,False,True,False,False,False,False,False,False,False,False,True,False,False,True
E00819,N,40,5342,1,25.70841889117043,0.3656399726214921,0.0,0.0,0.0,0.0,0.0,4,816.7142857142857,3543,2.0,1406.0,712.0,0.13674653687757393,0.0,0.0,78082781.0,4.026666666666666,22.265,38.98,70.86111111111111,13.685872683578172,-5.322030115525746,38.98,58.199999999999996,29.78433268858801,0.0,30.253623188405797,30.01552795031056,109.5,0.0639269406392694,0.8975409836065574,0.0,0.0,False,False,False,False,False,True,False,False,False,False,True,False,False,False,False,False,False,True,False,True,False,False,False,False,False,False,False,True,False,False,True,False
E00820,N,39,1357,1,31.23340177960301,0.09526316713175029,0.0,0.0,0.0,0.0,0.0,3,451.3333333333333,1807,0.0,0.0,0.0,0.0,0.0,0.0,33470968.0,-7.5,7.585,47.88,48.8,1.3010764773832424,-3.669945355192004,0.0,0.0,-19.178461538461537,0.0,0.0,0.0,32.5,0.13846153846153847,0.9027777777777778,0.0,0.0,True,False,False,False,False,True,False,True,False,False,False,False,False,False,False,False,False,True,False,True,False,False,False,False,False,False,False,True,False,False,True,False
E00821,Y,30,1944,0,25.519507186858316,0.17741273100616017,26.0,1.0,1.0,26.0,0.0,1,1944.0,1944,0.0,0.0,0.0,0.0,1.0,298.0,67156105.0,9.004999999999999,22.596666666666664,59.12,62.17111111111111,10.466620090129913,-2.699815667090305,59.12,57.17666666666667,11.438297872340426,0.0,11.317365269461078,11.720116618075801,112.5,0.02666666666666667,0.907258064516129,138.0,1.0,False,True,False,False,False,True,False,False,False,False,False,False,False,False,True,False,False,True,False,True,False,False,False,False,False,False,False,False,False,False,False,True
E00822,N,44,452,1,37.67556468172484,0.028125194449629767,0.0,0.0,0.0,0.0,0.0,1,451.0,2542,0.0,0.0,0.0,0.0,0.0,0.0,10315114.0,0.0,0.0,0.0,0.0,0.0,0.0,0.0,0.0,87.39473684210526,2.973684210526316,0.0,0.0,15.5,0.06451612903225806,0.96875,0.0,0.0,False,False,False,False,True,False,False,False,False,False,False,False,False,True,False,False,False,True,False,True,False,False,False,False,False,False,False,False,True,False,True,False
E00823,N,27,1471,1,21.522245037645447,0.14916216695819706,268.0,2.0,0.0,134.0,0.0,2,735.0,1442,0.0,0.0,0.0,0.0,0.0,0.0,25471113.0,3.2599999999999993,22.684,95.26,80.41285714285713,10.486010862550344,6.608482149413884,0.0,95.26,-75.70666666666666,0.0,0.0,-44.148936170212764,88.0,0.09090909090909091,1.0,198.0,1.0,True,False,False,False,False,False,True,False,False,False,False,False,False,False,False,False,False,False,False,True,True,False,False,False,False,False,False,False,False,False,False,True
E00824,N,41,2165,1,34.614647501711154,0.14457187693026827,2655.0,3.0,0.0,885.0,0.0,4,432.0,530,2.0,368.5,530.0,0.33741339491916855,0.0,0.0,44900675.0,6.096000000000001,22.992,76.58,85.90625,8.223459365046526,1.1422922882832476,0.0,82.58,10.507821901323707,0.0,0.0,8.463157894736842,100.5,0.03980099502487562,0.8973214285714286,304.0,2.0,False,True,False,False,False,True,False,False,False,False,False,False,True,False,False,False,True,False,False,True,False,False,False,False,False,False,False,False,False,True,False,False
E00825,Y,27,332,0,26.138261464750173,0.033665424493624356,930.0,2.0,0.0,465.0,0.0,1,332.0,332,0.0,0.0,0.0,0.0,0.0,0.0,56423658.0,0.0,17.3,66.5,66.5,0.0,0.0,66.5,66.5,8.306878306878307,0.0,8.306878306878307,8.306878306878307,15.0,0.0,1.0,0.0,0.0,False,True,False,True,False,False,False,False,False,False,False,False,True,False,False,False,True,False,False,True,False,False,False,False,True,False,False,False,False,False,False,True
E00826,Y,43,1130,0,40.889801505817935,0.07194817184789011,0.0,0.0,0.0,0.0,0.0,2,385.0,438,0.0,0.0,0.0,0.0,0.0,0.0,64235856.0,26.835,24.5925,68.64,75.64333333333333,14.42827455611608,1.8836410177903034,68.64,76.66666666666667,19.464412811387902,0.0,32.15217391304348,22.94429708222812,68.0,0.014705882352941176,0.9444444444444444,0.0,0.0,False,False,False,False,False,True,False,False,False,False,True,False,False,False,False,False,False,True,False,True,False,False,False,False,False,False,False,True,False,False,True,False
E00827,N,28,2625,1,18.064339493497606,0.25667351129363447,79.0,1.0,1.0,79.0,0.0,3,874.0,2448,1.0,57.0,1077.0,0.13914285714285715,1.0,110.0,10153073.0,0.79,14.935,47.66,46.001999999999995,4.925111166258077,0.5425726619726066,0.0,0.0,28.112456747404845,0.8114186851211073,0.0,0.0,65.0,0.007692307692307693,0.8904109589041096,323.0,1.0,True,True,False,False,False,False,True,False,False,False,False,False,False,False,False,False,False,False,False,True,False,False,False,False,False,False,True,False,False,False,False,True
E00828,N,27,1150,1,19.586584531143053,0.11661216315562653,443.0,2.0,0.0,221.5,0.0,2,574.5,2357,0.0,0.0,0.0,0.0,0.0,0.0,19976398.0,-5.675,8.755,50.38,50.38,0.0,0.0,0.0,0.0,66.76666666666667,9.775,0.0,0.0,32.0,0.0625,0.8648648648648649,0.0,0.0,False,False,False,False,False,False,True,False,False,False,False,False,False,False,False,False,False,False,False,True,False,False,False,False,False,False,False,False,True,False,False,True
E00829,Y,35,1822,0,30.21492128678987,0.14252468954727682,0.0,0.0,0.0,0.0,0.0,3,606.6666666666666,712,0.0,0.0,0.0,0.0,0.0,0.0,65447974.0,1.8780000000000001,20.38,11.56,38.806666666666665,30.602750284900868,-19.175125198722068,11.56,13.68,24.053571428571427,0.0,32.616216216216216,32.00550964187328,96.0,0.03125,0.9320388349514563,0.0,0.0,True,True,False,True,False,False,False,False,False,True,False,False,False,False,False,True,False,False,False,True,False,False,False,False,False,False,False,True,False,False,False,True
E00830,N,26,3068,1,17.856262833675565,0.32306639288158795,623.0,2.0,0.5,311.5,0.0,1,3067.0,3218,1.0,746.0,896.0,0.1190514993481095,0.0,0.0,33672048.0,2.735,18.021666666666665,53.45,50.86888888888889,21.08800811150999,6.109168191325386,53.45,52.419999999999995,16.569387755102042,0.0,-43.91836734693877,-18.043478260869566,107.5,0.22325581395348837,0.8884297520661157,437.0,2.0,True,True,False,False,False,False,True,False,False,False,False,False,False,False,False,False,False,False,False,True,False,False,False,False,False,False,False,False,True,False,False,True
E00831,N,42,299,1,40.76386036960986,0.019490890127440437,0.0,0.0,0.0,0.0,0.0,1,298.0,759,0.0,0.0,0.0,0.0,0.0,0.0,36226086.0,23.99,6.985,41.6,49.553333333333335,7.438933615333137,-9.095081967212469,0.0,48.97,86.97931034482758,3.075862068965517,0.0,87.05797101449275,47.0,0.0425531914893617,1.0,0.0,0.0,True,False,False,True,False,False,False,True,False,False,False,False,False,False,False,False,False,True,False,True,False,False,False,False,False,False,False,False,True,False,False,True
E00832,Y,33,694,0,31.222450376454482,0.05757783170514177,0.0,0.0,0.0,0.0,0.0,2,346.5,256,0.0,0.0,0.0,0.0,0.0,0.0,50718957.0,-4.625,21.99,23.95,51.18333333333333,23.647393795793505,-39.08788393596052,23.95,51.18333333333333,26.42982456140351,0.0,22.65909090909091,26.42982456140351,34.0,0.029411764705882353,0.8717948717948718,0.0,0.0,False,True,False,True,False,False,False,False,False,False,False,False,False,False,True,False,False,True,False,True,False,True,False,False,False,False,False,False,False,False,False,True
E00833,N,39,2259,1,33.25941136208077,0.1585847417469594,2152.0,3.0,0.3333333333333333,717.3333333333334,0.0,3,752.3333333333334,1077,0.0,0.0,0.0,0.0,0.0,0.0,43667745.0,3.095000000000001,22.22666666666667,72.24,73.56,9.36128730463925,-2.1179407559055226,72.24,72.68666666666667,1.0249759846301634,0.0,-46.20161290322581,-23.66996699669967,110.0,0.22272727272727272,0.8661417322834646,0.0,0.0,False,False,False,False,False,True,False,False,False,False,False,False,False,True,False,False,False,True,False,True,False,False,True,False,False,False,False,False,False,False,True,False
E00834,N,37,1197,1,33.3305954825462,0.08857317276208447,0.0,0.0,0.0,0.0,0.0,1,1196.0,1471,0.0,0.0,0.0,0.0,0.0,0.0,10390323.0,-5.035,20.225,46.5,62.213750000000005,16.337629603814275,-8.961919826191219,46.5,50.406666666666666,-4.725925925925926,0.0,-48.5,-33.678048780487806,99.0,0.1414141414141414,0.908256880733945,0.0,0.0,True,False,False,False,False,True,False,False,False,True,False,False,False,False,False,False,True,False,False,True,False,False,True,False,False,False,False,False,False,False,False,True
E00835,N,37,742,1,28.041067761806982,0.0549050076770816,0.0,0.0,0.0,0.0,0.0,2,370.0,2630,0.0,0.0,0.0,0.0,0.0,0.0,0.0,0.0,0.0,0.0,0.0,0.0,0.0,0.0,0.0,0.0,0.0,0.0,0.0,0.0,0.0,0.0,0.0,0.0,True,True,False,False,False,True,False,False,False,False,False,True,False,False,False,False,True,False,False,True,False,False,False,False,False,False,False,False,True,False,False,True
E00836,N,28,3115,1,16.262833675564682,0.30458590006844627,0.0,0.0,0.0,0.0,0.0,3,1037.3333333333333,2357,1.0,621.0,1807.0,0.11725521669341894,0.0,0.0,57667068.0,8.216666666666667,18.19333333333333,91.0,84.125,6.872289768822811,1.5481969120743881,0.0,0.0,31.175403225806452,0.5866935483870968,0.0,0.0,45.0,0.0,0.9,0.0,0.0,True,True,False,False,False,False,True,False,False,False,False,False,False,False,False,False,False,False,False,True,False,False,False,False,False,False,True,False,False,False,False,True
E00837,Y,39,2859,0,31.890485968514717,0.20070552308745326,2189.0,2.0,0.5,1094.5,0.0,3,952.3333333333334,1626,1.0,1261.0,1261.0,0.12775445960125917,0.0,0.0,138746410.0,9.803333333333333,28.06,100.0,91.0,6.509692773088444,3.0979141391374734,100.0,98.08666666666666,12.38060384263495,0.2232387923147301,6.675257731958763,9.222811671087532,109.0,0.013761467889908258,0.9159663865546218,0.0,0.0,False,True,False,False,False,True,False,False,False,False,False,True,False,False,False,False,True,False,False,True,False,False,False,False,False,False,False,False,True,False,True,False
E00838,N,40,2707,1,32.67624914442163,0.18528405201916495,1451.0,3.0,0.0,483.6666666666667,1.0,3,1297.3333333333333,1717,1.0,1153.0,1261.0,0.13492796453638714,1.0,170.5,55677296.0,3.731666666666667,20.603333333333335,63.28,64.69222222222223,18.348869023578654,-6.867605634427435,63.28,48.81,29.07312440645774,0.0,25.290076335877863,27.80817610062893,104.5,0.019138755980861243,0.908695652173913,141.0,1.0,True,True,False,False,False,True,False,False,False,False,False,False,False,False,False,False,False,True,False,True,False,False,False,False,False,False,False,True,False,False,True,False
E00839,N,39,3130,1,26.362765229295004,0.21973007599290967,0.0,0.0,0.0,0.0,0.0,2,1564.0,4364,1.0,881.0,2538.0,0.11669329073482428,0.0,0.0,18947578.0,-9.245,6.755,39.7,39.7,0.0,0.0,0.0,0.0,12.012295081967213,0.0,0.0,0.0,36.0,0.027777777777777776,0.8780487804878049,0.0,0.0,True,False,False,False,False,True,False,False,True,False,False,False,False,False,False,False,False,True,False,True,False,False,False,False,False,False,False,False,True,False,False,True
E00840,N,36,3022,1,24.00273785078713,0.22982736329758918,0.0,0.0,0.0,0.0,0.0,1,3021.0,4413,1.0,416.0,1807.0,0.12086366644606221,0.0,0.0,9319068.0,2.4499999999999993,15.023333333333333,42.1,54.69333333333333,11.072133188023582,-16.95747355357754,0.0,0.0,10.567039106145252,0.0,0.0,0.0,62.5,0.0,0.8680555555555556,0.0,0.0,True,True,False,False,False,True,False,False,False,False,False,False,False,True,False,False,False,True,False,True,False,False,False,False,False,False,False,False,True,False,False,True
E00841,N,38,1233,1,34.49965776865161,0.08883605317194423,0.0,0.0,0.0,0.0,0.0,2,615.5,712,0.0,0.0,0.0,0.0,0.0,0.0,23831596.0,1.9325,18.3825,55.62,58.951428571428565,6.393860150100847,-4.165462801418313,55.62,55.839999999999996,33.846635367762126,0.5618153364632238,78.49367088607595,58.19557195571956,78.0,0.02564102564102564,1.0,0.0,0.0,True,True,False,False,False,True,False,False,False,True,False,False,False,False,False,False,False,True,False,True,False,False,False,False,False,False,False,False,True,False,True,False
E00842,Y,30,2561,0,23.277207392197127,0.23372119552817705,0.0,0.0,0.0,0.0,0.0,1,2561.0,2561,1.0,712.0,712.0,0.14262007028504492,0.0,0.0,66103610.0,8.45,26.228333333333335,64.72,75.01111111111112,13.677745103309649,-5.206464963008321,64.72,63.423333333333325,-47.918123275069,0.0,10.53804347826087,10.88739946380697,127.0,0.0,1.0,0.0,0.0,True,False,False,False,True,False,False,True,False,False,False,False,False,False,False,False,False,False,True,True,False,False,False,False,True,False,False,False,False,False,False,True
E00843,N,44,1368,1,39.68240930869268,0.08512226992719805,0.0,0.0,0.0,0.0,0.0,1,1139.5,1442,0.0,0.0,0.0,0.0,0.0,0.0,9283871.0,-3.12,22.942,51.49,62.730000000000004,13.426201063592035,-8.057981571981715,51.49,53.873333333333335,-27.922852983988356,0.0,-43.75757575757576,-32.9953488372093,99.0,0.21212121212121213,1.0,0.0,0.0,False,True,False,False,False,True,False,True,False,False,False,False,False,False,False,False,True,False,False,False,False,False,False,False,False,False,False,False,True,False,True,False
E00844,Y,39,5240,0,25.456536618754278,0.36785482370697975,0.0,0.0,0.0,0.0,0.0,5,1047.2,3178,4.0,1045.0,165.0,0.27881679389312974,0.0,0.0,162723454.0,8.27,26.19666666666667,95.68,78.58444444444444,12.749889324138381,4.128043881307422,95.68,87.48666666666668,-50.82283105022831,0.0,7.502857142857143,9.723032069970845,126.0,0.023809523809523808,1.0,0.0,0.0,True,False,False,False,False,True,False,False,False,False,False,True,False,False,False,True,False,False,False,True,False,False,False,False,False,False,False,False,True,True,False,False
E00845,N,30,667,1,17.319644079397673,0.060871549167237055,0.0,0.0,0.0,0.0,0.0,1,667.0,4969,0.0,0.0,0.0,0.0,0.0,0.0,0.0,0.0,0.0,0.0,0.0,0.0,0.0,0.0,0.0,0.0,0.0,0.0,0.0,0.0,0.0,0.0,0.0,0.0,True,False,False,False,False,False,True,False,False,False,False,False,False,False,False,False,False,False,False,True,False,False,False,False,False,False,True,False,False,False,False,True
E00846,Y,43,1854,0,38.02874743326489,0.11804593858937014,1447.0,1.0,0.0,1447.0,0.0,4,384.2,73,0.0,0.0,0.0,0.0,0.0,0.0,67732986.0,7.553333333333334,23.349999999999998,55.34,59.18222222222222,28.510123543128405,14.571425998168806,55.34,79.84666666666668,-32.894450489662674,0.0,10.25,10.027173913043478,101.5,0.0,0.9144144144144144,201.0,2.0,False,False,False,False,False,True,False,False,False,False,False,False,False,True,False,True,False,False,False,True,False,False,False,False,False,False,False,False,True,False,True,False
E00847,N,40,4262,1,28.75564681724846,0.2917180013689254,0.0,0.0,0.0,0.0,0.0,4,898.0,2448,2.0,1520.0,1442.0,0.17139840450492727,0.0,0.0,71480028.0,5.6450000000000005,24.38,52.88,83.03,15.057048183492007,-0.18509096883828316,52.88,83.61333333333333,24.203557312252965,0.3685770750988142,87.05333333333333,54.0404984423676,117.5,0.01702127659574468,0.8768656716417911,0.0,0.0,True,True,False,False,False,True,False,False,True,False,False,False,False,False,False,False,True,False,False,True,False,False,False,False,False,False,False,False,True,False,True,False
E00848,Y,39,1338,0,35.37303216974675,0.09392934238930133,0.0,0.0,0.0,0.0,1.0,2,668.5,530,0.0,0.0,0.0,0.0,0.0,0.0,57037517.0,3.6425,23.8325,83.62,63.76571428571429,15.036070915349812,-3.929818711098596,83.62,58.800000000000004,26.29179331306991,0.6458966565349544,9.046511627906977,14.983333333333333,66.5,0.03007518796992481,0.95,0.0,0.0,True,False,False,True,False,False,False,False,False,False,False,False,False,False,False,False,False,True,False,True,False,False,False,False,False,False,False,False,True,False,True,False
E00849,N,35,1060,1,25.593429158110883,0.08291776669600079,0.0,0.0,0.0,0.0,0.0,2,529.0,3178,0.0,0.0,0.0,0.0,0.0,0.0,0.0,0.0,0.0,0.0,0.0,0.0,0.0,0.0,0.0,0.0,0.0,0.0,0.0,0.0,0.0,0.0,0.0,0.0,False,False,False,True,False,False,False,True,False,False,False,False,False,False,False,False,False,True,False,True,False,False,False,True,False,False,False,False,False,False,False,True
E00850,Y,40,2108,0,34.42573579739904,0.14428473648186174,4231.0,3.0,0.6666666666666666,1410.3333333333333,1.0,3,702.0,621,1.0,530.0,530.0,0.1732685009487666,0.0,0.0,114045443.0,8.911666666666667,24.439999999999998,84.64,71.87111111111112,19.07146850955928,4.771184426720651,84.64,91.64,14.213221601489758,0.2169459962756052,36.45303867403315,28.808108108108108,95.5,0.015706806282722512,0.8925233644859814,113.0,1.0,True,False,False,False,False,True,False,False,False,False,False,False,False,False,False,False,False,True,False,True,False,False,False,False,False,False,True,False,False,True,False,False
E00851,N,41,3112,1,28.8186173853525,0.20780955242817314,0.0,0.0,0.0,0.0,0.0,2,1066.6666666666667,3909,1.0,593.0,2173.0,0.11736825192802056,0.0,0.0,47100835.0,-5.965,7.98,48.6,44.35,6.010407640085654,16.953551912571783,0.0,0.0,66.45733788395904,0.9215017064846417,0.0,0.0,33.0,0.0,0.9166666666666666,0.0,0.0,False,False,False,True,False,False,False,False,False,True,False,False,False,False,False,True,False,False,False,True,False,False,False,False,False,False,False,False,True,False,True,False
E00852,Y,38,3208,0,30.21218343600274,0.23113224539788899,0.0,0.0,0.0,0.0,0.0,3,1068.6666666666667,1807,2.0,1178.0,712.0,0.22771197007481297,0.0,0.0,80942817.0,10.488333333333333,24.868333333333336,92.44,75.55777777777777,20.250667753050624,11.696881819331509,92.44,96.29333333333334,-22.265917602996254,0.0,11.392045454545455,11.164772727272727,121.0,0.02066115702479339,0.9166666666666666,0.0,0.0,False,False,False,True,False,False,False,False,False,False,True,False,False,False,False,False,True,False,False,True,False,False,False,False,False,False,False,False,True,False,True,False
E00853,N,41,942,1,32.106776180698155,0.06290379125557169,3666.0,3.0,0.3333333333333333,1222.0,1.0,1,941.0,3494,0.0,0.0,0.0,0.0,0.0,0.0,0.0,0.0,0.0,0.0,0.0,0.0,0.0,0.0,0.0,0.0,0.0,0.0,0.0,0.0,0.0,0.0,0.0,0.0,True,False,False,True,False,False,False,False,False,False,False,False,False,False,False,False,False,True,False,True,False,False,False,False,False,False,False,False,True,True,False,False
E00854,Y,38,5032,0,24.438056125941138,0.3625490831802298,0.0,0.0,0.0,0.0,0.0,1,2652.0,4729,4.0,1045.0,346.0,0.29034181240063595,0.0,0.0,171686773.0,11.49,26.05333333333333,78.77,79.80777777777777,15.09356052906154,-4.511758099934862,78.77,78.85333333333334,11.444444444444445,0.0,15.865497076023392,15.165714285714285,121.5,0.0205761316872428,0.9204545454545454,0.0,0.0,False,False,False,False,False,True,False,False,False,False,False,False,False,True,False,False,False,True,False,False,False,False,False,False,False,False,False,False,True,True,False,False
E00855,N,35,1087,1,31.71526351813826,0.08502982301750268,0.0,0.0,0.0,0.0,0.0,3,361.6666666666667,256,0.0,0.0,0.0,0.0,0.0,0.0,25925807.0,7.1375,15.1,75.52,51.18833333333333,17.13497991439344,-0.596362516787051,75.52,48.97666666666667,-7.925233644859813,0.0,-43.851851851851855,-23.83617747440273,65.5,0.10687022900763359,0.9225352112676056,0.0,0.0,False,True,False,False,True,False,False,True,False,False,False,False,False,False,False,False,False,False,True,True,False,False,False,False,False,False,False,False,False,False,True,False
E00856,N,45,1692,1,37.86447638603696,0.10294318959616701,0.0,0.0,0.0,0.0,0.0,3,422.0,1381,1.0,1.0,1261.0,0.21586879432624112,0.0,0.0,24758960.0,1.4899999999999995,14.493333333333334,55.0,54.345,3.989565556966488,-1.6947101023304179,0.0,0.0,7.087606837606837,0.0,0.0,0.0,53.0,0.03773584905660377,0.9298245614035088,0.0,0.0,True,False,False,False,False,True,False,False,False,False,False,False,False,True,False,False,False,True,False,True,False,False,False,False,False,False,False,False,True,False,True,False
E00857,N,31,1475,1,20.45448323066393,0.1302687068070919,0.0,0.0,0.0,0.0,0.0,2,736.5,3452,1.0,556.0,3087.0,0.24762711864406778,0.0,0.0,0.0,0.0,0.0,0.0,0.0,0.0,0.0,0.0,0.0,0.0,0.0,0.0,0.0,0.0,0.0,0.0,0.0,0.0,True,False,False,False,False,False,True,False,False,False,False,False,False,False,False,False,False,False,False,True,False,False,False,True,False,False,False,False,False,False,False,True
E00858,N,32,1443,1,23.89869952087611,0.1234599589322382,0.0,0.0,0.0,0.0,0.0,1,1442.0,3060,0.0,0.0,0.0,0.0,0.0,0.0,23802567.0,-7.86,8.34,47.72,49.72,2.8284271247461903,-7.978142076504391,0.0,0.0,10.095238095238095,0.0,0.0,0.0,36.5,0.0273972602739726,0.9125,0.0,0.0,True,False,False,False,True,False,False,False,False,False,False,True,False,False,False,False,False,False,True,True,False,False,False,False,False,False,False,False,True,False,False,True
E00859,Y,33,986,0,31.290896646132786,0.08180366291249248,0.0,0.0,0.0,0.0,0.0,2,492.5,438,0.0,0.0,0.0,0.0,0.0,0.0,64192532.0,10.420000000000002,19.09,38.14,36.815999999999995,4.123679182477704,0.9380367657534846,38.14,36.36333333333334,10.95945945945946,0.0,12.463157894736842,9.778666666666666,65.0,0.015384615384615385,1.0,0.0,0.0,False,True,False,False,True,False,False,False,False,True,False,False,False,False,False,False,False,False,True,True,False,False,False,False,False,False,False,False,True,False,False,True
E00860,N,31,1027,1,26.819986310746064,0.09070234704466672,190.0,1.0,0.0,190.0,0.0,2,512.5,1169,0.0,0.0,0.0,0.0,1.0,371.0,46056779.0,-7.1866666666666665,17.919999999999998,64.08,63.74166666666667,5.665207557245071,0.37228048980136114,0.0,0.0,29.41832669322709,0.0,0.0,0.0,68.0,0.11764705882352941,0.9066666666666666,210.0,1.0,True,False,False,False,False,True,False,False,False,False,True,False,False,False,False,True,False,False,False,True,False,False,False,False,False,False,False,False,True,False,False,True
E00861,Y,41,3272,0,32.9719370294319,0.21849384818283502,0.0,0.0,0.0,0.0,0.0,2,1090.0,2722,1.0,1442.0,1442.0,0.11162897310513446,0.0,0.0,98617534.0,8.495,28.266666666666666,86.75,87.14666666666668,10.854449548457074,-3.621519198488165,86.75,75.96333333333332,11.377578475336323,0.0,6.641711229946524,8.74736842105263,99.5,0.035175879396984924,0.8728070175438597,0.0,0.0,True,False,False,False,True,False,False,False,False,True,False,False,False,False,False,False,False,False,True,True,False,False,False,True,False,False,False,False,False,False,True,False
E00862,Y,42,650,0,41.002053388090346,0.04237150027704442,0.0,0.0,0.0,0.0,0.0,1,650.0,650,0.0,0.0,0.0,0.0,0.0,0.0,58863499.0,1.165,21.64,38.24,37.830000000000005,2.500339976883146,-1.8673377936140594,38.24,37.830000000000005,10.634615384615385,0.0,8.31360946745562,10.634615384615385,28.5,0.0,0.8382352941176471,0.0,0.0,True,False,False,False,False,True,False,False,False,True,False,False,False,False,False,False,False,True,False,True,False,False,False,False,False,False,False,False,True,False,True,False
E00863,Y,25,1739,0,20.692676249144423,0.19044490075290896,0.0,0.0,0.0,0.0,0.0,3,579.0,804,0.0,0.0,0.0,0.0,0.0,0.0,63364177.0,2.48,27.448,50.48,71.04,15.60423339994631,-8.682302541886642,50.48,55.6,10.621052631578948,0.0,10.202185792349727,9.983193277310924,99.5,0.020100502512562814,0.9299065420560748,0.0,0.0,True,False,False,False,False,False,True,False,False,False,False,False,False,False,False,False,False,False,False,True,False,False,False,False,False,False,False,False,True,False,True,False
E00864,N,33,3276,1,22.425735797399042,0.2717939145043868,0.0,0.0,0.0,0.0,0.0,1,3275.0,4062,1.0,1571.0,2357.0,0.11149267399267399,0.0,0.0,57239889.0,-1.375,16.645,53.0,54.39000000000001,8.146800599008184,-5.265906949267734,0.0,0.0,11.218571428571428,0.0,0.0,0.0,76.5,0.013071895424836602,0.9107142857142857,0.0,0.0,False,False,False,False,False,True,False,False,False,True,False,False,False,False,False,False,True,False,False,True,False,False,False,False,False,False,False,False,True,False,False,True
E00865,N,45,2004,1,37.256673511293634,0.12192562172028291,0.0,0.0,0.0,0.0,0.0,2,1001.0,2538,1.0,1070.0,2173.0,0.18226047904191617,0.0,0.0,46210566.0,-3.6300000000000003,13.596666666666666,49.0,40.375,10.92477764838565,-2.125141859714609,0.0,0.0,8.36,0.0,0.0,0.0,44.0,0.0,0.9166666666666666,0.0,0.0,True,False,False,False,False,True,False,False,False,False,False,False,False,True,False,False,False,True,False,True,False,True,False,False,False,False,False,False,False,False,True,False
E00866,N,34,2504,1,25.31690622861054,0.20163465796996416,843.0,2.0,0.0,421.5,0.0,2,1251.5,2903,1.0,395.0,1261.0,0.14586661341853036,0.0,0.0,47111521.0,4.22,19.419999999999998,52.55,70.51833333333333,18.32702967386332,-16.087034486957585,0.0,0.0,29.738724727838257,0.9222395023328149,0.0,0.0,62.0,0.0,0.8732394366197183,317.0,1.0,True,False,False,True,False,False,False,True,False,False,False,False,False,False,False,False,True,False,False,True,False,False,False,False,False,False,False,False,True,False,False,True
E00867,N,31,84,1,17.127994524298426,0.007418692455454726,116.0,1.0,1.0,116.0,0.0,1,83.0,5103,0.0,0.0,0.0,0.0,0.0,0.0,0.0,0.0,0.0,0.0,0.0,0.0,0.0,0.0,0.0,0.0,0.0,0.0,0.0,0.0,0.0,0.0,0.0,0.0,False,False,False,False,False,False,True,False,False,False,False,False,False,False,False,False,False,False,False,False,False,False,False,False,False,False,False,False,True,False,False,True
E00868,N,45,4141,1,34.38740588637919,0.25194311354475624,2601.0,2.0,0.0,1300.5,0.0,1,3883.0,3999,1.0,1551.0,1626.0,0.0882033325283748,0.0,0.0,94374690.0,10.003333333333332,23.334999999999997,54.7,77.93666666666667,15.619979993585146,-10.540847767631965,54.7,63.48333333333333,25.98709677419355,0.31981566820276497,93.0625,58.44117647058823,111.5,0.03587443946188341,0.9139344262295082,319.0,2.0,True,False,False,False,True,False,False,False,False,False,False,False,False,False,True,False,False,False,True,False,False,False,False,False,False,False,False,False,True,True,False,False
E00869,Y,45,2329,0,38.63655030800821,0.14169898851623697,2317.0,3.0,0.0,772.3333333333334,0.0,4,387.3333333333333,165,1.0,530.0,530.0,0.15682696436238727,0.0,0.0,107355447.0,10.241666666666667,25.643333333333334,80.4,75.20333333333333,14.540361068419177,2.4738071247452473,80.4,89.00333333333333,0.9141323792486583,0.11001788908765653,11.885057471264368,7.495934959349594,104.0,0.009615384615384616,0.9629629629629629,0.0,0.0,False,False,False,False,False,True,False,False,False,False,False,False,False,True,False,False,True,False,False,False,False,False,False,False,False,False,False,False,True,True,False,False
E00870,Y,31,2436,0,24.659822039698838,0.21514208120818706,0.0,0.0,0.0,0.0,0.0,2,1217.5,1807,1.0,896.0,896.0,0.1499384236453202,0.0,0.0,88035941.0,7.8183333333333325,26.351666666666663,100.0,82.27888888888889,19.797051828772666,12.453796450282356,100.0,99.52,28.0753488372093,0.0,27.613259668508288,25.11764705882353,110.5,0.05429864253393665,0.876984126984127,0.0,0.0,True,True,False,False,True,False,False,False,False,True,False,False,False,False,False,False,False,False,True,True,False,False,False,False,False,False,False,False,True,False,True,False
E00871,N,28,3642,1,18.288843258042437,0.3561161630976826,967.0,3.0,0.3333333333333333,322.3333333333333,0.0,4,909.75,1534,1.0,1970.0,1991.0,0.10028830313014826,0.0,0.0,71880148.0,5.635000000000001,22.25,68.85,75.10333333333332,8.495270743184117,-0.6871448729278945,68.85,70.52666666666666,-30.601289134438307,1.550644567219153,87.25294117647059,47.011267605633805,111.5,0.017937219730941704,0.9449152542372882,0.0,0.0,False,False,False,False,False,False,True,False,False,False,False,False,False,False,False,False,False,False,False,True,False,False,False,False,False,False,False,False,True,False,False,True
E00872,N,39,1168,1,25.686516084873375,0.08199512100949473,0.0,0.0,0.0,0.0,0.0,2,388.3333333333333,4456,0.0,0.0,0.0,0.0,0.0,0.0,0.0,0.0,0.0,0.0,0.0,0.0,0.0,0.0,0.0,0.0,0.0,0.0,0.0,0.0,0.0,0.0,0.0,0.0,False,False,False,False,True,False,False,False,False,False,False,False,False,False,True,False,False,False,True,True,False,False,False,False,False,False,False,False,True,False,False,True
E00873,N,25,3633,1,11.917864476386036,0.39786447638603695,291.0,1.0,1.0,291.0,0.0,1,1815.5,5072,1.0,1609.0,3087.0,0.10053674649050372,0.0,0.0,70717655.0,-4.385,6.495,51.3,56.129999999999995,6.83065150626205,-19.267213114758086,0.0,0.0,58.70059880239521,0.6976047904191617,0.0,0.0,42.5,0.058823529411764705,0.9239130434782609,0.0,0.0,False,False,False,False,False,False,True,False,False,False,False,False,False,False,False,False,False,False,False,True,False,False,False,False,False,False,False,False,True,False,False,True
E00874,N,33,708,1,24.88158795345654,0.05873934416028872,54.0,1.0,0.0,54.0,1.0,2,353.0,2630,0.0,0.0,0.0,0.0,0.0,0.0,0.0,0.0,0.0,0.0,0.0,0.0,0.0,0.0,0.0,0.0,0.0,0.0,0.0,0.0,0.0,0.0,0.0,0.0,False,True,False,False,True,False,False,False,False,False,False,False,False,False,False,False,False,True,False,True,False,False,False,False,False,False,False,False,True,False,False,True
E00875,N,45,1914,1,33.37166324435318,0.11644992014601871,0.0,0.0,0.0,0.0,0.0,4,477.75,2995,0.0,0.0,0.0,0.0,0.0,0.0,0.0,0.0,0.0,0.0,0.0,0.0,0.0,0.0,0.0,0.0,0.0,0.0,0.0,0.0,0.0,0.0,0.0,0.0,True,True,False,False,False,True,False,False,False,False,False,True,False,False,False,False,False,True,False,False,False,False,False,False,False,False,False,False,True,False,False,True
E00876,Y,43,191,0,43.03353867214237,0.012161151170749566,0.0,0.0,0.0,0.0,0.0,1,191.0,191,0.0,0.0,0.0,0.0,0.0,0.0,23581547.0,0.0,16.9,55.2,55.2,0.0,0.0,55.2,55.2,40.68539325842696,0.0,40.68539325842696,40.68539325842696,16.0,0.0,0.9411764705882353,0.0,0.0,False,True,False,True,False,False,False,False,False,False,True,False,False,False,False,False,False,True,False,True,False,False,False,False,False,False,False,False,True,False,True,False
E00877,Y,44,468,0,42.76796714579056,0.029120776554041442,2214.0,2.0,0.0,1107.0,0.0,1,468.0,468,0.0,0.0,0.0,0.0,0.0,0.0,64048509.0,2.585,16.99,52.54,58.07,7.820600999923218,-22.180769230763435,52.54,58.07,11.0,0.0,12.396739130434783,11.0,37.0,0.0,1.0,0.0,0.0,False,True,False,False,False,True,False,False,True,False,False,False,False,False,False,True,False,False,False,True,False,False,False,False,False,False,False,False,True,False,True,False
E00878,N,36,661,1,23.301848049281315,0.05026998250817553,0.0,0.0,0.0,0.0,0.0,1,661.0,4678,0.0,0.0,0.0,0.0,0.0,0.0,0.0,0.0,0.0,0.0,0.0,0.0,0.0,0.0,0.0,0.0,0.0,0.0,0.0,0.0,0.0,0.0,0.0,0.0,True,False,False,False,False,True,False,False,False,False,False,False,False,True,False,False,True,False,False,True,False,False,False,False,False,False,False,False,True,False,False,True
E00879,N,36,556,1,34.1492128678987,0.04228458437904023,0.0,0.0,0.0,0.0,0.0,1,555.0,751,0.0,0.0,0.0,0.0,0.0,0.0,21322720.0,-5.663333333333334,24.930000000000003,58.65,74.9725,16.333542940831922,-24.899854326106684,58.65,67.90333333333334,24.214285714285715,0.503968253968254,27.56338028169014,23.76706827309237,53.0,0.0,0.8983050847457628,0.0,0.0,False,False,False,False,True,False,False,False,True,False,False,False,False,False,False,False,False,False,True,True,False,False,False,False,False,False,False,False,True,False,True,False
E00880,N,33,2665,1,23.96167008898015,0.2211021923547591,1955.0,2.0,0.0,977.5,0.0,1,2665.0,3491,1.0,251.0,1077.0,0.1370544090056285,1.0,318.0,70697500.0,0.15000000000000036,16.1325,47.54,51.403333333333336,9.456269172705833,-4.360488550220841,0.0,0.0,9.65288035450517,0.0,0.0,0.0,73.0,0.1917808219178082,0.8902439024390244,333.0,2.0,False,False,False,False,False,True,False,False,False,False,False,False,False,True,False,False,True,False,False,True,False,False,False,False,False,False,False,False,True,False,True,False
E00881,Y,25,524,0,24.205338809034906,0.05738535249828884,0.0,0.0,0.0,0.0,0.0,1,524.0,524,0.0,0.0,0.0,0.0,0.0,0.0,62644946.0,11.075,17.435,47.25,49.905,3.7547370081005687,-10.649175824173012,47.25,49.905,4.4609375,0.0,4.322222222222222,4.4609375,27.0,0.0,0.9,0.0,0.0,True,True,False,True,False,False,False,False,False,True,False,False,False,False,False,True,False,False,False,True,False,False,False,False,False,False,False,False,True,False,False,True
E00882,Y,39,2662,0,32.20807665982204,0.18687586654732447,1305.0,1.0,0.0,1305.0,0.0,1,2662.0,2662,1.0,1077.0,1077.0,0.13720886551465064,0.0,0.0,90743263.0,7.111666666666667,26.563333333333333,57.68,76.10666666666667,21.893743398514562,-7.318925742825465,57.68,61.699999999999996,8.797932330827068,0.0,14.578947368421053,10.54335260115607,102.0,0.00980392156862745,0.918918918918919,0.0,0.0,False,True,False,False,False,True,False,True,False,False,False,False,False,False,False,False,True,False,False,True,False,False,True,False,False,False,False,False,False,False,True,False
E00883,N,27,317,1,24.62422997946612,0.032144396278550966,233.0,1.0,1.0,233.0,0.0,1,316.0,930,0.0,0.0,0.0,0.0,0.0,0.0,16001161.0,-7.365,8.48,56.8,54.376666666666665,2.4101106475291405,4.80683060108931,0.0,56.8,88.43571428571428,2.357142857142857,0.0,87.70833333333333,34.0,0.0,1.0,0.0,0.0,True,False,False,False,False,True,False,False,False,False,False,False,False,True,False,False,False,True,False,True,False,False,False,False,False,False,False,False,True,False,False,True
E00884,N,31,896,1,25.180013689253936,0.07913271952485042,730.0,3.0,0.3333333333333333,243.33333333333334,0.0,2,447.0,1534,0.0,0.0,0.0,0.0,1.0,345.0,14982952.0,1.163333333333334,14.346666666666666,67.04,59.626666666666665,8.112936172147132,6.136240354689975,0.0,0.0,-99.5519801980198,0.594059405940594,0.0,0.0,61.5,0.016260162601626018,0.9761904761904762,244.0,1.0,True,True,False,False,True,False,False,False,False,False,False,False,True,False,False,False,False,True,False,True,False,False,False,True,False,False,False,False,False,False,False,True
E00885,Y,42,475,0,40.87337440109514,0.030963788663994,1623.0,2.0,0.0,811.5,0.0,1,475.0,475,0.0,0.0,0.0,0.0,0.0,0.0,62214352.0,4.535,16.2,35.44,43.995,12.098597026101828,-34.314010989001964,35.44,43.995,5.932735426008969,0.0,5.29608938547486,5.932735426008969,34.5,0.028985507246376812,0.8846153846153846,0.0,0.0,True,False,False,False,False,True,False,False,False,False,False,True,False,False,False,True,False,False,False,True,False,False,True,False,False,False,False,False,False,False,True,False
E00886,N,27,1260,1,15.011635865845312,0.12776637006616473,429.0,1.0,0.0,429.0,0.0,1,1259.0,4699,0.0,0.0,0.0,0.0,0.0,0.0,0.0,0.0,0.0,0.0,0.0,0.0,0.0,0.0,0.0,0.0,0.0,0.0,0.0,0.0,0.0,0.0,0.0,0.0,False,False,False,False,False,False,True,False,False,False,False,False,False,False,False,False,False,False,False,True,False,False,False,False,False,False,False,False,True,False,False,True
E00887,Y,26,1058,0,23.397672826830938,0.11140946664560628,0.0,0.0,0.0,0.0,1.0,3,352.0,73,1.0,165.0,165.0,0.34522684310018903,0.0,0.0,68608541.0,4.666666666666667,27.153333333333332,90.22,86.364,9.061913705172879,-0.0281986887643063,90.22,84.10666666666667,18.847145488029465,0.0,26.464088397790054,24.77479892761394,49.0,0.030612244897959183,0.8305084745762712,0.0,0.0,False,True,False,True,False,False,False,False,False,False,False,False,False,False,False,True,False,False,False,True,False,False,False,False,False,False,False,False,True,False,True,False
E00888,N,41,795,1,33.152635181382614,0.05308759453097611,0.0,0.0,0.0,0.0,1.0,2,396.5,2448,0.0,0.0,0.0,0.0,0.0,0.0,0.0,0.0,0.0,0.0,0.0,0.0,0.0,0.0,0.0,0.0,0.0,0.0,0.0,0.0,0.0,0.0,0.0,0.0,True,False,False,True,False,False,False,False,False,False,False,False,False,False,False,False,False,True,False,True,False,False,False,False,False,False,False,False,True,False,False,True
E00889,N,39,1319,1,26.406570841889117,0.09259551764685235,0.0,0.0,0.0,0.0,1.0,3,328.75,3360,0.0,0.0,0.0,0.0,0.0,0.0,0.0,0.0,0.0,0.0,0.0,0.0,0.0,0.0,0.0,0.0,0.0,0.0,0.0,0.0,0.0,0.0,0.0,0.0,True,False,False,False,False,True,False,False,False,False,False,False,False,False,False,False,True,False,False,True,False,False,False,False,False,False,False,False,True,False,False,True
E00890,N,38,1513,1,28.720054757015742,0.10900969055081235,0.0,0.0,0.0,0.0,1.0,1,1512.0,3664,1.0,206.0,2357.0,0.24140779907468604,0.0,0.0,2060933.0,0.0,0.0,0.0,0.0,0.0,0.0,0.0,0.0,0.0,0.0,0.0,0.0,14.5,0.034482758620689655,0.8529411764705882,0.0,0.0,False,False,False,False,False,True,False,False,False,False,False,False,False,False,False,True,False,False,False,True,False,False,False,False,False,False,False,False,True,False,True,False
E00891,Y,30,3766,0,20.65160848733744,0.3436915354779831,0.0,0.0,0.0,0.0,0.0,4,1397.25,1991,2.0,1360.5,1261.0,0.19397238449283058,0.0,0.0,103437207.0,7.993333333333333,24.439999999999998,78.36,71.08999999999999,11.358650888199707,3.233656147446907,78.36,75.37333333333333,26.594373865698728,0.0,23.585227272727273,22.70967741935484,108.0,0.0787037037037037,0.9152542372881356,0.0,0.0,True,False,False,False,False,False,True,False,False,False,False,False,False,False,False,False,False,False,False,True,False,False,False,False,False,False,False,False,True,False,True,False
E00892,Y,41,3377,0,32.20807665982204,0.22550541727183185,0.0,0.0,0.0,0.0,1.0,1,1688.0,3243,2.0,1268.5,530.0,0.2163162570328694,0.0,0.0,118183860.0,10.266666666666667,23.304999999999996,94.04,67.34333333333333,18.8855341465366,10.111734458471906,94.04,91.61333333333334,33.66171003717472,1.229553903345725,36.01764705882353,29.01159420289855,104.5,0.07177033492822966,0.9247787610619469,0.0,0.0,True,False,False,False,True,False,False,False,False,False,False,False,False,False,False,False,False,False,True,True,False,False,False,False,False,False,True,False,False,True,False,False
E00893,Y,37,1586,0,33.64271047227926,0.11735760401058143,608.0,2.0,0.5,304.0,0.0,3,528.0,530,1.0,530.0,530.0,0.23029634300126103,0.0,0.0,71814196.0,12.136,23.692,59.95,71.26,16.518744331386515,5.927111110317551,59.95,84.56333333333333,8.35923566878981,0.7286624203821656,35.65405405405406,31.336043360433603,89.5,0.0111731843575419,0.9226804123711341,305.0,1.0,True,False,False,False,True,False,False,False,False,False,False,False,False,True,False,False,False,False,True,True,False,False,False,False,False,False,False,False,True,False,True,False
E00894,N,45,2495,1,35.57015742642026,0.15179861586432428,3376.0,3.0,0.6666666666666666,1125.3333333333333,0.0,2,857.6666666666666,2538,0.0,0.0,0.0,0.0,0.0,0.0,86796245.0,-4.38,14.920000000000002,40.0,48.61,6.126586869266334,-4.9117824537832,0.0,0.0,-10.910071942446043,0.0,0.0,0.0,53.5,0.16822429906542055,0.9067796610169492,723.0,2.0,True,False,False,False,False,True,False,False,False,True,False,False,False,False,False,False,True,False,False,False,False,False,False,False,False,False,False,False,True,False,True,False
E00895,Y,31,1558,0,27.690622861054074,0.1375990814952198,1583.0,3.0,0.6666666666666666,527.6666666666666,0.0,3,518.6666666666666,73,1.0,530.0,530.0,0.2344351732991014,0.0,0.0,73841382.0,8.906,25.49,65.95,73.17375,17.04834548947702,-3.9649741812926136,65.95,76.14333333333333,11.853976531942633,0.0,18.076923076923077,13.85054347826087,85.5,0.011695906432748537,0.9095744680851063,0.0,0.0,True,True,False,False,False,True,False,False,False,False,False,False,False,True,False,False,False,True,False,True,False,False,False,False,False,False,False,True,False,False,True,False
E00896,Y,42,282,0,41.8507871321013,0.018382712427886964,2217.0,1.0,0.0,2217.0,0.0,1,282.0,282,0.0,0.0,0.0,0.0,0.0,0.0,57899849.0,0.0,16.3,49.0,49.0,0.0,0.0,49.0,49.0,30.172661870503596,0.0,30.172661870503596,30.172661870503596,23.0,0.13043478260869565,0.9583333333333334,0.0,0.0,False,False,False,False,False,True,False,False,False,False,False,False,False,False,True,False,False,True,False,True,False,False,False,False,False,False,False,False,True,False,True,False
E00897,N,35,272,1,31.59479808350445,0.021277011831426617,1944.0,2.0,0.0,972.0,0.0,1,271.0,1270,0.0,0.0,0.0,0.0,0.0,0.0,11577581.0,-7.24,11.21,58.96,53.52,5.7519735743482014,4.843494730734777,0.0,0.0,11.554545454545455,0.0,0.0,0.0,39.0,0.0,0.9069767441860465,0.0,0.0,False,False,False,False,False,True,False,False,True,False,False,False,False,False,False,False,True,False,False,True,False,False,True,False,False,False,False,False,False,False,True,False
E00898,Y,25,2636,0,18.587268993839835,0.2886789869952088,0.0,0.0,0.0,0.0,0.0,1,2636.0,2636,1.0,712.0,712.0,0.13856221547799696,0.0,0.0,77838900.0,8.243333333333332,21.43166666666667,49.94,52.39,23.169749135456772,1.3619496185382378,49.94,51.56333333333333,10.624413145539906,0.0,12.541436464088397,11.809917355371901,113.0,0.022123893805309734,0.9112903225806451,0.0,0.0,False,True,False,False,False,False,True,False,False,False,False,False,False,False,False,False,False,False,False,True,False,False,False,False,False,False,False,False,True,False,False,True
E00899,N,32,2737,1,23.589322381930184,0.23417180013689254,0.0,0.0,0.0,0.0,0.0,4,683.5,712,1.0,504.0,896.0,0.1334490317866277,0.0,0.0,59231119.0,0.606000000000001,18.396,48.12,60.02125,14.1887646069497,-9.703067933977405,0.0,45.34,-74.25596529284165,0.0,0.0,-45.63529411764706,93.0,0.13978494623655913,0.9893617021276596,0.0,0.0,False,False,False,False,False,False,True,False,False,False,False,False,False,False,False,False,False,False,False,True,False,False,True,False,False,False,False,False,False,False,False,True
E00900,N,39,1916,1,27.071868583162217,0.13450569508064375,245.0,1.0,0.0,245.0,0.0,2,957.5,3909,0.0,0.0,0.0,0.0,0.0,0.0,0.0,0.0,0.0,0.0,0.0,0.0,0.0,0.0,0.0,0.0,0.0,0.0,0.0,0.0,0.0,0.0,131.0,1.0,False,False,False,True,False,False,False,True,False,False,False,False,False,False,False,False,False,True,False,True,False,False,False,False,False,False,False,False,True,False,False,True
E00901,Y,28,408,0,27.82751540041068,0.0398943971839249,599.0,3.0,0.3333333333333333,199.66666666666666,0.0,1,408.0,408,0.0,0.0,0.0,0.0,0.0,0.0,53013862.0,-3.005,22.805,74.32,79.56,7.410479066835026,-21.017582417576865,74.32,79.56,10.170212765957446,0.0,10.298245614035087,10.170212765957446,29.5,0.0,0.8939393939393939,0.0,0.0,False,False,False,False,True,False,False,False,False,False,False,False,False,False,True,False,False,False,True,True,False,False,False,False,False,False,False,False,True,False,False,True
E00902,N,31,3426,1,18.60369609856263,0.3025766708617606,982.0,3.0,0.0,327.3333333333333,0.0,1,3425.0,4875,1.0,1089.0,2538.0,0.10661120840630474,1.0,256.0,81658437.0,-5.265,6.345,46.9,51.31,6.236681810065352,-17.591803278692154,0.0,0.0,27.276139410187668,0.0,0.0,0.0,38.0,0.09210526315789473,0.8837209302325582,93.0,1.0,False,False,False,False,False,False,True,False,False,False,False,False,False,False,False,False,False,False,False,True,False,False,False,False,False,False,False,True,False,False,False,True
E00903,N,25,2735,1,11.572895277207392,0.29952087611225187,1660.0,3.0,0.0,553.3333333333334,0.0,3,1094.0,3087,1.0,912.0,3087.0,0.13354661791590494,0.0,0.0,0.0,0.0,0.0,0.0,0.0,0.0,0.0,0.0,0.0,0.0,0.0,0.0,0.0,0.0,0.0,0.0,140.0,1.0,False,True,False,False,False,False,True,False,False,False,False,False,False,False,False,False,False,False,False,True,False,False,False,False,False,False,False,False,True,False,True,False
E00904,N,36,958,1,21.61806981519507,0.07285725150201536,461.0,1.0,1.0,461.0,1.0,2,318.3333333333333,4913,0.0,0.0,0.0,0.0,0.0,0.0,0.0,0.0,0.0,0.0,0.0,0.0,0.0,0.0,0.0,0.0,0.0,0.0,0.0,0.0,0.0,0.0,0.0,0.0,True,True,True,False,False,False,False,False,False,False,False,False,False,False,False,False,False,True,False,True,False,False,False,False,False,False,False,False,True,False,False,True
E00905,N,37,2002,1,29.048596851471594,0.1481399263740126,2266.0,3.0,0.0,755.3333333333334,0.0,2,1000.0,2448,0.0,0.0,0.0,0.0,0.0,0.0,425269.0,-3.0474999999999994,16.05,48.2,52.662,5.461704862037127,-4.452009140618114,0.0,0.0,6.983812949640288,0.6420863309352518,0.0,0.0,55.5,0.1891891891891892,0.9098360655737705,0.0,0.0,False,False,False,False,False,True,False,False,False,False,True,False,False,False,False,False,True,False,False,True,False,False,False,False,False,False,False,False,True,False,True,False
E00906,Y,25,403,0,24.826830937713893,0.044134154688569474,0.0,0.0,0.0,0.0,0.0,1,403.0,403,0.0,0.0,0.0,0.0,0.0,0.0,44644161.0,37.93,20.09,39.8,39.69,0.15556349186103965,0.44120879120868656,39.8,39.69,9.049180327868852,0.0,9.028735632183908,9.049180327868852,41.5,0.024096385542168676,0.9021739130434783,0.0,0.0,True,False,False,False,False,True,False,False,False,False,True,False,False,False,False,False,True,False,False,True,False,False,False,False,False,False,False,False,True,False,False,True
E00907,Y,41,3517,0,31.49349760438056,0.234854176057161,0.0,0.0,0.0,0.0,0.0,4,878.5,1807,2.0,995.0,712.0,0.2077054307648564,0.0,0.0,113535578.0,8.473333333333334,24.675,100.0,75.57333333333332,17.457831337253783,12.332982904207393,100.0,91.62,33.47547169811321,0.7971698113207547,37.5606936416185,34.86842105263158,107.0,0.06542056074766354,0.9304347826086956,0.0,0.0,False,False,False,False,False,True,False,False,False,True,False,False,False,False,False,False,True,False,False,True,False,False,False,False,False,False,False,False,True,False,True,False
E00908,Y,25,195,0,25.27583846680356,0.02135523613963039,270.0,2.0,0.0,135.0,1.0,1,195.0,195,0.0,0.0,0.0,0.0,0.0,0.0,34944203.0,0.0,19.56,81.42,81.42,0.0,0.0,81.42,81.42,37.02325581395349,1.127906976744186,37.02325581395349,37.02325581395349,21.0,0.14285714285714285,0.9545454545454546,0.0,0.0,True,False,False,False,False,True,False,False,False,False,False,False,False,False,False,False,False,True,False,True,False,False,False,False,False,False,False,False,True,False,False,True
E00909,N,38,3952,1,23.693360711841205,0.28473648186173856,0.0,0.0,0.0,0.0,0.0,2,1316.3333333333333,4729,2.0,1119.5,2173.0,0.18484311740890688,0.0,0.0,13195752.0,-1.6433333333333333,14.32,53.08,48.63999999999999,5.281060499558775,10.28380988600384,0.0,0.0,52.16040100250627,0.9348370927318296,0.0,0.0,43.5,0.011494252873563218,0.8529411764705882,0.0,0.0,False,False,False,True,False,False,False,False,False,False,True,False,False,False,False,False,False,True,False,True,False,False,False,False,False,False,False,False,True,False,True,False
E00910,N,43,3954,1,28.57494866529774,0.25175493051907744,0.0,0.0,0.0,0.0,0.0,2,2340.6666666666665,4274,1.0,1691.0,3087.0,0.09237481031866465,0.0,0.0,10170240.0,0.5766666666666668,12.996666666666664,27.74,39.02,9.774681580491508,-16.56357499574468,0.0,0.0,-11.251948051948052,0.33246753246753247,0.0,0.0,44.5,0.06741573033707865,0.9081632653061225,0.0,0.0,True,False,False,False,False,True,False,False,False,False,True,False,False,False,False,False,False,True,False,True,False,False,False,False,False,False,False,False,True,False,True,False
E00911,Y,25,945,0,23.085557837097877,0.10349075975359343,407.0,1.0,0.0,407.0,0.0,1,945.0,945,0.0,0.0,0.0,0.0,0.0,0.0,53005993.0,8.096666666666666,20.786666666666665,50.75,50.221999999999994,16.248188206689385,4.297058105310793,50.75,52.32333333333333,12.467105263157896,0.0,10.734463276836157,10.755555555555556,59.0,0.06779661016949153,0.921875,0.0,0.0,False,True,False,False,False,True,False,False,False,True,False,False,False,False,False,False,False,True,False,True,False,False,False,False,False,True,False,False,False,False,False,True
E00912,N,25,893,1,16.295687885010267,0.09779603011635866,0.0,0.0,0.0,0.0,0.0,2,445.5,2722,0.0,0.0,0.0,0.0,0.0,0.0,0.0,0.0,0.0,0.0,0.0,0.0,0.0,0.0,0.0,0.0,0.0,0.0,0.0,0.0,0.0,0.0,0.0,0.0,True,False,False,False,False,False,True,False,False,False,False,False,False,False,False,False,False,False,False,True,False,False,False,False,False,True,False,False,False,False,False,True
E00913,Y,33,153,0,32.78302532511978,0.012693671831248834,0.0,0.0,0.0,0.0,0.0,1,153.0,153,0.0,0.0,0.0,0.0,0.0,0.0,20968193.0,0.0,19.91,0.0,0.0,0.0,0.0,0.0,0.0,23.485294117647058,0.0,23.485294117647058,23.485294117647058,20.5,0.0,0.9318181818181818,0.0,0.0,True,True,True,False,False,False,False,False,False,True,False,False,False,False,False,True,False,False,False,True,False,False,False,False,False,False,False,False,True,False,False,True
E00914,N,26,1350,1,13.637234770704996,0.1421576370241668,0.0,0.0,0.0,0.0,0.0,1,1349.0,4864,0.0,0.0,0.0,0.0,0.0,0.0,0.0,0.0,0.0,0.0,0.0,0.0,0.0,0.0,0.0,0.0,0.0,0.0,0.0,0.0,0.0,0.0,0.0,0.0,False,False,False,False,False,False,True,False,False,False,False,False,False,False,False,False,False,False,False,True,False,False,False,False,False,False,False,False,True,False,False,True
E00915,N,31,3396,1,17.880903490759753,0.29992713784195535,838.0,2.0,0.0,419.0,0.0,5,678.4,2357,1.0,1172.0,2722.0,0.1075530035335689,0.0,0.0,75979211.0,-4.775,7.87,47.74,49.47,2.4465894629054525,-6.901092896176305,0.0,0.0,11.153125,0.0,0.0,0.0,35.5,0.056338028169014086,0.8875,556.0,2.0,False,True,False,False,False,False,True,False,False,False,False,False,False,False,False,False,False,False,False,True,False,False,False,False,False,False,False,False,True,False,False,True
E00916,N,34,213,1,22.677618069815196,0.017151829931151105,0.0,0.0,0.0,0.0,0.0,1,212.0,4414,0.0,0.0,0.0,0.0,0.0,0.0,0.0,0.0,0.0,0.0,0.0,0.0,0.0,0.0,0.0,0.0,0.0,0.0,0.0,0.0,0.0,0.0,0.0,0.0,False,False,False,False,False,False,True,False,False,False,False,False,False,False,False,False,False,False,False,True,False,False,False,False,False,True,False,False,False,False,False,True
E00917,Y,25,1139,0,22.767967145790553,0.12473648186173854,1455.0,2.0,0.0,727.5,1.0,2,569.0,621,1.0,346.0,346.0,0.3206760316066725,0.0,0.0,73722682.0,5.672499999999999,20.29,66.32,64.02,15.558169558145327,7.451821587233695,66.32,71.68666666666667,19.352530541012218,0.38219895287958117,5.538043478260869,13.814516129032258,72.5,0.027586206896551724,0.8950617283950617,0.0,0.0,True,False,False,False,True,False,False,False,False,False,False,False,False,False,False,False,False,False,True,True,False,False,False,False,False,True,False,False,False,False,True,False
E00918,Y,45,2511,0,38.3025325119781,0.15277207392197126,3826.0,3.0,0.0,1275.3333333333333,1.0,4,417.6666666666667,73,1.0,1626.0,1626.0,0.1454599761051374,0.0,0.0,119629014.0,6.761666666666667,24.35666666666667,61.98,66.90333333333334,12.414928513688668,-7.402115536198833,61.98,58.123333333333335,11.202727272727273,0.0,8.0,7.514666666666667,107.0,0.014018691588785047,0.8842975206611571,112.0,1.0,False,False,False,False,False,True,False,False,False,False,False,False,False,False,False,False,True,False,False,False,False,False,False,False,False,False,False,False,True,True,False,False
E00919,Y,36,657,0,35.175906913073234,0.04996577686516085,2419.0,2.0,0.0,1209.5,0.0,1,657.0,657,0.0,0.0,0.0,0.0,0.0,0.0,71514560.0,-4.325,26.705000000000002,89.08,79.3,14.113837181999802,25.977469250086628,89.08,79.3,9.676737160120846,0.0,11.39153439153439,9.676737160120846,38.0,0.02631578947368421,0.9047619047619048,0.0,0.0,True,False,False,False,False,True,False,False,False,True,False,False,False,False,False,False,False,True,False,True,False,False,True,False,False,False,False,False,False,True,False,False
E00920,N,32,2026,1,18.973305954825463,0.17334017796030116,0.0,0.0,0.0,0.0,0.0,4,404.2,3087,0.0,0.0,0.0,0.0,0.0,0.0,0.0,0.0,0.0,0.0,0.0,0.0,0.0,0.0,0.0,0.0,0.0,0.0,0.0,0.0,0.0,0.0,0.0,0.0,False,True,False,False,False,False,True,False,False,False,False,False,False,False,False,False,False,False,False,True,False,False,False,True,False,False,False,False,False,False,False,True
E00921,Y,38,3913,0,27.43874058863792,0.2819265823696819,814.0,3.0,0.3333333333333333,271.3333333333333,0.0,3,1303.6666666666667,2813,2.0,812.5,346.0,0.18668540761564018,0.0,0.0,103720165.0,8.698333333333332,23.595,67.9,66.72222222222223,14.779302907933259,2.3431445337637933,67.9,75.07666666666667,-51.88018018018018,0.0,8.492537313432836,8.502702702702702,117.0,0.017094017094017096,1.0,0.0,0.0,True,True,False,True,False,False,False,False,False,False,False,True,False,False,False,True,False,False,False,True,False,False,False,False,False,False,False,False,True,False,True,False
E00922,N,33,383,1,20.95003422313484,0.0317756621658059,312.0,2.0,0.5,156.0,0.0,1,382.0,4754,0.0,0.0,0.0,0.0,0.0,0.0,0.0,0.0,0.0,0.0,0.0,0.0,0.0,0.0,0.0,0.0,0.0,0.0,0.0,0.0,0.0,0.0,0.0,0.0,False,False,False,False,False,False,True,False,False,False,False,False,False,False,False,False,False,False,False,True,False,False,False,False,False,False,False,False,True,False,False,True
E00923,Y,38,931,0,36.31485284052019,0.06707734428473648,2238.0,2.0,0.5,1119.0,0.0,2,465.0,530,0.0,0.0,0.0,0.0,0.0,0.0,82893367.0,0.7966666666666663,20.403333333333332,20.04,45.692,23.44153727894141,-24.22663212820233,20.04,34.26333333333333,17.782881002087684,0.0,10.208333333333334,14.965879265091864,57.0,0.043859649122807015,0.9344262295081968,0.0,0.0,True,False,False,False,False,True,False,False,False,False,False,False,False,True,False,True,False,False,False,True,False,True,False,False,False,False,False,False,False,False,True,False
E00924,Y,36,3703,0,26.795345653661876,0.2816183740208381,810.0,1.0,0.0,810.0,0.0,1,3703.0,3703,2.0,812.5,165.0,0.1972724817715366,0.0,0.0,123747878.0,9.273333333333333,25.95,88.46,76.96333333333332,11.513948063110231,-1.2463455650195863,88.46,81.08,11.173591874422899,0.0,12.817679558011049,11.547752808988765,96.0,0.041666666666666664,0.8807339449541285,0.0,0.0,True,True,False,True,False,False,False,False,False,False,False,False,True,False,False,False,True,False,False,True,False,False,False,False,False,False,False,False,True,False,True,False
E00925,N,44,1077,1,31.865845311430526,0.06701512040321075,1238.0,2.0,0.5,619.0,1.0,2,537.5,3909,0.0,0.0,0.0,0.0,0.0,0.0,0.0,0.0,0.0,0.0,0.0,0.0,0.0,0.0,0.0,0.0,0.0,0.0,0.0,0.0,0.0,0.0,42.0,1.0,True,False,False,False,True,False,False,False,False,False,False,False,False,False,False,False,False,False,True,True,False,False,False,False,False,False,False,False,True,False,False,True
E00926,N,45,2379,1,37.81519507186858,0.14474104494638376,2077.0,3.0,0.3333333333333333,692.3333333333334,0.0,4,584.6,621,1.0,703.0,1261.0,0.15353089533417402,0.0,0.0,31698032.0,2.464,16.94,60.44,56.050000000000004,7.826078200478194,-2.073680660789799,0.0,60.44,23.00615763546798,0.0,0.0,10.287671232876713,86.5,0.011560693641618497,0.9202127659574468,0.0,0.0,False,False,False,False,False,True,False,False,False,False,True,False,False,False,False,False,False,True,False,False,False,False,False,False,False,False,False,False,True,False,True,False
E00927,N,33,689,1,28.098562628336754,0.05716300582830357,1067.0,3.0,0.0,355.6666666666667,0.0,2,344.0,1442,0.0,0.0,0.0,0.0,0.0,0.0,895162.0,0.5,13.61,22.1,37.81333333333333,13.8129842298228,-25.92490317156398,0.0,0.0,10.065868263473053,0.0,0.0,0.0,41.5,0.012048192771084338,0.9222222222222223,0.0,0.0,True,False,False,False,False,True,False,False,False,False,False,False,True,False,False,False,False,True,False,True,False,False,False,False,False,False,False,False,True,False,False,True
E00928,Y,26,215,0,25.741273100616016,0.022639919970515454,0.0,0.0,0.0,0.0,0.0,1,215.0,215,0.0,0.0,0.0,0.0,0.0,0.0,28202329.0,0.0,15.82,41.62,41.62,0.0,0.0,41.62,41.62,9.94392523364486,0.0,9.94392523364486,9.94392523364486,19.5,0.0,0.8478260869565217,0.0,0.0,False,False,False,False,False,True,False,False,True,False,False,False,False,False,False,True,False,False,False,True,False,False,False,False,False,False,False,False,True,False,False,True
E00929,N,43,1133,1,32.19712525667351,0.07213918469350397,0.0,0.0,0.0,0.0,0.0,3,377.0,3360,0.0,0.0,0.0,0.0,0.0,0.0,0.0,0.0,0.0,0.0,0.0,0.0,0.0,0.0,0.0,0.0,0.0,0.0,0.0,0.0,0.0,0.0,0.0,0.0,True,False,False,True,False,False,False,False,False,False,True,False,False,False,False,False,True,False,False,True,False,False,False,False,False,False,False,False,True,False,True,False
E00930,N,30,1319,1,26.069815195071868,0.12037417294090805,0.0,0.0,0.0,0.0,0.0,2,658.5,1077,0.0,0.0,0.0,0.0,0.0,0.0,58774300.0,-0.08249999999999999,19.9375,46.22,60.75,16.12091454335906,-9.19662706277524,0.0,49.07,-6.460365853658536,0.3551829268292683,0.0,90.66863905325444,79.0,0.05063291139240506,1.0,0.0,0.0,False,False,False,False,True,False,False,False,True,False,False,False,False,False,False,False,False,False,True,True,False,False,False,False,False,False,False,False,True,False,False,True
E00931,N,45,2129,1,34.209445585215605,0.12953076279564987,715.0,1.0,0.0,715.0,0.0,3,531.25,2265,0.0,0.0,0.0,0.0,0.0,0.0,52076672.0,0.0,0.0,0.0,0.0,0.0,0.0,0.0,0.0,-91.16770186335404,0.6459627329192547,0.0,0.0,22.0,0.09090909090909091,1.0,0.0,0.0,False,False,False,False,False,True,False,False,False,False,True,False,False,False,False,False,True,False,False,True,False,False,False,False,False,False,False,False,True,False,False,True
E00932,Y,25,375,0,24.427104722792606,0.04106776180698152,0.0,0.0,0.0,0.0,0.0,1,375.0,375,0.0,0.0,0.0,0.0,0.0,0.0,53417979.0,0.0,15.34,50.64,48.72,2.715290039756345,7.701098901096889,50.64,48.72,10.710982658959537,0.0,10.710982658959537,10.710982658959537,30.0,0.03333333333333333,0.8571428571428571,0.0,0.0,False,False,False,False,False,True,False,False,False,False,True,False,False,False,False,False,False,True,False,True,False,False,False,False,False,False,False,False,True,False,False,True
E00933,Y,41,631,0,40.24914442162902,0.04213619138244771,0.0,0.0,0.0,0.0,0.0,2,315.0,165,0.0,0.0,0.0,0.0,0.0,0.0,55373326.0,-0.38,21.125,52.92,39.839999999999996,11.885907622053944,15.992179165109551,52.92,39.839999999999996,9.215339233038348,0.0,9.13265306122449,9.215339233038348,28.5,0.0,0.8636363636363636,0.0,0.0,False,True,False,False,False,True,False,False,False,False,False,False,False,True,False,False,True,False,False,True,False,False,False,False,False,False,False,False,True,False,True,False
E00934,N,36,351,1,21.78781656399726,0.026694045174537988,773.0,3.0,0.0,257.6666666666667,0.0,1,174.5,5153,0.0,0.0,0.0,0.0,0.0,0.0,0.0,0.0,0.0,0.0,0.0,0.0,0.0,0.0,0.0,0.0,0.0,0.0,0.0,0.0,0.0,0.0,0.0,0.0,False,True,False,False,False,False,True,False,False,False,False,False,False,False,False,False,False,False,False,True,False,False,True,False,False,False,False,False,False,False,False,True
E00935,N,33,4718,1,20.082135523613964,0.3914296973845228,70.0,1.0,0.0,70.0,0.0,2,2358.5,4274,3.0,942.0,165.0,0.2322488342518016,0.0,0.0,64642816.0,3.2633333333333336,18.220000000000002,91.04,49.59,28.354079512479334,-4.7822120504303856,91.04,47.02,27.849289099526068,0.6786729857819905,27.326241134751772,24.716374269005847,112.0,0.044642857142857144,0.9256198347107438,0.0,0.0,True,True,False,False,False,False,True,False,False,False,False,False,False,False,False,False,False,False,False,True,False,False,False,False,False,False,True,False,False,False,True,False
E00936,Y,44,567,0,43.14579055441479,0.03528094082508867,1763.0,1.0,1.0,1763.0,0.0,1,567.0,567,0.0,0.0,0.0,0.0,0.0,0.0,77580574.0,0.25,22.384999999999998,62.5,52.60333333333333,8.683549581440376,13.432587395780285,62.5,52.60333333333333,27.0814332247557,0.0,29.665024630541872,27.0814332247557,30.0,0.0,0.9090909090909091,0.0,0.0,True,True,False,False,False,True,False,False,False,False,True,False,False,False,False,False,False,True,False,True,False,False,False,False,False,False,False,True,False,False,True,False
E00937,N,34,631,1,26.28336755646817,0.05081128960824576,587.0,2.0,0.0,293.5,0.0,2,314.5,2448,0.0,0.0,0.0,0.0,0.0,0.0,0.0,0.0,0.0,0.0,0.0,0.0,0.0,0.0,0.0,0.0,0.0,0.0,0.0,0.0,0.0,0.0,45.0,1.0,True,False,False,False,False,True,False,False,False,False,False,False,True,False,False,False,True,False,False,True,False,False,False,False,False,False,False,False,True,False,False,True
E00938,Y,30,3370,0,21.66461327857632,0.30755190508783936,0.0,0.0,0.0,0.0,0.0,3,1122.6666666666667,1352,1.0,1077.0,1077.0,0.10838278931750743,0.0,0.0,106851435.0,10.565,24.838333333333335,73.88,74.9688888888889,10.697626424170508,0.5776426037029614,73.88,72.70666666666666,-51.15446428571428,0.0,11.837988826815643,10.639118457300276,110.5,0.013574660633484163,0.9057377049180327,0.0,0.0,True,True,False,False,False,False,True,False,False,False,False,False,False,False,False,False,False,False,False,True,False,False,True,False,False,False,False,False,False,False,False,True
E00939,N,31,259,1,24.39425051334702,0.02287430173765207,455.0,2.0,0.0,227.5,0.0,1,259.0,2633,0.0,0.0,0.0,0.0,0.0,0.0,0.0,0.0,0.0,0.0,0.0,0.0,0.0,0.0,0.0,0.0,0.0,0.0,0.0,0.0,0.0,0.0,0.0,0.0,False,True,False,False,False,True,False,False,False,False,False,True,False,False,False,False,True,False,False,True,False,False,False,False,False,False,False,False,True,False,False,True
E00940,N,41,1392,1,27.644079397672826,0.09295337306555818,1014.0,2.0,0.5,507.0,0.0,3,347.0,3726,0.0,0.0,0.0,0.0,0.0,0.0,0.0,0.0,0.0,0.0,0.0,0.0,0.0,0.0,0.0,0.0,0.0,0.0,0.0,0.0,0.0,0.0,0.0,0.0,True,False,False,False,False,True,False,False,False,False,False,True,False,False,False,False,True,False,False,True,False,False,False,False,True,False,False,False,False,False,False,True
E00941,N,31,558,1,25.90280629705681,0.049281314168377825,0.0,0.0,0.0,0.0,0.0,2,278.5,1534,0.0,0.0,0.0,0.0,0.0,0.0,5802382.0,1.3766666666666676,15.040000000000001,47.68,46.18000000000001,4.77028301047223,-2.354624245635459,0.0,0.0,-19.648,0.0,0.0,0.0,49.5,0.16161616161616163,0.9,0.0,0.0,True,False,False,False,True,False,False,False,False,False,False,True,False,False,False,False,False,False,True,True,False,False,False,False,False,False,False,True,False,False,False,True
E00942,Y,38,2572,0,31.266255989048595,0.18530926906588854,446.0,1.0,0.0,446.0,0.0,3,1708.6666666666667,1626,2.0,630.0,346.0,0.28402021772939345,0.0,0.0,72821147.0,9.616666666666667,28.026666666666667,97.0,85.04222222222222,13.992159213089469,6.668746952532138,97.0,88.69,-52.11433926897845,0.0,6.940828402366864,6.460893854748603,122.0,0.02459016393442623,1.0,654.0,2.0,False,False,False,False,True,False,False,False,False,True,False,False,False,False,False,False,False,True,False,True,False,False,False,False,False,False,False,False,True,False,True,False
E00943,N,37,1504,1,25.702943189596166,0.11128993469855893,336.0,1.0,0.0,336.0,0.0,1,1503.0,4340,0.0,0.0,0.0,0.0,0.0,0.0,0.0,0.0,0.0,0.0,0.0,0.0,0.0,0.0,0.0,0.0,0.0,0.0,0.0,0.0,0.0,0.0,301.0,1.0,True,False,False,False,True,False,False,False,False,False,False,False,True,False,False,False,False,True,False,True,False,True,False,False,False,False,False,False,False,False,False,True
E00944,Y,34,1539,0,30.157426420260094,0.12392801062930306,0.0,0.0,0.0,0.0,0.0,3,512.3333333333334,438,1.0,346.0,346.0,0.23732943469785575,0.0,0.0,63246753.0,5.862,21.9,88.85,64.2925,18.118690231754766,9.017558264374326,88.85,78.14333333333333,13.9374185136897,0.0,21.491803278688526,19.008130081300813,74.5,0.020134228187919462,0.8563218390804598,0.0,0.0,False,False,False,False,False,True,False,False,False,False,False,False,True,False,False,False,False,True,False,True,False,False,False,False,False,False,False,False,True,False,True,False
E00945,Y,28,184,0,27.613963039014372,0.017991590886868095,0.0,0.0,0.0,0.0,0.0,1,184.0,184,0.0,0.0,0.0,0.0,0.0,0.0,30381826.0,0.0,18.1,65.58,65.58,0.0,0.0,65.58,65.58,8.810526315789474,0.0,8.810526315789474,8.810526315789474,15.0,0.0,1.0,0.0,0.0,False,False,False,False,True,False,False,False,False,False,False,False,False,False,True,False,False,False,True,True,True,False,False,False,False,False,False,False,False,False,False,True
E00946,N,34,2146,1,28.555783709787818,0.17280669968192616,0.0,0.0,0.0,0.0,0.0,1,2145.0,2266,2.0,570.0,165.0,0.34040074557315936,0.0,0.0,41886053.0,8.343333333333334,22.138333333333335,98.68,73.07777777777778,19.220815394890103,8.152655265401028,98.68,84.86,-55.6,0.0,3.5371900826446283,5.67003367003367,109.0,0.0,1.0,0.0,0.0,True,False,False,False,False,True,False,False,True,False,False,False,False,False,False,False,True,False,False,True,False,False,False,False,False,False,False,False,True,False,True,False
E00947,N,25,1690,1,19.7782340862423,0.18507871321013006,1324.0,3.0,0.0,441.3333333333333,0.0,2,844.5,1626,0.0,0.0,0.0,0.0,0.0,0.0,48253787.0,6.434,18.42,49.58,61.16125,13.866348203474478,-8.99326037813814,0.0,53.05,-48.994082840236686,0.14319526627218934,0.0,89.11965811965813,115.0,0.034782608695652174,1.0,0.0,0.0,True,False,False,False,False,False,True,False,False,False,False,False,False,False,False,False,False,False,False,True,False,False,False,False,False,False,False,False,True,False,False,True
E00948,Y,43,759,0,41.06502395619439,0.048326249940308486,3071.0,2.0,0.0,1535.5,0.0,2,379.0,165,0.0,0.0,0.0,0.0,1.0,512.0,86093106.0,28.89,18.043333333333333,75.66,44.14,21.10378796961973,25.29685149650037,75.66,47.24,28.57593123209169,0.0,22.188235294117646,28.36521739130435,56.0,0.03571428571428571,0.9491525423728814,288.0,1.0,True,False,False,True,False,False,False,False,False,False,False,False,True,False,False,True,False,False,False,True,False,False,False,False,False,False,False,False,True,False,True,False
E00949,Y,35,2071,0,29.998631074606433,0.16200254229001662,1778.0,2.0,0.5,889.0,0.0,2,1035.0,1534,1.0,712.0,712.0,0.17636407532592951,0.0,0.0,94457498.0,10.193333333333333,24.131666666666664,48.88,69.59,23.331701609612615,5.420978664398527,48.88,82.60000000000001,9.5859375,0.0,11.005988023952096,8.835227272727273,103.0,0.009708737864077669,0.911504424778761,327.0,2.0,True,False,False,False,True,False,False,False,False,False,False,False,False,True,False,False,False,False,True,True,False,False,False,False,False,False,False,False,True,False,True,False
E00950,Y,32,1771,0,28.079397672826833,0.15152292950034224,1841.0,3.0,0.3333333333333333,613.6666666666666,0.0,2,885.0,530,0.0,0.0,0.0,0.0,0.0,0.0,76282063.0,4.064,24.580000000000002,81.52,60.98555555555556,15.035721724539128,4.831647119949097,81.52,71.88666666666667,-22.99349945828819,0.0,10.74736842105263,11.771883289124668,89.0,0.011235955056179775,1.0,0.0,0.0,True,False,False,False,False,True,False,False,False,True,False,False,False,False,False,False,True,False,False,True,True,False,False,False,False,False,False,False,False,False,False,True
E00951,Y,35,904,0,32.993839835728956,0.07071477461621199,1285.0,2.0,0.0,642.5,0.0,2,451.5,346,0.0,0.0,0.0,0.0,0.0,0.0,75833939.0,6.016666666666667,22.333333333333332,71.22,63.60799999999999,5.10679155634925,1.6747591863521814,71.22,63.06,34.78458049886621,0.0,35.12222222222222,35.919220055710305,53.0,0.018867924528301886,0.9464285714285714,0.0,0.0,False,False,False,False,True,False,False,False,False,False,False,False,True,False,False,False,False,False,True,True,False,False,False,False,False,False,False,True,False,False,False,True
E00952,Y,43,2422,0,36.511978097193705,0.15421103735892905,0.0,0.0,0.0,0.0,0.0,3,604.75,712,1.0,896.0,896.0,0.15080511973575558,0.0,0.0,67212554.0,7.246666666666667,26.403333333333332,68.26,78.21555555555557,15.392667175566999,6.3305440700392985,68.26,85.7,-51.6286731967943,0.0,6.094444444444444,7.864864864864865,125.0,0.008,1.0,0.0,0.0,True,False,False,False,False,True,False,False,False,False,False,True,False,False,False,True,False,False,False,False,False,False,False,False,False,False,False,False,True,False,True,False
E00953,N,36,1184,1,33.06502395619439,0.09004487033234466,0.0,0.0,0.0,0.0,0.0,2,591.5,530,0.0,0.0,0.0,0.0,0.0,0.0,44481889.0,6.0925,14.675,43.7,49.495000000000005,7.318507361477477,2.729924070933251,43.7,52.31666666666666,18.521222410865875,0.534804753820034,3.8421052631578947,9.724035608308606,66.0,0.030303030303030304,0.868421052631579,0.0,0.0,False,False,False,False,True,False,False,True,False,False,False,False,False,False,False,False,False,False,True,True,False,False,False,False,False,False,False,False,True,False,False,True
E00954,Y,41,827,0,39.05544147843943,0.05522445368190848,0.0,0.0,0.0,0.0,0.0,1,827.0,827,0.0,0.0,0.0,0.0,0.0,0.0,57750469.0,19.586666666666666,21.96666666666667,82.64,77.42,14.961310103062505,17.350019098641685,82.64,84.8,31.361244019138756,0.868421052631579,35.765957446808514,30.269333333333332,46.5,0.07526881720430108,0.8454545454545455,0.0,0.0,True,False,False,False,False,True,False,False,False,True,False,False,False,False,False,False,False,True,False,True,False,False,False,False,False,False,False,False,True,True,False,False
E00955,N,27,2641,1,17.073237508555785,0.26780236773392146,0.0,0.0,0.0,0.0,0.0,3,879.3333333333334,1899,1.0,38.0,1077.0,0.13829988640666416,0.0,0.0,5976655.0,0.27999999999999936,15.5625,51.16,48.739999999999995,1.8662261384944743,0.18636695542032047,0.0,0.0,-91.46085409252669,0.28113879003558717,0.0,0.0,78.0,0.0,1.0,0.0,0.0,False,False,False,False,False,False,True,False,False,False,False,False,False,False,False,False,False,False,False,True,True,False,False,False,False,False,False,False,False,False,False,True
E00956,Y,44,754,0,42.1492128678987,0.0469168066704001,0.0,0.0,0.0,0.0,0.0,1,376.5,712,0.0,0.0,0.0,0.0,0.0,0.0,54448032.0,25.676666666666666,19.743333333333332,78.56,56.2825,18.14551620465324,26.599761753899745,78.56,61.18666666666667,11.482191780821918,0.0,13.167597765363128,11.662952646239555,58.5,0.017094017094017096,0.8863636363636364,0.0,0.0,True,False,False,False,False,True,False,False,False,False,False,True,False,False,False,False,False,True,False,True,False,False,False,False,False,False,False,False,False,False,True,False
E00957,Y,41,434,0,40.662559890485966,0.02898115223452029,0.0,0.0,0.0,0.0,0.0,1,434.0,434,0.0,0.0,0.0,0.0,0.0,0.0,46323887.0,11.32,25.259999999999998,73.15,75.605,3.4718942956259458,-9.846978021975417,73.15,75.605,8.44927536231884,0.0,9.236559139784946,8.44927536231884,38.5,0.012987012987012988,0.875,0.0,0.0,False,False,False,False,False,True,False,False,False,True,False,False,False,False,False,False,False,True,False,True,False,False,False,False,False,False,False,False,True,False,True,False
E00958,N,39,68,1,36.761122518822724,0.0047736885519226386,0.0,0.0,0.0,0.0,0.0,1,67.0,1071,0.0,0.0,0.0,0.0,0.0,0.0,6153115.0,0.0,0.0,53.54,53.54,0.0,0.0,0.0,0.0,16.19047619047619,0.0,0.0,0.0,20.5,0.0,0.9318181818181818,0.0,0.0,True,False,False,False,False,True,False,False,False,True,False,False,False,False,False,False,False,True,False,True,False,False,False,False,False,False,False,False,True,False,True,False
E00959,N,42,1385,1,38.77344284736482,0.09028388905185619,0.0,0.0,0.0,0.0,0.0,2,691.5,896,1.0,233.0,346.0,0.2637184115523466,0.0,0.0,25749737.0,6.2700000000000005,19.163999999999998,50.54,58.01125,12.722609163554914,-2.592429130692071,50.54,50.803333333333335,-6.3615494978479195,0.30272596843615496,-45.385185185185186,-18.3208722741433,95.0,0.18947368421052632,0.979381443298969,0.0,0.0,True,False,False,False,True,False,False,False,True,False,False,False,False,False,False,False,False,False,True,True,False,False,False,False,False,False,False,False,True,False,True,False
E00960,Y,29,1565,0,25.48665297741273,0.14774953385730133,724.0,2.0,0.5,362.0,0.0,3,521.0,346,0.0,0.0,0.0,0.0,0.0,0.0,77736501.0,7.128,19.137999999999998,57.42,45.120000000000005,15.813505981551701,-1.6902816663320872,57.42,43.06,15.897755610972569,0.0,8.384210526315789,5.799472295514512,86.5,0.046242774566473986,0.9010416666666666,264.0,1.0,False,False,False,False,False,True,False,False,False,False,False,False,True,False,False,True,False,False,False,True,False,True,False,False,False,False,False,False,False,False,False,True
E00961,N,44,1191,1,38.13552361396304,0.07410864289714392,0.0,0.0,0.0,0.0,0.0,2,594.5,1442,0.0,0.0,0.0,0.0,0.0,0.0,9865940.0,3.9450000000000003,15.6975,58.96,56.682,6.203194338403401,-2.7617860055226844,0.0,0.0,-87.4212389380531,0.4194690265486726,0.0,0.0,91.0,0.054945054945054944,1.0,0.0,0.0,False,False,False,False,False,True,False,True,False,False,False,False,False,False,False,False,True,False,False,True,False,False,False,False,False,False,False,False,True,False,True,False
E00962,Y,39,1788,0,35.017111567419576,0.12551992839467171,1338.0,2.0,0.5,669.0,0.0,1,1788.0,1788,1.0,712.0,712.0,0.2042785234899329,0.0,0.0,77074602.0,4.94,25.384,50.54,65.64555555555555,17.21137785820118,3.584037272355767,50.54,69.55333333333333,9.137276785714286,0.0,10.423076923076923,8.917582417582418,90.5,0.03314917127071823,0.8960396039603961,0.0,0.0,False,False,False,True,False,False,False,True,False,False,False,False,False,False,False,False,False,True,False,True,False,False,False,False,False,True,False,False,False,False,True,False
E00963,N,30,732,1,16.407939767282684,0.06680355920602327,0.0,0.0,0.0,0.0,0.0,2,365.0,4548,0.0,0.0,0.0,0.0,0.0,0.0,0.0,0.0,0.0,0.0,0.0,0.0,0.0,0.0,0.0,0.0,0.0,0.0,0.0,0.0,0.0,0.0,0.0,0.0,False,True,False,False,False,False,True,False,False,False,False,False,False,False,False,False,False,False,False,True,False,False,False,False,False,False,False,False,True,False,False,True
E00964,Y,45,1624,0,40.9719370294319,0.0988059928511674,4820.0,3.0,0.0,1606.6666666666667,0.0,3,540.6666666666666,346,0.0,0.0,0.0,0.0,0.0,0.0,110553454.0,10.786,17.186,39.16,30.33625,27.450772009700774,-5.638097105282638,39.16,22.566666666666663,-4.1471698113207545,0.0,31.411428571428573,19.793296089385475,112.0,0.03571428571428571,1.0,0.0,0.0,True,True,False,False,False,True,False,False,True,False,False,False,False,False,False,False,False,True,False,True,False,False,False,False,False,False,False,True,False,False,True,False
E00965,N,31,1804,1,16.84599589322382,0.15932525225762292,0.0,0.0,0.0,0.0,0.0,1,1803.0,5356,1.0,812.0,4364.0,0.20246674057649666,0.0,0.0,0.0,0.0,0.0,0.0,0.0,0.0,0.0,0.0,0.0,0.0,0.0,0.0,0.0,0.0,0.0,0.0,0.0,0.0,True,False,False,False,False,False,True,False,False,False,False,False,False,False,False,False,False,False,False,True,False,False,False,True,False,False,False,False,False,False,False,True
E00966,N,40,3709,1,28.632443531827516,0.25386721423682407,0.0,0.0,0.0,0.0,0.0,3,1235.3333333333333,3268,1.0,1453.0,2173.0,0.09847667834995956,0.0,0.0,62037273.0,6.3725000000000005,15.3725,60.56,52.31666666666666,5.134937844479394,2.578344324241603,0.0,0.0,44.662618083670715,0.3967611336032389,0.0,91.5,70.0,0.014285714285714285,0.9090909090909091,0.0,0.0,False,True,False,False,False,True,False,True,False,False,False,False,False,False,False,False,True,False,False,True,False,False,False,False,False,False,False,False,True,False,True,False
E00967,Y,25,2779,0,17.415468856947296,0.30433949349760436,0.0,0.0,0.0,0.0,0.0,1,2779.0,2779,1.0,1442.0,1442.0,0.13143216984526807,0.0,0.0,82161471.0,7.706666666666666,26.661666666666665,68.55,78.24111111111111,11.672380267585138,-4.855593725991096,68.55,68.71666666666667,11.124548736462094,0.0,9.174863387978142,8.725806451612904,100.0,0.01,0.9009009009009009,0.0,0.0,True,True,False,False,False,False,True,False,False,False,False,False,False,False,False,False,False,False,False,True,False,False,False,False,False,False,False,False,True,False,True,False
E00968,N,35,3891,1,21.713894592744694,0.3043707832208859,0.0,0.0,0.0,0.0,0.0,5,777.2,2630,2.0,1310.0,2538.0,0.1877409406322282,0.0,0.0,13890323.0,0.7924999999999995,15.625,55.4,47.632,5.902064892899771,7.146402330129141,0.0,0.0,-7.829181494661921,0.0,0.0,0.0,71.5,0.2517482517482518,0.89375,0.0,0.0,True,False,False,False,True,False,False,False,False,False,True,False,False,False,False,False,False,False,True,True,False,False,False,False,False,False,False,False,True,True,False,False
E00969,Y,31,795,0,28.982888432580424,0.07021262502483937,0.0,0.0,0.0,0.0,0.0,2,397.0,165,0.0,0.0,0.0,0.0,0.0,0.0,54034999.0,18.62,18.88,51.42,47.370000000000005,18.04303374343313,5.001865824232817,51.42,44.373333333333335,6.739659367396594,0.0,7.877551020408164,7.038860103626943,59.0,0.0,1.0,0.0,0.0,False,False,False,False,False,True,False,False,False,False,False,False,False,True,False,False,True,False,False,True,False,False,False,False,True,False,False,False,False,False,False,True
E00970,Y,41,1804,0,36.20260095824778,0.12046543463381246,0.0,0.0,0.0,0.0,0.0,1,1804.0,1804,1.0,530.0,530.0,0.20246674057649666,0.0,0.0,58865052.0,6.62,24.849999999999998,93.92,66.03444444444443,25.373894611938812,16.722791022016224,93.92,94.83999999999999,11.229166666666666,0.0,10.887005649717514,11.352150537634408,89.5,0.0335195530726257,0.9322916666666666,0.0,0.0,False,False,False,True,False,False,False,False,False,True,False,False,False,False,False,True,False,False,False,True,False,False,False,False,False,False,False,False,True,True,False,False
E00971,Y,30,915,0,28.23271731690623,0.08350444900752908,1345.0,2.0,0.0,672.5,0.0,1,915.0,915,0.0,0.0,0.0,0.0,0.0,0.0,73670916.0,7.403333333333333,25.38,77.5,74.658,8.650191905385677,7.866564699178284,77.5,78.91666666666667,5.264108352144469,0.0,4.261111111111111,5.523943661971831,48.0,0.0,0.8571428571428571,0.0,0.0,True,False,False,False,True,False,False,False,False,False,False,False,True,False,False,False,False,False,True,True,False,False,False,False,False,True,False,False,False,False,False,True
E00972,Y,42,705,0,40.106776180698155,0.045956781069717415,0.0,0.0,0.0,0.0,0.0,2,352.0,73,0.0,0.0,0.0,0.0,0.0,0.0,52862726.0,0.86,24.9,88.1,67.87333333333333,17.688700724850687,27.845482841080347,88.1,67.87333333333333,25.704347826086956,0.3536231884057971,23.156424581005588,25.704347826086956,40.5,0.06172839506172839,0.9,0.0,0.0,True,False,False,False,False,True,False,False,False,True,False,False,False,False,False,False,False,True,False,True,False,False,False,False,False,False,False,False,True,False,True,False
E00973,N,28,3975,1,16.358658453114305,0.38867703138750365,0.0,0.0,0.0,0.0,0.0,2,1986.5,3726,2.0,1074.0,712.0,0.1837735849056604,0.0,0.0,75177614.0,2.572,18.48,46.25,61.4975,11.358303130309565,-7.581824054110731,0.0,55.025,40.00780379041249,1.201783723522854,0.0,86.51204819277109,84.0,0.0,0.875,0.0,0.0,False,False,False,False,False,False,True,False,False,False,False,False,False,False,False,False,False,False,False,True,False,False,False,False,False,False,False,False,True,True,False,False
E00974,N,44,1427,1,29.711156741957563,0.0887934789372161,1879.0,1.0,0.0,1879.0,0.0,3,355.75,4091,0.0,0.0,0.0,0.0,0.0,0.0,0.0,0.0,0.0,0.0,0.0,0.0,0.0,0.0,0.0,0.0,0.0,0.0,0.0,0.0,0.0,0.0,119.0,1.0,True,False,False,False,False,True,False,False,False,False,False,False,True,False,False,False,False,True,False,True,False,False,False,False,False,False,False,False,True,False,False,True
E00975,N,44,1827,1,31.923340177960302,0.11368303154750793,2418.0,1.0,0.0,2418.0,0.0,3,608.0,3543,0.0,0.0,0.0,0.0,0.0,0.0,0.0,0.0,0.0,0.0,0.0,0.0,0.0,0.0,0.0,0.0,0.0,0.0,0.0,0.0,0.0,0.0,304.0,1.0,False,False,False,False,False,True,False,False,False,False,False,False,False,True,False,True,False,False,False,False,False,False,False,False,False,False,False,False,True,False,True,False
E00976,N,35,3395,1,23.99726214921287,0.2655715263518138,1109.0,1.0,1.0,1109.0,0.0,4,1144.5,1534,1.0,1403.0,2173.0,0.10758468335787924,0.0,0.0,63857214.0,-0.15500000000000025,17.1925,32.58,52.60333333333333,10.23787022122603,-8.679509323336315,0.0,0.0,19.469329529243936,0.4094151212553495,0.0,0.0,74.0,0.02702702702702703,0.9367088607594937,0.0,0.0,False,True,False,False,False,True,False,True,False,False,False,False,False,False,False,False,False,True,False,True,False,False,False,False,False,False,False,False,True,False,True,False
E00977,N,42,2491,1,33.99041752224504,0.16238062644633486,0.0,0.0,0.0,0.0,0.0,4,606.4,1442,2.0,764.5,1442.0,0.2932557205941389,0.0,0.0,13009816.0,6.283999999999999,18.918,54.38,62.47571428571428,15.484809607206302,-11.272090623552103,0.0,54.38,33.46887417218543,0.4821192052980132,0.0,81.51851851851852,101.0,0.0297029702970297,0.926605504587156,0.0,0.0,True,False,False,False,False,True,False,False,False,False,False,False,False,True,False,True,False,False,False,True,False,False,False,False,False,False,False,False,True,False,True,False
E00978,N,33,1199,1,21.883641341546884,0.09947524526579968,2477.0,2.0,0.0,1238.5,0.0,2,599.0,3543,0.0,0.0,0.0,0.0,0.0,0.0,0.0,0.0,0.0,0.0,0.0,0.0,0.0,0.0,0.0,0.0,0.0,0.0,0.0,0.0,0.0,0.0,252.0,1.0,False,False,False,False,True,False,False,False,False,True,False,False,False,False,False,False,False,True,False,True,False,False,False,False,False,False,False,False,True,False,True,False
E00979,N,33,3284,1,23.967145790554415,0.2724576359073279,1608.0,3.0,0.3333333333333333,536.0,0.0,3,1093.6666666666667,2082,1.0,1035.0,1077.0,0.11122107186358099,0.0,0.0,61951523.0,3.8083333333333336,20.145,61.76,59.660000000000004,22.307301495250385,-3.7713889567332934,61.76,57.43333333333334,37.29748062015504,0.23255813953488372,85.29936305732484,58.054755043227665,103.0,0.009708737864077669,0.8512396694214877,325.0,2.0,False,False,False,False,False,True,False,False,True,False,False,False,False,False,False,False,False,True,False,True,False,False,False,False,False,False,False,True,False,False,True,False
E00980,N,25,4803,1,10.324435318275153,0.5259958932238193,0.0,0.0,0.0,0.0,0.0,3,1600.0,4091,2.0,1323.0,1442.0,0.15209244222361024,0.0,0.0,22946022.0,3.447999999999999,18.944,58.26,62.74,12.454764817798312,-7.754672317988795,0.0,58.26,27.998697916666668,0.33203125,0.0,79.625,79.5,0.012578616352201259,0.9034090909090909,0.0,0.0,True,False,False,False,False,False,True,False,False,False,False,False,False,False,False,False,False,False,False,True,False,False,False,False,False,False,False,False,True,False,True,False
E00981,N,35,1519,1,24.314852840520192,0.1188227241615332,0.0,0.0,0.0,0.0,0.0,2,759.0,3726,0.0,0.0,0.0,0.0,0.0,0.0,0.0,0.0,0.0,0.0,0.0,0.0,0.0,0.0,0.0,0.0,0.0,0.0,0.0,0.0,0.0,0.0,0.0,0.0,False,False,False,False,False,True,False,False,True,False,False,False,False,False,False,False,True,False,False,True,False,False,False,False,False,False,False,False,True,False,False,True
E00982,N,30,4214,1,18.94318959616701,0.38457677389915584,0.0,0.0,0.0,0.0,0.0,1,4213.0,4403,2.0,1174.0,712.0,0.17335073564309444,0.0,0.0,33900277.0,3.5450000000000004,21.99,28.25,64.77444444444444,19.18260547417315,-5.472311981263498,28.25,54.05666666666667,-54.661764705882355,0.0,16.392857142857142,13.248091603053435,113.0,0.017699115044247787,1.0,0.0,0.0,True,False,False,False,False,False,True,False,False,False,False,False,False,False,False,False,False,False,False,True,False,False,False,False,False,False,False,False,True,False,True,False
E00983,N,36,2196,1,21.48665297741273,0.16700889801505817,0.0,0.0,0.0,0.0,0.0,2,1097.0,4913,0.0,0.0,0.0,0.0,0.0,0.0,0.0,0.0,0.0,0.0,0.0,0.0,0.0,0.0,0.0,0.0,0.0,0.0,0.0,0.0,0.0,0.0,0.0,0.0,False,False,False,False,False,False,True,False,False,False,False,False,False,False,False,False,False,False,False,True,False,False,False,False,False,False,False,False,True,False,False,True
E00984,N,33,716,1,25.338809034907598,0.059403065563229836,0.0,0.0,0.0,0.0,0.0,2,357.0,2448,0.0,0.0,0.0,0.0,0.0,0.0,0.0,0.0,0.0,0.0,0.0,0.0,0.0,0.0,0.0,0.0,0.0,0.0,0.0,0.0,0.0,0.0,0.0,0.0,False,True,False,False,False,True,False,True,False,False,False,False,False,False,False,False,True,False,False,True,False,False,False,False,False,False,False,False,True,False,True,False
E00985,Y,30,3204,0,21.95208761122519,0.2924024640657084,0.0,0.0,0.0,0.0,0.0,1,3204.0,3204,2.0,995.0,165.0,0.22799625468164794,0.0,0.0,82026656.0,10.633333333333333,25.58666666666667,89.3,77.05222222222223,13.391116250874841,4.259444375673874,89.3,90.44333333333333,10.983636363636364,0.0,7.191011235955056,8.757660167130918,101.0,0.0,0.8706896551724138,0.0,0.0,True,False,False,False,True,False,False,False,False,True,False,False,False,False,False,False,False,True,False,True,False,False,False,False,False,False,False,False,True,False,True,False
E00986,Y,39,2128,0,33.34428473648186,0.1493883711542849,2227.0,3.0,0.6666666666666666,742.3333333333334,0.0,4,531.25,256,0.0,0.0,0.0,0.0,0.0,0.0,92740699.0,5.3500000000000005,21.505,37.96,50.074444444444445,10.840180015930443,-1.8023780541277135,37.96,41.00666666666667,18.508903467666354,0.18650421743205248,12.888268156424582,20.91711229946524,96.0,0.0,0.9230769230769231,266.0,1.0,False,True,False,False,False,True,False,True,False,False,False,False,False,False,False,False,True,False,False,True,False,False,False,False,False,True,False,False,False,False,True,False
E00987,Y,31,3016,0,23.644079397672826,0.2663663862577554,423.0,1.0,0.0,423.0,0.0,4,753.25,1169,1.0,1261.0,1261.0,0.12110411140583553,2.0,272.0,80960599.0,8.586666666666666,26.53333333333333,72.46,81.35777777777778,10.98164124548077,-3.3541043887959865,72.46,73.32,21.375,0.47274436090225563,9.741573033707866,13.318559556786704,112.0,0.049107142857142856,0.896,238.0,2.0,True,False,False,False,True,False,False,False,False,False,True,False,False,False,False,False,False,False,True,True,False,False,False,False,False,False,False,False,True,False,True,False
E00988,N,42,2837,1,29.12251882272416,0.18493530197842312,0.0,0.0,0.0,0.0,0.0,3,566.4,3726,2.0,744.0,2357.0,0.2574903066619669,0.0,0.0,4673477.0,0.0,0.0,0.0,0.0,0.0,0.0,0.0,0.0,-154.0,0.0,0.0,0.0,24.0,0.0,1.0,0.0,0.0,False,True,False,False,False,True,False,False,False,False,False,False,False,False,True,True,False,False,False,True,False,False,False,False,False,False,False,False,True,False,True,False
E00989,Y,36,339,0,35.931553730321696,0.025781428245493954,1254.0,2.0,0.0,627.0,1.0,1,339.0,339,0.0,0.0,0.0,0.0,0.0,0.0,60269878.0,0.0,17.94,76.6,76.6,0.0,0.0,76.6,76.6,27.473988439306357,0.0,27.473988439306357,27.473988439306357,13.0,0.0,0.8125,0.0,0.0,False,True,False,False,False,True,False,False,False,False,False,False,False,False,False,False,True,False,False,True,False,False,False,False,False,False,False,False,True,False,True,False
E00990,Y,40,5165,0,26.704996577686515,0.3535249828884326,31.0,1.0,0.0,31.0,0.0,4,1160.6,3452,4.0,1045.0,896.0,0.282865440464666,0.0,0.0,160166331.0,11.14,27.94666666666667,94.28,86.90777777777777,11.559098989300352,4.995731344948531,94.28,94.23333333333333,-52.42818911685995,0.0,11.091891891891892,8.467213114754099,114.0,0.008771929824561403,1.0,371.0,2.0,True,False,False,False,True,False,False,False,False,False,False,False,False,False,True,False,False,False,True,True,False,False,False,False,False,False,False,False,True,True,False,False
E00991,Y,31,751,0,29.53867214236824,0.06632664326245832,334.0,1.0,0.0,334.0,0.0,2,375.0,73,0.0,0.0,0.0,0.0,0.0,0.0,58435904.0,21.813333333333333,16.536666666666665,88.34,35.545,35.230991565192525,41.98341714261943,88.34,40.98,8.071428571428571,0.0,6.818713450292398,8.071428571428571,64.5,0.0,0.8958333333333334,0.0,0.0,False,False,False,False,True,False,False,False,False,False,False,False,False,False,True,False,False,False,True,True,False,False,False,False,False,False,False,False,True,False,False,True
E00992,N,41,1887,1,30.691307323750856,0.1260079130565433,362.0,1.0,0.0,362.0,0.0,2,942.5,3178,1.0,109.0,1991.0,0.1935612082670906,0.0,0.0,54720017.0,0.0,0.0,0.0,0.0,0.0,0.0,0.0,0.0,94.06617647058823,1.7647058823529411,0.0,0.0,19.0,0.0,0.95,0.0,0.0,True,False,False,False,False,True,False,False,False,False,False,False,True,False,False,True,False,False,False,True,False,False,False,False,False,False,False,False,True,False,False,True
E00993,N,35,311,1,28.44626967830253,0.024327759851373816,0.0,0.0,0.0,0.0,0.0,1,310.0,2434,0.0,0.0,0.0,0.0,0.0,0.0,6005413.0,0.0,0.0,0.0,0.0,0.0,0.0,0.0,0.0,87.33333333333333,1.5333333333333334,0.0,0.0,16.5,0.0,0.9705882352941176,0.0,0.0,True,True,False,False,False,True,False,False,False,False,True,False,False,False,False,False,True,False,False,True,False,False,False,False,False,False,False,False,True,False,False,True
E00994,Y,35,2209,0,29.809719370294317,0.1727974968221375,0.0,0.0,0.0,0.0,1.0,3,735.6666666666666,987,1.0,165.0,165.0,0.16534631054775917,0.0,0.0,77017644.0,9.418333333333333,23.304999999999996,94.74,61.70333333333334,17.319247241147636,-1.1081965571950771,94.74,59.96333333333333,-50.866305329719964,0.0,7.939890710382514,8.844686648501362,134.0,0.029850746268656716,1.0,0.0,0.0,True,False,False,False,True,False,False,False,False,False,False,False,False,False,False,False,False,False,True,True,False,False,False,False,True,False,False,False,False,False,True,False
E00995,N,32,971,1,20.82135523613963,0.0830766598220397,1320.0,3.0,0.3333333333333333,440.0,0.0,1,970.0,4091,0.0,0.0,0.0,0.0,0.0,0.0,0.0,0.0,0.0,0.0,0.0,0.0,0.0,0.0,0.0,0.0,0.0,0.0,0.0,0.0,0.0,0.0,0.0,0.0,True,False,False,False,False,False,True,False,False,False,False,False,False,False,False,False,False,False,False,True,False,False,False,False,False,False,False,False,True,False,False,True
E00996,N,35,417,1,33.28952772073922,0.032619536520973894,766.0,2.0,0.0,383.0,0.0,1,417.0,882,0.0,0.0,0.0,0.0,0.0,0.0,38471117.0,-0.28,6.09,38.04,49.153333333333336,10.418720330891572,-20.603551912574332,0.0,44.379999999999995,-40.09,0.0,0.0,-45.51639344262295,38.0,0.15789473684210525,1.0,0.0,0.0,True,True,False,True,False,False,False,False,False,False,False,False,True,False,False,False,False,True,False,True,True,False,False,False,False,False,False,False,False,False,False,True
E00997,Y,32,1323,0,28.462696783025326,0.11319301848049282,0.0,0.0,0.0,0.0,0.0,2,661.0,804,0.0,0.0,0.0,0.0,0.0,0.0,71893156.0,6.797499999999999,24.3825,100.0,68.30142857142857,21.56194597631935,16.56699893693373,100.0,87.48333333333333,9.487616099071207,0.0,12.86021505376344,10.789473684210526,65.0,0.015384615384615385,0.9027777777777778,0.0,0.0,False,True,False,False,True,False,False,False,False,True,False,False,False,False,False,False,False,False,True,True,False,False,False,True,False,False,False,False,False,False,True,False
E00998,N,26,819,1,23.23066392881588,0.08624229979466119,502.0,1.0,0.0,502.0,0.0,1,819.0,1096,0.0,0.0,0.0,0.0,0.0,0.0,10011295.0,-0.8866666666666667,15.996666666666664,53.04,58.446666666666665,5.608759815384029,-2.680958938222498,53.04,56.38666666666666,47.32283464566929,0.847769028871391,91.30434782608695,75.57843137254902,73.0,0.0,0.8795180722891566,0.0,0.0,True,True,False,False,False,False,True,False,False,False,False,False,False,False,False,False,False,False,False,True,False,False,False,False,False,False,False,False,True,False,False,True
E00999,Y,36,4708,0,23.520876112251884,0.35805004182827593,139.0,1.0,1.0,139.0,0.0,4,1176.25,2995,2.0,1543.0,712.0,0.15516142735768904,1.0,571.0,114344910.0,7.253333333333333,28.02,77.16,86.88444444444445,11.881636157439674,2.064092853939452,77.16,88.88666666666666,-52.21029281277728,0.0,7.135135135135135,9.367292225201073,118.0,0.0,1.0,160.0,2.0,True,False,False,False,True,False,False,False,False,False,True,False,False,False,False,False,False,False,True,True,False,False,False,False,False,False,False,False,True,False,True,False
E01000,Y,37,215,0,37.20739219712526,0.0159091329522541,0.0,0.0,0.0,0.0,0.0,1,215.0,215,0.0,0.0,0.0,0.0,0.0,0.0,28504507.0,0.0,18.53,74.84,74.84,0.0,0.0,74.84,74.84,3.0210526315789474,0.0,3.0210526315789474,3.0210526315789474,23.5,0.02127659574468085,0.94,0.0,0.0,False,False,False,False,False,True,False,False,False,True,False,False,False,False,False,False,False,True,False,True,False,False,False,False,False,False,False,False,True,False,True,False
